令和７年度 教科別成績分布図（本試験）,,,,,,,,,,,,,,,,,,,,
教科名,満点,最高点,最低点,平均点,標準偏差,受験者数,得点率,５分値Ｆ１,５分値Ｆ２,５分値Ｆ３,５分値Ｆ４,,,,,,,,,
国　語,200,200,0,126.67,34.9,437209,0.6333,94,119,139,159,,,,,,,,,
点数,人数,比率（％）,,,,,,,,,,,,,,,,,,
0,25,0.01,,,,,,,,,,,,,,,,,,
1,0,0,,,,,,,,,,,,,,,,,,
2,9,0,,,,,,,,,,,,,,,,,,
3,0,0,,,,,,,,,,,,,,,,,,
4,3,0,,,,,,,,,,,,,,,,,,
5,1,0,,,,,,,,,,,,,,,,,,
6,4,0,,,,,,,,,,,,,,,,,,
7,2,0,,,,,,,,,,,,,,,,,,
8,8,0,,,,,,,,,,,,,,,,,,
9,4,0,,,,,,,,,,,,,,,,,,
10,4,0,,,,,,,,,,,,,,,,,,
11,10,0,,,,,,,,,,,,,,,,,,
12,6,0,,,,,,,,,,,,,,,,,,
13,8,0,,,,,,,,,,,,,,,,,,
14,13,0,,,,,,,,,,,,,,,,,,
15,18,0,,,,,,,,,,,,,,,,,,
16,15,0,,,,,,,,,,,,,,,,,,
17,15,0,,,,,,,,,,,,,,,,,,
18,24,0.01,,,,,,,,,,,,,,,,,,
19,26,0.01,,,,,,,,,,,,,,,,,,
20,29,0.01,,,,,,,,,,,,,,,,,,
21,27,0.01,,,,,,,,,,,,,,,,,,
22,44,0.01,,,,,,,,,,,,,,,,,,
23,32,0.01,,,,,,,,,,,,,,,,,,
24,60,0.01,,,,,,,,,,,,,,,,,,
25,48,0.01,,,,,,,,,,,,,,,,,,
26,70,0.02,,,,,,,,,,,,,,,,,,
27,113,0.03,,,,,,,,,,,,,,,,,,
28,72,0.02,,,,,,,,,,,,,,,,,,
29,123,0.03,,,,,,,,,,,,,,,,,,
30,105,0.02,,,,,,,,,,,,,,,,,,
31,126,0.03,,,,,,,,,,,,,,,,,,
32,151,0.03,,,,,,,,,,,,,,,,,,
33,158,0.04,,,,,,,,,,,,,,,,,,
34,172,0.04,,,,,,,,,,,,,,,,,,
35,194,0.04,,,,,,,,,,,,,,,,,,
36,188,0.04,,,,,,,,,,,,,,,,,,
37,237,0.05,,,,,,,,,,,,,,,,,,
38,238,0.05,,,,,,,,,,,,,,,,,,
39,282,0.06,,,,,,,,,,,,,,,,,,
40,291,0.07,,,,,,,,,,,,,,,,,,
41,324,0.07,,,,,,,,,,,,,,,,,,
42,334,0.08,,,,,,,,,,,,,,,,,,
43,344,0.08,,,,,,,,,,,,,,,,,,
44,418,0.1,*,,,,,,,,,,,,,,,,,
45,445,0.1,*,,,,,,,,,,,,,,,,,
46,444,0.1,*,,,,,,,,,,,,,,,,,
47,505,0.12,*,,,,,,,,,,,,,,,,,
48,556,0.13,*,,,,,,,,,,,,,,,,,
49,572,0.13,*,,,,,,,,,,,,,,,,,
50,555,0.13,*,,,,,,,,,,,,,,,,,
51,661,0.15,*,,,,,,,,,,,,,,,,,
52,642,0.15,*,,,,,,,,,,,,,,,,,
53,723,0.17,*,,,,,,,,,,,,,,,,,
54,769,0.18,*,,,,,,,,,,,,,,,,,
55,771,0.18,*,,,,,,,,,,,,,,,,,
56,860,0.2,*,,,,,,,,,,,,,,,,,
57,900,0.21,*,,,,,,,,,,,,,,,,,
58,954,0.22,*,,,,,,,,,,,,,,,,,
59,992,0.23,*,,,,,,,,,,,,,,,,,
60,1012,0.23,*,,,,,,,,,,,,,,,,,
61,1095,0.25,**,,,,,,,,,,,,,,,,,
62,1177,0.27,**,,,,,,,,,,,,,,,,,
63,1144,0.26,**,,,,,,,,,,,,,,,,,
64,1357,0.31,**,,,,,,,,,,,,,,,,,
65,1289,0.29,**,,,,,,,,,,,,,,,,,
66,1367,0.31,**,,,,,,,,,,,,,,,,,
67,1473,0.34,**,,,,,,,,,,,,,,,,,
68,1543,0.35,**,,,,,,,,,,,,,,,,,
69,1597,0.37,**,,,,,,,,,,,,,,,,,
70,1617,0.37,**,,,,,,,,,,,,,,,,,
71,1596,0.37,**,,,,,,,,,,,,,,,,,
72,1706,0.39,**,,,,,,,,,,,,,,,,,
73,1841,0.42,***,,,,,,,,,,,,,,,,,
74,1930,0.44,***,,,,,,,,,,,,,,,,,
75,1996,0.46,***,,,,,,,,,,,,,,,,,
76,1990,0.46,***,,,,,,,,,,,,,,,,,
77,2181,0.5,***,,,,,,,,,,,,,,,,,
78,2169,0.5,***,,,,,,,,,,,,,,,,,
79,2242,0.51,***,,,,,,,,,,,,,,,,,
80,2311,0.53,***,,,,,,,,,,,,,,,,,
81,2301,0.53,***,,,,,,,,,,,,,,,,,
82,2506,0.57,***,,,,,,,,,,,,,,,,,
83,2378,0.54,***,,,,,,,,,,,,,,,,,
84,2547,0.58,***,,,,,,,,,,,,,,,,,
85,2504,0.57,***,,,,,,,,,,,,,,,,,
86,2617,0.6,****,,,,,,,,,,,,,,,,,
87,2859,0.65,****,,,,,,,,,,,,,,,,,
88,2726,0.62,****,,,,,,,,,,,,,,,,,
89,2804,0.64,****,,,,,,,,,,,,,,,,,
90,2698,0.62,****,,,,,,,,,,,,,,,,,
91,2879,0.66,****,,,,,,,,,,,,,,,,,
92,2924,0.67,****,,,,,,,,,,,,,,,,,
93,2914,0.67,****,,,,,,,,,,,,,,,,,
94,3124,0.71,****,,,,,,,,,,,,,,,,,
95,3076,0.7,****,,,,,,,,,,,,,,,,,
96,3135,0.72,****,,,,,,,,,,,,,,,,,
97,3094,0.71,****,,,,,,,,,,,,,,,,,
98,3218,0.74,****,,,,,,,,,,,,,,,,,
99,3323,0.76,*****,,,,,,,,,,,,,,,,,
100,3259,0.75,****,,,,,,,,,,,,,,,,,
101,3385,0.77,*****,,,,,,,,,,,,,,,,,
102,3351,0.77,*****,,,,,,,,,,,,,,,,,
103,3475,0.79,*****,,,,,,,,,,,,,,,,,
104,3343,0.76,*****,,,,,,,,,,,,,,,,,
105,3570,0.82,*****,,,,,,,,,,,,,,,,,
106,3523,0.81,*****,,,,,,,,,,,,,,,,,
107,3527,0.81,*****,,,,,,,,,,,,,,,,,
108,3544,0.81,*****,,,,,,,,,,,,,,,,,
109,3569,0.82,*****,,,,,,,,,,,,,,,,,
110,3681,0.84,*****,,,,,,,,,,,,,,,,,
111,3696,0.85,*****,,,,,,,,,,,,,,,,,
112,3745,0.86,*****,,,,,,,,,,,,,,,,,
113,3776,0.86,*****,,,,,,,,,,,,,,,,,
114,3780,0.86,*****,,,,,,,,,,,,,,,,,
115,3811,0.87,*****,,,,,,,,,,,,,,,,,
116,3864,0.88,*****,,,,,,,,,,,,,,,,,
117,3817,0.87,*****,,,,,,,,,,,,,,,,,
118,3895,0.89,*****,,,,,,,,,,,,,,,,,
119,3945,0.9,*****,,,,,,,,,,,,,,,,,
120,4100,0.94,******,,,,,,,,,,,,,,,,,
121,4036,0.92,******,,,,,,,,,,,,,,,,,
122,4128,0.94,******,,,,,,,,,,,,,,,,,
123,4173,0.95,******,,,,,,,,,,,,,,,,,
124,4040,0.92,******,,,,,,,,,,,,,,,,,
125,4126,0.94,******,,,,,,,,,,,,,,,,,
126,4212,0.96,******,,,,,,,,,,,,,,,,,
127,4357,1,******,,,,,,,,,,,,,,,,,
128,4286,0.98,******,,,,,,,,,,,,,,,,,
129,4285,0.98,******,,,,,,,,,,,,,,,,,
130,4237,0.97,******,,,,,,,,,,,,,,,,,
131,4267,0.98,******,,,,,,,,,,,,,,,,,
132,4377,1,******,,,,,,,,,,,,,,,,,
133,4456,1.02,******,,,,,,,,,,,,,,,,,
134,4356,1,******,,,,,,,,,,,,,,,,,
135,4299,0.98,******,,,,,,,,,,,,,,,,,
136,4373,1,******,,,,,,,,,,,,,,,,,
137,4293,0.98,******,,,,,,,,,,,,,,,,,
138,4422,1.01,******,,,,,,,,,,,,,,,,,
139,4461,1.02,******,,,,,,,,,,,,,,,,,
140,4466,1.02,******,,,,,,,,,,,,,,,,,
141,4412,1.01,******,,,,,,,,,,,,,,,,,
142,4487,1.03,******,,,,,,,,,,,,,,,,,
143,4450,1.02,******,,,,,,,,,,,,,,,,,
144,4524,1.03,******,,,,,,,,,,,,,,,,,
145,4499,1.03,******,,,,,,,,,,,,,,,,,
146,4605,1.05,******,,,,,,,,,,,,,,,,,
147,4425,1.01,******,,,,,,,,,,,,,,,,,
148,4470,1.02,******,,,,,,,,,,,,,,,,,
149,4477,1.02,******,,,,,,,,,,,,,,,,,
150,4525,1.03,******,,,,,,,,,,,,,,,,,
151,4506,1.03,******,,,,,,,,,,,,,,,,,
152,4479,1.02,******,,,,,,,,,,,,,,,,,
153,4479,1.02,******,,,,,,,,,,,,,,,,,
154,4553,1.04,******,,,,,,,,,,,,,,,,,
155,4401,1.01,******,,,,,,,,,,,,,,,,,
156,4416,1.01,******,,,,,,,,,,,,,,,,,
157,4387,1,******,,,,,,,,,,,,,,,,,
158,4380,1,******,,,,,,,,,,,,,,,,,
159,4305,0.98,******,,,,,,,,,,,,,,,,,
160,4365,1,******,,,,,,,,,,,,,,,,,
161,4146,0.95,******,,,,,,,,,,,,,,,,,
162,4064,0.93,******,,,,,,,,,,,,,,,,,
163,4164,0.95,******,,,,,,,,,,,,,,,,,
164,4001,0.92,*****,,,,,,,,,,,,,,,,,
165,4094,0.94,******,,,,,,,,,,,,,,,,,
166,3925,0.9,*****,,,,,,,,,,,,,,,,,
167,3863,0.88,*****,,,,,,,,,,,,,,,,,
168,3640,0.83,*****,,,,,,,,,,,,,,,,,
169,3574,0.82,*****,,,,,,,,,,,,,,,,,
170,3462,0.79,*****,,,,,,,,,,,,,,,,,
171,3375,0.77,*****,,,,,,,,,,,,,,,,,
172,3326,0.76,*****,,,,,,,,,,,,,,,,,
173,3137,0.72,****,,,,,,,,,,,,,,,,,
174,3080,0.7,****,,,,,,,,,,,,,,,,,
175,3070,0.7,****,,,,,,,,,,,,,,,,,
176,2557,0.58,****,,,,,,,,,,,,,,,,,
177,2560,0.59,****,,,,,,,,,,,,,,,,,
178,2499,0.57,***,,,,,,,,,,,,,,,,,
179,2451,0.56,***,,,,,,,,,,,,,,,,,
180,2318,0.53,***,,,,,,,,,,,,,,,,,
181,1855,0.42,***,,,,,,,,,,,,,,,,,
182,1902,0.44,***,,,,,,,,,,,,,,,,,
183,1281,0.29,**,,,,,,,,,,,,,,,,,
184,1473,0.34,**,,,,,,,,,,,,,,,,,
185,1642,0.38,**,,,,,,,,,,,,,,,,,
186,1170,0.27,**,,,,,,,,,,,,,,,,,
187,1413,0.32,**,,,,,,,,,,,,,,,,,
188,759,0.17,*,,,,,,,,,,,,,,,,,
189,833,0.19,*,,,,,,,,,,,,,,,,,
190,421,0.1,*,,,,,,,,,,,,,,,,,
191,551,0.13,*,,,,,,,,,,,,,,,,,
192,693,0.16,*,,,,,,,,,,,,,,,,,
193,310,0.07,,,,,,,,,,,,,,,,,,
194,556,0.13,*,,,,,,,,,,,,,,,,,
195,193,0.04,,,,,,,,,,,,,,,,,,
196,30,0.01,,,,,,,,,,,,,,,,,,
197,99,0.02,,,,,,,,,,,,,,,,,,
198,143,0.03,,,,,,,,,,,,,,,,,,
199,0,0,,,,,,,,,,,,,,,,,,
200,144,0.03,,,,,,,,,,,,,,,,,,
令和７年度 科目別成績分布図（本試験）,,,,,,,,,,,,,,,,,,,,
科目名,満点,最高点,最低点,平均点,標準偏差,受験者数,得点率,５分値Ｆ１,５分値Ｆ２,５分値Ｆ３,５分値Ｆ４,１段階,２段階,３段階,４段階,５段階,６段階,７段階,８段階,９段階
国語,200,200,0,126.67,34.9,437209,0.6333,94,119,139,159,0～61,62～79,80～98,99～119,120～139,140～156,157～168,169～179,180～200
点数,人数,比率（％）,,,,,,,,,,,,,,,,,,
１段階,16831,3.849646,,,,,,,,,,,,,,,,,,
0,25,0.01,,,,,,,,,,,,,,,,,,
1,0,0,,,,,,,,,,,,,,,,,,
2,9,0,,,,,,,,,,,,,,,,,,
3,0,0,,,,,,,,,,,,,,,,,,
4,3,0,,,,,,,,,,,,,,,,,,
5,1,0,,,,,,,,,,,,,,,,,,
6,4,0,,,,,,,,,,,,,,,,,,
7,2,0,,,,,,,,,,,,,,,,,,
8,8,0,,,,,,,,,,,,,,,,,,
9,4,0,,,,,,,,,,,,,,,,,,
10,4,0,,,,,,,,,,,,,,,,,,
11,10,0,,,,,,,,,,,,,,,,,,
12,6,0,,,,,,,,,,,,,,,,,,
13,8,0,,,,,,,,,,,,,,,,,,
14,13,0,,,,,,,,,,,,,,,,,,
15,18,0,,,,,,,,,,,,,,,,,,
16,15,0,,,,,,,,,,,,,,,,,,
17,15,0,,,,,,,,,,,,,,,,,,
18,24,0.01,,,,,,,,,,,,,,,,,,
19,26,0.01,,,,,,,,,,,,,,,,,,
20,29,0.01,,,,,,,,,,,,,,,,,,
21,27,0.01,,,,,,,,,,,,,,,,,,
22,44,0.01,,,,,,,,,,,,,,,,,,
23,32,0.01,,,,,,,,,,,,,,,,,,
24,60,0.01,,,,,,,,,,,,,,,,,,
25,48,0.01,,,,,,,,,,,,,,,,,,
26,70,0.02,,,,,,,,,,,,,,,,,,
27,113,0.03,,,,,,,,,,,,,,,,,,
28,72,0.02,,,,,,,,,,,,,,,,,,
29,123,0.03,,,,,,,,,,,,,,,,,,
30,105,0.02,,,,,,,,,,,,,,,,,,
31,126,0.03,,,,,,,,,,,,,,,,,,
32,151,0.03,,,,,,,,,,,,,,,,,,
33,158,0.04,,,,,,,,,,,,,,,,,,
34,172,0.04,,,,,,,,,,,,,,,,,,
35,194,0.04,,,,,,,,,,,,,,,,,,
36,188,0.04,,,,,,,,,,,,,,,,,,
37,237,0.05,,,,,,,,,,,,,,,,,,
38,238,0.05,,,,,,,,,,,,,,,,,,
39,282,0.06,,,,,,,,,,,,,,,,,,
40,291,0.07,,,,,,,,,,,,,,,,,,
41,324,0.07,,,,,,,,,,,,,,,,,,
42,334,0.08,,,,,,,,,,,,,,,,,,
43,344,0.08,,,,,,,,,,,,,,,,,,
44,418,0.1,*,,,,,,,,,,,,,,,,,
45,445,0.1,*,,,,,,,,,,,,,,,,,
46,444,0.1,*,,,,,,,,,,,,,,,,,
47,505,0.12,*,,,,,,,,,,,,,,,,,
48,556,0.13,*,,,,,,,,,,,,,,,,,
49,572,0.13,*,,,,,,,,,,,,,,,,,
50,555,0.13,*,,,,,,,,,,,,,,,,,
51,661,0.15,*,,,,,,,,,,,,,,,,,
52,642,0.15,*,,,,,,,,,,,,,,,,,
53,723,0.17,*,,,,,,,,,,,,,,,,,
54,769,0.18,*,,,,,,,,,,,,,,,,,
55,771,0.18,*,,,,,,,,,,,,,,,,,
56,860,0.2,*,,,,,,,,,,,,,,,,,
57,900,0.21,*,,,,,,,,,,,,,,,,,
58,954,0.22,*,,,,,,,,,,,,,,,,,
59,992,0.23,*,,,,,,,,,,,,,,,,,
60,1012,0.23,*,,,,,,,,,,,,,,,,,
61,1095,0.25,**,,,,,,,,,,,,,,,,,
２段階,30215,6.910882,,,,,,,,,,,,,,,,,,
62,1177,0.27,**,,,,,,,,,,,,,,,,,
63,1144,0.26,**,,,,,,,,,,,,,,,,,
64,1357,0.31,**,,,,,,,,,,,,,,,,,
65,1289,0.29,**,,,,,,,,,,,,,,,,,
66,1367,0.31,**,,,,,,,,,,,,,,,,,
67,1473,0.34,**,,,,,,,,,,,,,,,,,
68,1543,0.35,**,,,,,,,,,,,,,,,,,
69,1597,0.37,**,,,,,,,,,,,,,,,,,
70,1617,0.37,**,,,,,,,,,,,,,,,,,
71,1596,0.37,**,,,,,,,,,,,,,,,,,
72,1706,0.39,**,,,,,,,,,,,,,,,,,
73,1841,0.42,***,,,,,,,,,,,,,,,,,
74,1930,0.44,***,,,,,,,,,,,,,,,,,
75,1996,0.46,***,,,,,,,,,,,,,,,,,
76,1990,0.46,***,,,,,,,,,,,,,,,,,
77,2181,0.5,***,,,,,,,,,,,,,,,,,
78,2169,0.5,***,,,,,,,,,,,,,,,,,
79,2242,0.51,***,,,,,,,,,,,,,,,,,
３段階,52615,12.03429,,,,,,,,,,,,,,,,,,
80,2311,0.53,***,,,,,,,,,,,,,,,,,
81,2301,0.53,***,,,,,,,,,,,,,,,,,
82,2506,0.57,***,,,,,,,,,,,,,,,,,
83,2378,0.54,***,,,,,,,,,,,,,,,,,
84,2547,0.58,***,,,,,,,,,,,,,,,,,
85,2504,0.57,***,,,,,,,,,,,,,,,,,
86,2617,0.6,****,,,,,,,,,,,,,,,,,
87,2859,0.65,****,,,,,,,,,,,,,,,,,
88,2726,0.62,****,,,,,,,,,,,,,,,,,
89,2804,0.64,****,,,,,,,,,,,,,,,,,
90,2698,0.62,****,,,,,,,,,,,,,,,,,
91,2879,0.66,****,,,,,,,,,,,,,,,,,
92,2924,0.67,****,,,,,,,,,,,,,,,,,
93,2914,0.67,****,,,,,,,,,,,,,,,,,
94,3124,0.71,****,,,,,,,,,,,,,,,,,
95,3076,0.7,****,,,,,,,,,,,,,,,,,
96,3135,0.72,****,,,,,,,,,,,,,,,,,
97,3094,0.71,****,,,,,,,,,,,,,,,,,
98,3218,0.74,****,,,,,,,,,,,,,,,,,
４段階,75879,17.355315,,,,,,,,,,,,,,,,,,
99,3323,0.76,*****,,,,,,,,,,,,,,,,,
100,3259,0.75,****,,,,,,,,,,,,,,,,,
101,3385,0.77,*****,,,,,,,,,,,,,,,,,
102,3351,0.77,*****,,,,,,,,,,,,,,,,,
103,3475,0.79,*****,,,,,,,,,,,,,,,,,
104,3343,0.76,*****,,,,,,,,,,,,,,,,,
105,3570,0.82,*****,,,,,,,,,,,,,,,,,
106,3523,0.81,*****,,,,,,,,,,,,,,,,,
107,3527,0.81,*****,,,,,,,,,,,,,,,,,
108,3544,0.81,*****,,,,,,,,,,,,,,,,,
109,3569,0.82,*****,,,,,,,,,,,,,,,,,
110,3681,0.84,*****,,,,,,,,,,,,,,,,,
111,3696,0.85,*****,,,,,,,,,,,,,,,,,
112,3745,0.86,*****,,,,,,,,,,,,,,,,,
113,3776,0.86,*****,,,,,,,,,,,,,,,,,
114,3780,0.86,*****,,,,,,,,,,,,,,,,,
115,3811,0.87,*****,,,,,,,,,,,,,,,,,
116,3864,0.88,*****,,,,,,,,,,,,,,,,,
117,3817,0.87,*****,,,,,,,,,,,,,,,,,
118,3895,0.89,*****,,,,,,,,,,,,,,,,,
119,3945,0.9,*****,,,,,,,,,,,,,,,,,
５段階,85284,19.50646,,,,,,,,,,,,,,,,,,
120,4100,0.94,******,,,,,,,,,,,,,,,,,
121,4036,0.92,******,,,,,,,,,,,,,,,,,
122,4128,0.94,******,,,,,,,,,,,,,,,,,
123,4173,0.95,******,,,,,,,,,,,,,,,,,
124,4040,0.92,******,,,,,,,,,,,,,,,,,
125,4126,0.94,******,,,,,,,,,,,,,,,,,
126,4212,0.96,******,,,,,,,,,,,,,,,,,
127,4357,1,******,,,,,,,,,,,,,,,,,
128,4286,0.98,******,,,,,,,,,,,,,,,,,
129,4285,0.98,******,,,,,,,,,,,,,,,,,
130,4237,0.97,******,,,,,,,,,,,,,,,,,
131,4267,0.98,******,,,,,,,,,,,,,,,,,
132,4377,1,******,,,,,,,,,,,,,,,,,
133,4456,1.02,******,,,,,,,,,,,,,,,,,
134,4356,1,******,,,,,,,,,,,,,,,,,
135,4299,0.98,******,,,,,,,,,,,,,,,,,
136,4373,1,******,,,,,,,,,,,,,,,,,
137,4293,0.98,******,,,,,,,,,,,,,,,,,
138,4422,1.01,******,,,,,,,,,,,,,,,,,
139,4461,1.02,******,,,,,,,,,,,,,,,,,
６段階,76174,17.422788,,,,,,,,,,,,,,,,,,
140,4466,1.02,******,,,,,,,,,,,,,,,,,
141,4412,1.01,******,,,,,,,,,,,,,,,,,
142,4487,1.03,******,,,,,,,,,,,,,,,,,
143,4450,1.02,******,,,,,,,,,,,,,,,,,
144,4524,1.03,******,,,,,,,,,,,,,,,,,
145,4499,1.03,******,,,,,,,,,,,,,,,,,
146,4605,1.05,******,,,,,,,,,,,,,,,,,
147,4425,1.01,******,,,,,,,,,,,,,,,,,
148,4470,1.02,******,,,,,,,,,,,,,,,,,
149,4477,1.02,******,,,,,,,,,,,,,,,,,
150,4525,1.03,******,,,,,,,,,,,,,,,,,
151,4506,1.03,******,,,,,,,,,,,,,,,,,
152,4479,1.02,******,,,,,,,,,,,,,,,,,
153,4479,1.02,******,,,,,,,,,,,,,,,,,
154,4553,1.04,******,,,,,,,,,,,,,,,,,
155,4401,1.01,******,,,,,,,,,,,,,,,,,
156,4416,1.01,******,,,,,,,,,,,,,,,,,
７段階,49334,11.283848,,,,,,,,,,,,,,,,,,
157,4387,1,******,,,,,,,,,,,,,,,,,
158,4380,1,******,,,,,,,,,,,,,,,,,
159,4305,0.98,******,,,,,,,,,,,,,,,,,
160,4365,1,******,,,,,,,,,,,,,,,,,
161,4146,0.95,******,,,,,,,,,,,,,,,,,
162,4064,0.93,******,,,,,,,,,,,,,,,,,
163,4164,0.95,******,,,,,,,,,,,,,,,,,
164,4001,0.92,*****,,,,,,,,,,,,,,,,,
165,4094,0.94,******,,,,,,,,,,,,,,,,,
166,3925,0.9,*****,,,,,,,,,,,,,,,,,
167,3863,0.88,*****,,,,,,,,,,,,,,,,,
168,3640,0.83,*****,,,,,,,,,,,,,,,,,
８段階,33091,7.568691,,,,,,,,,,,,,,,,,,
169,3574,0.82,*****,,,,,,,,,,,,,,,,,
170,3462,0.79,*****,,,,,,,,,,,,,,,,,
171,3375,0.77,*****,,,,,,,,,,,,,,,,,
172,3326,0.76,*****,,,,,,,,,,,,,,,,,
173,3137,0.72,****,,,,,,,,,,,,,,,,,
174,3080,0.7,****,,,,,,,,,,,,,,,,,
175,3070,0.7,****,,,,,,,,,,,,,,,,,
176,2557,0.58,****,,,,,,,,,,,,,,,,,
177,2560,0.59,****,,,,,,,,,,,,,,,,,
178,2499,0.57,***,,,,,,,,,,,,,,,,,
179,2451,0.56,***,,,,,,,,,,,,,,,,,
９段階,17786,4.068077,,,,,,,,,,,,,,,,,,
180,2318,0.53,***,,,,,,,,,,,,,,,,,
181,1855,0.42,***,,,,,,,,,,,,,,,,,
182,1902,0.44,***,,,,,,,,,,,,,,,,,
183,1281,0.29,**,,,,,,,,,,,,,,,,,
184,1473,0.34,**,,,,,,,,,,,,,,,,,
185,1642,0.38,**,,,,,,,,,,,,,,,,,
186,1170,0.27,**,,,,,,,,,,,,,,,,,
187,1413,0.32,**,,,,,,,,,,,,,,,,,
188,759,0.17,*,,,,,,,,,,,,,,,,,
189,833,0.19,*,,,,,,,,,,,,,,,,,
190,421,0.1,*,,,,,,,,,,,,,,,,,
191,551,0.13,*,,,,,,,,,,,,,,,,,
192,693,0.16,*,,,,,,,,,,,,,,,,,
193,310,0.07,,,,,,,,,,,,,,,,,,
194,556,0.13,*,,,,,,,,,,,,,,,,,
195,193,0.04,,,,,,,,,,,,,,,,,,
196,30,0.01,,,,,,,,,,,,,,,,,,
197,99,0.02,,,,,,,,,,,,,,,,,,
198,143,0.03,,,,,,,,,,,,,,,,,,
199,0,0,,,,,,,,,,,,,,,,,,
200,144,0.03,,,,,,,,,,,,,,,,,,
令和７年度 教科別成績分布図（本試験）,,,,,,,,,,,,,,,,,,,,
教科名,満点,最高点,最低点,平均点,標準偏差,受験者数,得点率,５分値Ｆ１,５分値Ｆ２,５分値Ｆ３,５分値Ｆ４,,,,,,,,,
地理歴史,100,100,0,59.85,16.76,348919,0.5985,45,55,64,75,,,,,,,,,
点数,人数,比率（％）,,,,,,,,,,,,,,,,,,
0,51,0.01,,,,,,,,,,,,,,,,,,
1,0,0,,,,,,,,,,,,,,,,,,
2,0,0,,,,,,,,,,,,,,,,,,
3,13,0,,,,,,,,,,,,,,,,,,
4,0,0,,,,,,,,,,,,,,,,,,
5,1,0,,,,,,,,,,,,,,,,,,
6,33,0.01,,,,,,,,,,,,,,,,,,
7,9,0,,,,,,,,,,,,,,,,,,
8,5,0,,,,,,,,,,,,,,,,,,
9,59,0.02,,,,,,,,,,,,,,,,,,
10,36,0.01,,,,,,,,,,,,,,,,,,
11,18,0.01,,,,,,,,,,,,,,,,,,
12,141,0.04,,,,,,,,,,,,,,,,,,
13,97,0.03,,,,,,,,,,,,,,,,,,
14,64,0.02,,,,,,,,,,,,,,,,,,
15,297,0.09,*,,,,,,,,,,,,,,,,,
16,222,0.06,,,,,,,,,,,,,,,,,,
17,194,0.06,,,,,,,,,,,,,,,,,,
18,500,0.14,*,,,,,,,,,,,,,,,,,
19,422,0.12,*,,,,,,,,,,,,,,,,,
20,331,0.09,*,,,,,,,,,,,,,,,,,
21,819,0.23,*,,,,,,,,,,,,,,,,,
22,683,0.2,*,,,,,,,,,,,,,,,,,
23,570,0.16,*,,,,,,,,,,,,,,,,,
24,1138,0.33,**,,,,,,,,,,,,,,,,,
25,1056,0.3,**,,,,,,,,,,,,,,,,,
26,911,0.26,**,,,,,,,,,,,,,,,,,
27,1804,0.52,***,,,,,,,,,,,,,,,,,
28,1553,0.45,***,,,,,,,,,,,,,,,,,
29,1166,0.33,**,,,,,,,,,,,,,,,,,
30,2419,0.69,****,,,,,,,,,,,,,,,,,
31,2326,0.67,****,,,,,,,,,,,,,,,,,
32,1506,0.43,***,,,,,,,,,,,,,,,,,
33,3149,0.9,*****,,,,,,,,,,,,,,,,,
34,3348,0.96,******,,,,,,,,,,,,,,,,,
35,1871,0.54,***,,,,,,,,,,,,,,,,,
36,3788,1.09,*******,,,,,,,,,,,,,,,,,
37,4604,1.32,********,,,,,,,,,,,,,,,,,
38,2310,0.66,****,,,,,,,,,,,,,,,,,
39,4522,1.3,********,,,,,,,,,,,,,,,,,
40,5969,1.71,**********,,,,,,,,,,,,,,,,,
41,2527,0.72,****,,,,,,,,,,,,,,,,,
42,4805,1.38,********,,,,,,,,,,,,,,,,,
43,7683,2.2,*************,,,,,,,,,,,,,,,,,
44,2972,0.85,*****,,,,,,,,,,,,,,,,,
45,5342,1.53,*********,,,,,,,,,,,,,,,,,
46,9313,2.67,****************,,,,,,,,,,,,,,,,,
47,3505,1,******,,,,,,,,,,,,,,,,,
48,5351,1.53,*********,,,,,,,,,,,,,,,,,
49,10354,2.97,******************,,,,,,,,,,,,,,,,,
50,4025,1.15,*******,,,,,,,,,,,,,,,,,
51,5441,1.56,*********,,,,,,,,,,,,,,,,,
52,11432,3.28,********************,,,,,,,,,,,,,,,,,
53,4519,1.3,********,,,,,,,,,,,,,,,,,
54,5389,1.54,*********,,,,,,,,,,,,,,,,,
55,11610,3.33,********************,,,,,,,,,,,,,,,,,
56,5175,1.48,*********,,,,,,,,,,,,,,,,,
57,5458,1.56,*********,,,,,,,,,,,,,,,,,
58,11717,3.36,********************,,,,,,,,,,,,,,,,,
59,5491,1.57,*********,,,,,,,,,,,,,,,,,
60,5573,1.6,**********,,,,,,,,,,,,,,,,,
61,11563,3.31,********************,,,,,,,,,,,,,,,,,
62,5513,1.58,*********,,,,,,,,,,,,,,,,,
63,5892,1.69,**********,,,,,,,,,,,,,,,,,
64,10871,3.12,*******************,,,,,,,,,,,,,,,,,
65,5387,1.54,*********,,,,,,,,,,,,,,,,,
66,5851,1.68,**********,,,,,,,,,,,,,,,,,
67,10581,3.03,******************,,,,,,,,,,,,,,,,,
68,4814,1.38,********,,,,,,,,,,,,,,,,,
69,5935,1.7,**********,,,,,,,,,,,,,,,,,
70,10139,2.91,*****************,,,,,,,,,,,,,,,,,
71,4117,1.18,*******,,,,,,,,,,,,,,,,,
72,5552,1.59,**********,,,,,,,,,,,,,,,,,
73,9960,2.85,*****************,,,,,,,,,,,,,,,,,
74,3672,1.05,******,,,,,,,,,,,,,,,,,
75,4614,1.32,********,,,,,,,,,,,,,,,,,
76,9189,2.63,****************,,,,,,,,,,,,,,,,,
77,3488,1,******,,,,,,,,,,,,,,,,,
78,3618,1.04,******,,,,,,,,,,,,,,,,,
79,8121,2.33,**************,,,,,,,,,,,,,,,,,
80,3437,0.99,******,,,,,,,,,,,,,,,,,
81,2863,0.82,*****,,,,,,,,,,,,,,,,,
82,6546,1.88,***********,,,,,,,,,,,,,,,,,
83,3126,0.9,*****,,,,,,,,,,,,,,,,,
84,2445,0.7,****,,,,,,,,,,,,,,,,,
85,4736,1.36,********,,,,,,,,,,,,,,,,,
86,2454,0.7,****,,,,,,,,,,,,,,,,,
87,2250,0.64,****,,,,,,,,,,,,,,,,,
88,3534,1.01,******,,,,,,,,,,,,,,,,,
89,1560,0.45,***,,,,,,,,,,,,,,,,,
90,2007,0.58,***,,,,,,,,,,,,,,,,,
91,2519,0.72,****,,,,,,,,,,,,,,,,,
92,708,0.2,*,,,,,,,,,,,,,,,,,
93,1592,0.46,***,,,,,,,,,,,,,,,,,
94,1698,0.49,***,,,,,,,,,,,,,,,,,
95,220,0.06,,,,,,,,,,,,,,,,,,
96,1018,0.29,**,,,,,,,,,,,,,,,,,
97,961,0.28,**,,,,,,,,,,,,,,,,,
98,119,0.03,,,,,,,,,,,,,,,,,,
99,0,0,,,,,,,,,,,,,,,,,,
100,562,0.16,*,,,,,,,,,,,,,,,,,
令和７年度 科目別成績分布図（本試験）,,,,,,,,,,,,,,,,,,,,
科目名,満点,最高点,最低点,平均点,標準偏差,受験者数,得点率,５分値Ｆ１,５分値Ｆ２,５分値Ｆ３,５分値Ｆ４,１段階,２段階,３段階,４段階,５段階,６段階,７段階,８段階,９段階
地理総合，地理探究,100,100,0,57.48,15.85,125622,0.5748,43,53,62,71,0～28,29～36,37～44,45～53,54～61,62～69,70～76,77～83,84～100
点数,人数,比率（％）,,,,,,,,,,,,,,,,,,
１段階,4625,3.681679,,,,,,,,,,,,,,,,,,
0,16,0.01,,,,,,,,,,,,,,,,,,
1,0,0,,,,,,,,,,,,,,,,,,
2,0,0,,,,,,,,,,,,,,,,,,
3,7,0.01,,,,,,,,,,,,,,,,,,
4,0,0,,,,,,,,,,,,,,,,,,
5,0,0,,,,,,,,,,,,,,,,,,
6,16,0.01,,,,,,,,,,,,,,,,,,
7,7,0.01,,,,,,,,,,,,,,,,,,
8,1,0,,,,,,,,,,,,,,,,,,
9,20,0.02,,,,,,,,,,,,,,,,,,
10,26,0.02,,,,,,,,,,,,,,,,,,
11,6,0,,,,,,,,,,,,,,,,,,
12,49,0.04,,,,,,,,,,,,,,,,,,
13,69,0.05,,,,,,,,,,,,,,,,,,
14,37,0.03,,,,,,,,,,,,,,,,,,
15,84,0.07,,,,,,,,,,,,,,,,,,
16,148,0.12,*,,,,,,,,,,,,,,,,,
17,127,0.1,*,,,,,,,,,,,,,,,,,
18,137,0.11,*,,,,,,,,,,,,,,,,,
19,252,0.2,*,,,,,,,,,,,,,,,,,
20,215,0.17,*,,,,,,,,,,,,,,,,,
21,190,0.15,*,,,,,,,,,,,,,,,,,
22,364,0.29,**,,,,,,,,,,,,,,,,,
23,401,0.32,**,,,,,,,,,,,,,,,,,
24,285,0.23,*,,,,,,,,,,,,,,,,,
25,473,0.38,**,,,,,,,,,,,,,,,,,
26,644,0.51,***,,,,,,,,,,,,,,,,,
27,495,0.39,**,,,,,,,,,,,,,,,,,
28,556,0.44,***,,,,,,,,,,,,,,,,,
２段階,8326,6.627819,,,,,,,,,,,,,,,,,,
29,827,0.66,****,,,,,,,,,,,,,,,,,
30,817,0.65,****,,,,,,,,,,,,,,,,,
31,750,0.6,****,,,,,,,,,,,,,,,,,
32,1076,0.86,*****,,,,,,,,,,,,,,,,,
33,1116,0.89,*****,,,,,,,,,,,,,,,,,
34,976,0.78,*****,,,,,,,,,,,,,,,,,
35,1315,1.05,******,,,,,,,,,,,,,,,,,
36,1449,1.15,*******,,,,,,,,,,,,,,,,,
３段階,13850,11.025138,,,,,,,,,,,,,,,,,,
37,1271,1.01,******,,,,,,,,,,,,,,,,,
38,1536,1.22,*******,,,,,,,,,,,,,,,,,
39,1868,1.49,*********,,,,,,,,,,,,,,,,,
40,1551,1.23,*******,,,,,,,,,,,,,,,,,
41,1641,1.31,********,,,,,,,,,,,,,,,,,
42,2108,1.68,**********,,,,,,,,,,,,,,,,,
43,2021,1.61,**********,,,,,,,,,,,,,,,,,
44,1854,1.48,*********,,,,,,,,,,,,,,,,,
４段階,23422,18.644823,,,,,,,,,,,,,,,,,,
45,2524,2.01,************,,,,,,,,,,,,,,,,,
46,2509,2,************,,,,,,,,,,,,,,,,,
47,2125,1.69,**********,,,,,,,,,,,,,,,,,
48,2541,2.02,************,,,,,,,,,,,,,,,,,
49,2863,2.28,**************,,,,,,,,,,,,,,,,,
50,2383,1.9,***********,,,,,,,,,,,,,,,,,
51,2482,1.98,************,,,,,,,,,,,,,,,,,
52,3207,2.55,***************,,,,,,,,,,,,,,,,,
53,2788,2.22,*************,,,,,,,,,,,,,,,,,
５段階,22749,18.109089,,,,,,,,,,,,,,,,,,
54,2432,1.94,************,,,,,,,,,,,,,,,,,
55,3085,2.46,***************,,,,,,,,,,,,,,,,,
56,3083,2.45,***************,,,,,,,,,,,,,,,,,
57,2484,1.98,************,,,,,,,,,,,,,,,,,
58,3021,2.4,**************,,,,,,,,,,,,,,,,,
59,3368,2.68,****************,,,,,,,,,,,,,,,,,
60,2540,2.02,************,,,,,,,,,,,,,,,,,
61,2736,2.18,*************,,,,,,,,,,,,,,,,,
６段階,22435,17.859132,,,,,,,,,,,,,,,,,,
62,3367,2.68,****************,,,,,,,,,,,,,,,,,
63,2853,2.27,**************,,,,,,,,,,,,,,,,,
64,2313,1.84,***********,,,,,,,,,,,,,,,,,
65,3116,2.48,***************,,,,,,,,,,,,,,,,,
66,2943,2.34,**************,,,,,,,,,,,,,,,,,
67,2257,1.8,***********,,,,,,,,,,,,,,,,,
68,2517,2,************,,,,,,,,,,,,,,,,,
69,3069,2.44,***************,,,,,,,,,,,,,,,,,
７段階,15295,12.175415,,,,,,,,,,,,,,,,,,
70,2180,1.74,**********,,,,,,,,,,,,,,,,,
71,1969,1.57,*********,,,,,,,,,,,,,,,,,
72,2792,2.22,*************,,,,,,,,,,,,,,,,,
73,2330,1.85,***********,,,,,,,,,,,,,,,,,
74,1498,1.19,*******,,,,,,,,,,,,,,,,,
75,2169,1.73,**********,,,,,,,,,,,,,,,,,
76,2357,1.88,***********,,,,,,,,,,,,,,,,,
８段階,9889,7.872028,,,,,,,,,,,,,,,,,,
77,1380,1.1,*******,,,,,,,,,,,,,,,,,
78,1358,1.08,******,,,,,,,,,,,,,,,,,
79,2090,1.66,**********,,,,,,,,,,,,,,,,,
80,1473,1.17,*******,,,,,,,,,,,,,,,,,
81,758,0.6,****,,,,,,,,,,,,,,,,,
82,1376,1.1,*******,,,,,,,,,,,,,,,,,
83,1454,1.16,*******,,,,,,,,,,,,,,,,,
９段階,5031,4.004871,,,,,,,,,,,,,,,,,,
84,568,0.45,***,,,,,,,,,,,,,,,,,
85,596,0.47,***,,,,,,,,,,,,,,,,,
86,1127,0.9,*****,,,,,,,,,,,,,,,,,
87,579,0.46,***,,,,,,,,,,,,,,,,,
88,185,0.15,*,,,,,,,,,,,,,,,,,
89,560,0.45,***,,,,,,,,,,,,,,,,,
90,533,0.42,***,,,,,,,,,,,,,,,,,
91,133,0.11,*,,,,,,,,,,,,,,,,,
92,122,0.1,*,,,,,,,,,,,,,,,,,
93,303,0.24,*,,,,,,,,,,,,,,,,,
94,124,0.1,*,,,,,,,,,,,,,,,,,
95,0,0,,,,,,,,,,,,,,,,,,
96,85,0.07,,,,,,,,,,,,,,,,,,
97,75,0.06,,,,,,,,,,,,,,,,,,
98,0,0,,,,,,,,,,,,,,,,,,
99,0,0,,,,,,,,,,,,,,,,,,
100,41,0.03,,,,,,,,,,,,,,,,,,
令和７年度 科目別成績分布図（本試験）,,,,,,,,,,,,,,,,,,,,
科目名,満点,最高点,最低点,平均点,標準偏差,受験者数,得点率,５分値Ｆ１,５分値Ｆ２,５分値Ｆ３,５分値Ｆ４,１段階,２段階,３段階,４段階,５段階,６段階,７段階,８段階,９段階
歴史総合，日本史探究,100,100,0,56.99,15.76,114599,0.5699,42,52,61,70,0～29,30～36,37～44,45～51,52～60,61～69,70～75,76～84,85～100
点数,人数,比率（％）,,,,,,,,,,,,,,,,,,
１段階,3860,3.368266,,,,,,,,,,,,,,,,,,
0,18,0.02,,,,,,,,,,,,,,,,,,
1,0,0,,,,,,,,,,,,,,,,,,
2,0,0,,,,,,,,,,,,,,,,,,
3,6,0.01,,,,,,,,,,,,,,,,,,
4,0,0,,,,,,,,,,,,,,,,,,
5,0,0,,,,,,,,,,,,,,,,,,
6,6,0.01,,,,,,,,,,,,,,,,,,
7,1,0,,,,,,,,,,,,,,,,,,
8,0,0,,,,,,,,,,,,,,,,,,
9,22,0.02,,,,,,,,,,,,,,,,,,
10,1,0,,,,,,,,,,,,,,,,,,
11,0,0,,,,,,,,,,,,,,,,,,
12,72,0.06,,,,,,,,,,,,,,,,,,
13,10,0.01,,,,,,,,,,,,,,,,,,
14,0,0,,,,,,,,,,,,,,,,,,
15,159,0.14,*,,,,,,,,,,,,,,,,,
16,23,0.02,,,,,,,,,,,,,,,,,,
17,0,0,,,,,,,,,,,,,,,,,,
18,249,0.22,*,,,,,,,,,,,,,,,,,
19,65,0.06,,,,,,,,,,,,,,,,,,
20,0,0,,,,,,,,,,,,,,,,,,
21,490,0.43,***,,,,,,,,,,,,,,,,,
22,150,0.13,*,,,,,,,,,,,,,,,,,
23,0,0,,,,,,,,,,,,,,,,,,
24,655,0.57,***,,,,,,,,,,,,,,,,,
25,322,0.28,**,,,,,,,,,,,,,,,,,
26,0,0,,,,,,,,,,,,,,,,,,
27,974,0.85,*****,,,,,,,,,,,,,,,,,
28,637,0.56,***,,,,,,,,,,,,,,,,,
29,0,0,,,,,,,,,,,,,,,,,,
２段階,7266,6.340369,,,,,,,,,,,,,,,,,,
30,1218,1.06,******,,,,,,,,,,,,,,,,,
31,1083,0.95,******,,,,,,,,,,,,,,,,,
32,0,0,,,,,,,,,,,,,,,,,,
33,1514,1.32,********,,,,,,,,,,,,,,,,,
34,1752,1.53,*********,,,,,,,,,,,,,,,,,
35,0,0,,,,,,,,,,,,,,,,,,
36,1699,1.48,*********,,,,,,,,,,,,,,,,,
３段階,14115,12.316861,,,,,,,,,,,,,,,,,,
37,2574,2.25,*************,,,,,,,,,,,,,,,,,
38,0,0,,,,,,,,,,,,,,,,,,
39,1820,1.59,**********,,,,,,,,,,,,,,,,,
40,3469,3.03,******************,,,,,,,,,,,,,,,,,
41,0,0,,,,,,,,,,,,,,,,,,
42,1763,1.54,*********,,,,,,,,,,,,,,,,,
43,4489,3.92,************************,,,,,,,,,,,,,,,,,
44,0,0,,,,,,,,,,,,,,,,,,
４段階,16391,14.302917,,,,,,,,,,,,,,,,,,
45,1782,1.55,*********,,,,,,,,,,,,,,,,,
46,5490,4.79,*****************************,,,,,,,,,,,,,,,,,
47,0,0,,,,,,,,,,,,,,,,,,
48,1603,1.4,********,,,,,,,,,,,,,,,,,
49,6076,5.3,********************************,,,,,,,,,,,,,,,,,
50,0,0,,,,,,,,,,,,,,,,,,
51,1440,1.26,********,,,,,,,,,,,,,,,,,
５段階,23695,20.676445,,,,,,,,,,,,,,,,,,
52,6680,5.83,***********************************,,,,,,,,,,,,,,,,,
53,0,0,,,,,,,,,,,,,,,,,,
54,1256,1.1,*******,,,,,,,,,,,,,,,,,
55,6825,5.96,************************************,,,,,,,,,,,,,,,,,
56,0,0,,,,,,,,,,,,,,,,,,
57,1104,0.96,******,,,,,,,,,,,,,,,,,
58,6903,6.02,************************************,,,,,,,,,,,,,,,,,
59,0,0,,,,,,,,,,,,,,,,,,
60,927,0.81,*****,,,,,,,,,,,,,,,,,
６段階,21066,18.382359,,,,,,,,,,,,,,,,,,
61,6814,5.95,************************************,,,,,,,,,,,,,,,,,
62,0,0,,,,,,,,,,,,,,,,,,
63,736,0.64,****,,,,,,,,,,,,,,,,,
64,6435,5.62,**********************************,,,,,,,,,,,,,,,,,
65,0,0,,,,,,,,,,,,,,,,,,
66,603,0.53,***,,,,,,,,,,,,,,,,,
67,6003,5.24,*******************************,,,,,,,,,,,,,,,,,
68,0,0,,,,,,,,,,,,,,,,,,
69,475,0.41,**,,,,,,,,,,,,,,,,,
７段階,11432,9.975654,,,,,,,,,,,,,,,,,,
70,5603,4.89,*****************************,,,,,,,,,,,,,,,,,
71,0,0,,,,,,,,,,,,,,,,,,
72,402,0.35,**,,,,,,,,,,,,,,,,,
73,5136,4.48,***************************,,,,,,,,,,,,,,,,,
74,0,0,,,,,,,,,,,,,,,,,,
75,291,0.25,**,,,,,,,,,,,,,,,,,
８段階,11494,10.029755,,,,,,,,,,,,,,,,,,
76,4473,3.9,***********************,,,,,,,,,,,,,,,,,
77,0,0,,,,,,,,,,,,,,,,,,
78,196,0.17,*,,,,,,,,,,,,,,,,,
79,3643,3.18,*******************,,,,,,,,,,,,,,,,,
80,0,0,,,,,,,,,,,,,,,,,,
81,129,0.11,*,,,,,,,,,,,,,,,,,
82,2989,2.61,****************,,,,,,,,,,,,,,,,,
83,0,0,,,,,,,,,,,,,,,,,,
84,64,0.06,,,,,,,,,,,,,,,,,,
９段階,5280,4.60737,,,,,,,,,,,,,,,,,,
85,2144,1.87,***********,,,,,,,,,,,,,,,,,
86,0,0,,,,,,,,,,,,,,,,,,
87,26,0.02,,,,,,,,,,,,,,,,,,
88,1526,1.33,********,,,,,,,,,,,,,,,,,
89,0,0,,,,,,,,,,,,,,,,,,
90,7,0.01,,,,,,,,,,,,,,,,,,
91,856,0.75,****,,,,,,,,,,,,,,,,,
92,0,0,,,,,,,,,,,,,,,,,,
93,2,0,,,,,,,,,,,,,,,,,,
94,475,0.41,**,,,,,,,,,,,,,,,,,
95,0,0,,,,,,,,,,,,,,,,,,
96,0,0,,,,,,,,,,,,,,,,,,
97,192,0.17,*,,,,,,,,,,,,,,,,,
98,0,0,,,,,,,,,,,,,,,,,,
99,0,0,,,,,,,,,,,,,,,,,,
100,52,0.05,,,,,,,,,,,,,,,,,,
令和７年度 科目別成績分布図（本試験）,,,,,,,,,,,,,,,,,,,,
科目名,満点,最高点,最低点,平均点,標準偏差,受験者数,得点率,５分値Ｆ１,５分値Ｆ２,５分値Ｆ３,５分値Ｆ４,１段階,２段階,３段階,４段階,５段階,６段階,７段階,８段階,９段階
歴史総合，世界史探究,100,100,0,66.12,17.61,69273,0.6612,50,62,72,82,0～32,33～42,43～52,53～62,63～71,72～80,81～87,88～92,93～100
点数,人数,比率（％）,,,,,,,,,,,,,,,,,,
１段階,2690,3.883186,,,,,,,,,,,,,,,,,,
0,9,0.01,,,,,,,,,,,,,,,,,,
1,0,0,,,,,,,,,,,,,,,,,,
2,0,0,,,,,,,,,,,,,,,,,,
3,0,0,,,,,,,,,,,,,,,,,,
4,0,0,,,,,,,,,,,,,,,,,,
5,1,0,,,,,,,,,,,,,,,,,,
6,2,0,,,,,,,,,,,,,,,,,,
7,1,0,,,,,,,,,,,,,,,,,,
8,4,0.01,,,,,,,,,,,,,,,,,,
9,7,0.01,,,,,,,,,,,,,,,,,,
10,2,0,,,,,,,,,,,,,,,,,,
11,10,0.01,,,,,,,,,,,,,,,,,,
12,11,0.02,,,,,,,,,,,,,,,,,,
13,11,0.02,,,,,,,,,,,,,,,,,,
14,19,0.03,,,,,,,,,,,,,,,,,,
15,28,0.04,,,,,,,,,,,,,,,,,,
16,32,0.05,,,,,,,,,,,,,,,,,,
17,51,0.07,,,,,,,,,,,,,,,,,,
18,63,0.09,*,,,,,,,,,,,,,,,,,
19,73,0.11,*,,,,,,,,,,,,,,,,,
20,75,0.11,*,,,,,,,,,,,,,,,,,
21,79,0.11,*,,,,,,,,,,,,,,,,,
22,97,0.14,*,,,,,,,,,,,,,,,,,
23,122,0.18,*,,,,,,,,,,,,,,,,,
24,120,0.17,*,,,,,,,,,,,,,,,,,
25,161,0.23,*,,,,,,,,,,,,,,,,,
26,191,0.28,**,,,,,,,,,,,,,,,,,
27,203,0.29,**,,,,,,,,,,,,,,,,,
28,226,0.33,**,,,,,,,,,,,,,,,,,
29,252,0.36,**,,,,,,,,,,,,,,,,,
30,241,0.35,**,,,,,,,,,,,,,,,,,
31,305,0.44,***,,,,,,,,,,,,,,,,,
32,294,0.42,***,,,,,,,,,,,,,,,,,
２段階,4762,6.874251,,,,,,,,,,,,,,,,,,
33,310,0.45,***,,,,,,,,,,,,,,,,,
34,370,0.53,***,,,,,,,,,,,,,,,,,
35,388,0.56,***,,,,,,,,,,,,,,,,,
36,430,0.62,****,,,,,,,,,,,,,,,,,
37,438,0.63,****,,,,,,,,,,,,,,,,,
38,542,0.78,*****,,,,,,,,,,,,,,,,,
39,548,0.79,*****,,,,,,,,,,,,,,,,,
40,518,0.75,****,,,,,,,,,,,,,,,,,
41,564,0.81,*****,,,,,,,,,,,,,,,,,
42,654,0.94,******,,,,,,,,,,,,,,,,,
３段階,8211,11.853102,,,,,,,,,,,,,,,,,,
43,646,0.93,******,,,,,,,,,,,,,,,,,
44,661,0.95,******,,,,,,,,,,,,,,,,,
45,696,1,******,,,,,,,,,,,,,,,,,
46,756,1.09,*******,,,,,,,,,,,,,,,,,
47,809,1.17,*******,,,,,,,,,,,,,,,,,
48,834,1.2,*******,,,,,,,,,,,,,,,,,
49,858,1.24,*******,,,,,,,,,,,,,,,,,
50,946,1.37,********,,,,,,,,,,,,,,,,,
51,1038,1.5,*********,,,,,,,,,,,,,,,,,
52,967,1.4,********,,,,,,,,,,,,,,,,,
４段階,11972,17.282346,,,,,,,,,,,,,,,,,,
53,1004,1.45,*********,,,,,,,,,,,,,,,,,
54,1112,1.61,**********,,,,,,,,,,,,,,,,,
55,1089,1.57,*********,,,,,,,,,,,,,,,,,
56,1231,1.78,***********,,,,,,,,,,,,,,,,,
57,1190,1.72,**********,,,,,,,,,,,,,,,,,
58,1185,1.71,**********,,,,,,,,,,,,,,,,,
59,1267,1.83,***********,,,,,,,,,,,,,,,,,
60,1271,1.83,***********,,,,,,,,,,,,,,,,,
61,1332,1.92,************,,,,,,,,,,,,,,,,,
62,1291,1.86,***********,,,,,,,,,,,,,,,,,
５段階,12846,18.544021,,,,,,,,,,,,,,,,,,
63,1344,1.94,************,,,,,,,,,,,,,,,,,
64,1356,1.96,************,,,,,,,,,,,,,,,,,
65,1433,2.07,************,,,,,,,,,,,,,,,,,
66,1386,2,************,,,,,,,,,,,,,,,,,
67,1482,2.14,*************,,,,,,,,,,,,,,,,,
68,1482,2.14,*************,,,,,,,,,,,,,,,,,
69,1512,2.18,*************,,,,,,,,,,,,,,,,,
70,1438,2.08,************,,,,,,,,,,,,,,,,,
71,1413,2.04,************,,,,,,,,,,,,,,,,,
６段階,12527,18.083524,,,,,,,,,,,,,,,,,,
72,1454,2.1,*************,,,,,,,,,,,,,,,,,
73,1480,2.14,*************,,,,,,,,,,,,,,,,,
74,1436,2.07,************,,,,,,,,,,,,,,,,,
75,1359,1.96,************,,,,,,,,,,,,,,,,,
76,1398,2.02,************,,,,,,,,,,,,,,,,,
77,1359,1.96,************,,,,,,,,,,,,,,,,,
78,1360,1.96,************,,,,,,,,,,,,,,,,,
79,1328,1.92,************,,,,,,,,,,,,,,,,,
80,1353,1.95,************,,,,,,,,,,,,,,,,,
７段階,8332,12.027774,,,,,,,,,,,,,,,,,,
81,1330,1.92,************,,,,,,,,,,,,,,,,,
82,1245,1.8,***********,,,,,,,,,,,,,,,,,
83,1227,1.77,***********,,,,,,,,,,,,,,,,,
84,1210,1.75,**********,,,,,,,,,,,,,,,,,
85,1091,1.57,*********,,,,,,,,,,,,,,,,,
86,1050,1.52,*********,,,,,,,,,,,,,,,,,
87,1179,1.7,**********,,,,,,,,,,,,,,,,,
８段階,4241,6.122154,,,,,,,,,,,,,,,,,,
88,905,1.31,********,,,,,,,,,,,,,,,,,
89,849,1.23,*******,,,,,,,,,,,,,,,,,
90,1132,1.63,**********,,,,,,,,,,,,,,,,,
91,819,1.18,*******,,,,,,,,,,,,,,,,,
92,536,0.77,*****,,,,,,,,,,,,,,,,,
９段階,3692,5.329637,,,,,,,,,,,,,,,,,,
93,1121,1.62,**********,,,,,,,,,,,,,,,,,
94,591,0.85,*****,,,,,,,,,,,,,,,,,
95,208,0.3,**,,,,,,,,,,,,,,,,,
96,879,1.27,********,,,,,,,,,,,,,,,,,
97,388,0.56,***,,,,,,,,,,,,,,,,,
98,118,0.17,*,,,,,,,,,,,,,,,,,
99,0,0,,,,,,,,,,,,,,,,,,
100,387,0.56,***,,,,,,,,,,,,,,,,,
令和７年度 科目別成績分布図（本試験）,,,,,,,,,,,,,,,,,,,,
科目名,満点,最高点,最低点,平均点,標準偏差,受験者数,得点率,５分値Ｆ１,５分値Ｆ２,５分値Ｆ３,５分値Ｆ４,１段階,２段階,３段階,４段階,５段階,６段階,７段階,８段階,９段階
旧世界史Ａ,100,97,0,44.51,19.57,167,0.4451,27,37,46,60,0～13,14～22,23～28,29～37,38～46,47～55,56～68,69～86,87～100
点数,人数,比率（％）,,,,,,,,,,,,,,,,,,
１段階,4,2.395209,,,,,,,,,,,,,,,,,,
0,1,0.6,****,,,,,,,,,,,,,,,,,
1,0,0,,,,,,,,,,,,,,,,,,
2,0,0,,,,,,,,,,,,,,,,,,
3,0,0,,,,,,,,,,,,,,,,,,
4,0,0,,,,,,,,,,,,,,,,,,
5,0,0,,,,,,,,,,,,,,,,,,
6,0,0,,,,,,,,,,,,,,,,,,
7,0,0,,,,,,,,,,,,,,,,,,
8,0,0,,,,,,,,,,,,,,,,,,
9,1,0.6,****,,,,,,,,,,,,,,,,,
10,0,0,,,,,,,,,,,,,,,,,,
11,1,0.6,****,,,,,,,,,,,,,,,,,
12,0,0,,,,,,,,,,,,,,,,,,
13,1,0.6,****,,,,,,,,,,,,,,,,,
２段階,14,8.383233,,,,,,,,,,,,,,,,,,
14,3,1.8,***********,,,,,,,,,,,,,,,,,
15,0,0,,,,,,,,,,,,,,,,,,
16,2,1.2,*******,,,,,,,,,,,,,,,,,
17,1,0.6,****,,,,,,,,,,,,,,,,,
18,1,0.6,****,,,,,,,,,,,,,,,,,
19,1,0.6,****,,,,,,,,,,,,,,,,,
20,1,0.6,****,,,,,,,,,,,,,,,,,
21,3,1.8,***********,,,,,,,,,,,,,,,,,
22,2,1.2,*******,,,,,,,,,,,,,,,,,
３段階,18,10.778443,,,,,,,,,,,,,,,,,,
23,4,2.4,**************,,,,,,,,,,,,,,,,,
24,3,1.8,***********,,,,,,,,,,,,,,,,,
25,0,0,,,,,,,,,,,,,,,,,,
26,5,2.99,******************,,,,,,,,,,,,,,,,,
27,4,2.4,**************,,,,,,,,,,,,,,,,,
28,2,1.2,*******,,,,,,,,,,,,,,,,,
４段階,30,17.964071,,,,,,,,,,,,,,,,,,
29,4,2.4,**************,,,,,,,,,,,,,,,,,
30,2,1.2,*******,,,,,,,,,,,,,,,,,
31,1,0.6,****,,,,,,,,,,,,,,,,,
32,3,1.8,***********,,,,,,,,,,,,,,,,,
33,5,2.99,******************,,,,,,,,,,,,,,,,,
34,2,1.2,*******,,,,,,,,,,,,,,,,,
35,4,2.4,**************,,,,,,,,,,,,,,,,,
36,3,1.8,***********,,,,,,,,,,,,,,,,,
37,6,3.59,**********************,,,,,,,,,,,,,,,,,
５段階,34,20.359281,,,,,,,,,,,,,,,,,,
38,4,2.4,**************,,,,,,,,,,,,,,,,,
39,0,0,,,,,,,,,,,,,,,,,,
40,6,3.59,**********************,,,,,,,,,,,,,,,,,
41,5,2.99,******************,,,,,,,,,,,,,,,,,
42,4,2.4,**************,,,,,,,,,,,,,,,,,
43,4,2.4,**************,,,,,,,,,,,,,,,,,
44,2,1.2,*******,,,,,,,,,,,,,,,,,
45,6,3.59,**********************,,,,,,,,,,,,,,,,,
46,3,1.8,***********,,,,,,,,,,,,,,,,,
６段階,28,16.766467,,,,,,,,,,,,,,,,,,
47,5,2.99,******************,,,,,,,,,,,,,,,,,
48,3,1.8,***********,,,,,,,,,,,,,,,,,
49,2,1.2,*******,,,,,,,,,,,,,,,,,
50,3,1.8,***********,,,,,,,,,,,,,,,,,
51,5,2.99,******************,,,,,,,,,,,,,,,,,
52,3,1.8,***********,,,,,,,,,,,,,,,,,
53,2,1.2,*******,,,,,,,,,,,,,,,,,
54,3,1.8,***********,,,,,,,,,,,,,,,,,
55,2,1.2,*******,,,,,,,,,,,,,,,,,
７段階,19,11.377245,,,,,,,,,,,,,,,,,,
56,4,2.4,**************,,,,,,,,,,,,,,,,,
57,0,0,,,,,,,,,,,,,,,,,,
58,0,0,,,,,,,,,,,,,,,,,,
59,1,0.6,****,,,,,,,,,,,,,,,,,
60,1,0.6,****,,,,,,,,,,,,,,,,,
61,1,0.6,****,,,,,,,,,,,,,,,,,
62,3,1.8,***********,,,,,,,,,,,,,,,,,
63,2,1.2,*******,,,,,,,,,,,,,,,,,
64,3,1.8,***********,,,,,,,,,,,,,,,,,
65,1,0.6,****,,,,,,,,,,,,,,,,,
66,2,1.2,*******,,,,,,,,,,,,,,,,,
67,1,0.6,****,,,,,,,,,,,,,,,,,
68,0,0,,,,,,,,,,,,,,,,,,
８段階,13,7.784431,,,,,,,,,,,,,,,,,,
69,2,1.2,*******,,,,,,,,,,,,,,,,,
70,0,0,,,,,,,,,,,,,,,,,,
71,0,0,,,,,,,,,,,,,,,,,,
72,1,0.6,****,,,,,,,,,,,,,,,,,
73,1,0.6,****,,,,,,,,,,,,,,,,,
74,0,0,,,,,,,,,,,,,,,,,,
75,0,0,,,,,,,,,,,,,,,,,,
76,0,0,,,,,,,,,,,,,,,,,,
77,0,0,,,,,,,,,,,,,,,,,,
78,2,1.2,*******,,,,,,,,,,,,,,,,,
79,1,0.6,****,,,,,,,,,,,,,,,,,
80,1,0.6,****,,,,,,,,,,,,,,,,,
81,1,0.6,****,,,,,,,,,,,,,,,,,
82,0,0,,,,,,,,,,,,,,,,,,
83,0,0,,,,,,,,,,,,,,,,,,
84,0,0,,,,,,,,,,,,,,,,,,
85,3,1.8,***********,,,,,,,,,,,,,,,,,
86,1,0.6,****,,,,,,,,,,,,,,,,,
９段階,7,4.191616,,,,,,,,,,,,,,,,,,
87,2,1.2,*******,,,,,,,,,,,,,,,,,
88,0,0,,,,,,,,,,,,,,,,,,
89,0,0,,,,,,,,,,,,,,,,,,
90,0,0,,,,,,,,,,,,,,,,,,
91,2,1.2,*******,,,,,,,,,,,,,,,,,
92,0,0,,,,,,,,,,,,,,,,,,
93,1,0.6,****,,,,,,,,,,,,,,,,,
94,1,0.6,****,,,,,,,,,,,,,,,,,
95,0,0,,,,,,,,,,,,,,,,,,
96,0,0,,,,,,,,,,,,,,,,,,
97,1,0.6,****,,,,,,,,,,,,,,,,,
98,0,0,,,,,,,,,,,,,,,,,,
99,0,0,,,,,,,,,,,,,,,,,,
100,0,0,,,,,,,,,,,,,,,,,,
令和７年度 科目別成績分布図（本試験）,,,,,,,,,,,,,,,,,,,,
科目名,満点,最高点,最低点,平均点,標準偏差,受験者数,得点率,５分値Ｆ１,５分値Ｆ２,５分値Ｆ３,５分値Ｆ４,１段階,２段階,３段階,４段階,５段階,６段階,７段階,８段階,９段階
旧世界史Ｂ,100,100,0,68.2,18.62,7971,0.682,51,66,76,85,0～30,31～42,43～53,54～66,67～76,77～84,85～87,88～93,94～100
点数,人数,比率（％）,,,,,,,,,,,,,,,,,,
１段階,295,3.700915,,,,,,,,,,,,,,,,,,
0,2,0.03,,,,,,,,,,,,,,,,,,
1,0,0,,,,,,,,,,,,,,,,,,
2,0,0,,,,,,,,,,,,,,,,,,
3,0,0,,,,,,,,,,,,,,,,,,
4,0,0,,,,,,,,,,,,,,,,,,
5,0,0,,,,,,,,,,,,,,,,,,
6,2,0.03,,,,,,,,,,,,,,,,,,
7,0,0,,,,,,,,,,,,,,,,,,
8,0,0,,,,,,,,,,,,,,,,,,
9,7,0.09,*,,,,,,,,,,,,,,,,,
10,0,0,,,,,,,,,,,,,,,,,,
11,0,0,,,,,,,,,,,,,,,,,,
12,2,0.03,,,,,,,,,,,,,,,,,,
13,1,0.01,,,,,,,,,,,,,,,,,,
14,0,0,,,,,,,,,,,,,,,,,,
15,13,0.16,*,,,,,,,,,,,,,,,,,
16,1,0.01,,,,,,,,,,,,,,,,,,
17,0,0,,,,,,,,,,,,,,,,,,
18,20,0.25,**,,,,,,,,,,,,,,,,,
19,10,0.13,*,,,,,,,,,,,,,,,,,
20,2,0.03,,,,,,,,,,,,,,,,,,
21,24,0.3,**,,,,,,,,,,,,,,,,,
22,20,0.25,**,,,,,,,,,,,,,,,,,
23,5,0.06,,,,,,,,,,,,,,,,,,
24,20,0.25,**,,,,,,,,,,,,,,,,,
25,32,0.4,**,,,,,,,,,,,,,,,,,
26,14,0.18,*,,,,,,,,,,,,,,,,,
27,33,0.41,**,,,,,,,,,,,,,,,,,
28,44,0.55,***,,,,,,,,,,,,,,,,,
29,15,0.19,*,,,,,,,,,,,,,,,,,
30,28,0.35,**,,,,,,,,,,,,,,,,,
２段階,590,7.401831,,,,,,,,,,,,,,,,,,
31,67,0.84,*****,,,,,,,,,,,,,,,,,
32,19,0.24,*,,,,,,,,,,,,,,,,,
33,43,0.54,***,,,,,,,,,,,,,,,,,
34,60,0.75,*****,,,,,,,,,,,,,,,,,
35,26,0.33,**,,,,,,,,,,,,,,,,,
36,41,0.51,***,,,,,,,,,,,,,,,,,
37,87,1.09,*******,,,,,,,,,,,,,,,,,
38,28,0.35,**,,,,,,,,,,,,,,,,,
39,33,0.41,**,,,,,,,,,,,,,,,,,
40,96,1.2,*******,,,,,,,,,,,,,,,,,
41,52,0.65,****,,,,,,,,,,,,,,,,,
42,38,0.48,***,,,,,,,,,,,,,,,,,
３段階,951,11.930748,,,,,,,,,,,,,,,,,,
43,119,1.49,*********,,,,,,,,,,,,,,,,,
44,56,0.7,****,,,,,,,,,,,,,,,,,
45,45,0.56,***,,,,,,,,,,,,,,,,,
46,129,1.62,**********,,,,,,,,,,,,,,,,,
47,70,0.88,*****,,,,,,,,,,,,,,,,,
48,35,0.44,***,,,,,,,,,,,,,,,,,
49,127,1.59,**********,,,,,,,,,,,,,,,,,
50,103,1.29,********,,,,,,,,,,,,,,,,,
51,45,0.56,***,,,,,,,,,,,,,,,,,
52,117,1.47,*********,,,,,,,,,,,,,,,,,
53,105,1.32,********,,,,,,,,,,,,,,,,,
４段階,1324,16.610212,,,,,,,,,,,,,,,,,,
54,36,0.45,***,,,,,,,,,,,,,,,,,
55,128,1.61,**********,,,,,,,,,,,,,,,,,
56,120,1.51,*********,,,,,,,,,,,,,,,,,
57,35,0.44,***,,,,,,,,,,,,,,,,,
58,131,1.64,**********,,,,,,,,,,,,,,,,,
59,124,1.56,*********,,,,,,,,,,,,,,,,,
60,65,0.82,*****,,,,,,,,,,,,,,,,,
61,139,1.74,**********,,,,,,,,,,,,,,,,,
62,167,2.1,*************,,,,,,,,,,,,,,,,,
63,38,0.48,***,,,,,,,,,,,,,,,,,
64,141,1.77,***********,,,,,,,,,,,,,,,,,
65,159,1.99,************,,,,,,,,,,,,,,,,,
66,41,0.51,***,,,,,,,,,,,,,,,,,
５段階,1592,19.972399,,,,,,,,,,,,,,,,,,
67,158,1.98,************,,,,,,,,,,,,,,,,,
68,197,2.47,***************,,,,,,,,,,,,,,,,,
69,42,0.53,***,,,,,,,,,,,,,,,,,
70,201,2.52,***************,,,,,,,,,,,,,,,,,
71,172,2.16,*************,,,,,,,,,,,,,,,,,
72,69,0.87,*****,,,,,,,,,,,,,,,,,
73,245,3.07,******************,,,,,,,,,,,,,,,,,
74,182,2.28,**************,,,,,,,,,,,,,,,,,
75,54,0.68,****,,,,,,,,,,,,,,,,,
76,272,3.41,********************,,,,,,,,,,,,,,,,,
６段階,1396,17.513486,,,,,,,,,,,,,,,,,,
77,156,1.96,************,,,,,,,,,,,,,,,,,
78,74,0.93,******,,,,,,,,,,,,,,,,,
79,391,4.91,*****************************,,,,,,,,,,,,,,,,,
80,148,1.86,***********,,,,,,,,,,,,,,,,,
81,54,0.68,****,,,,,,,,,,,,,,,,,
82,429,5.38,********************************,,,,,,,,,,,,,,,,,
83,100,1.25,********,,,,,,,,,,,,,,,,,
84,44,0.55,***,,,,,,,,,,,,,,,,,
７段階,532,6.674193,,,,,,,,,,,,,,,,,,
85,430,5.39,********************************,,,,,,,,,,,,,,,,,
86,75,0.94,******,,,,,,,,,,,,,,,,,
87,27,0.34,**,,,,,,,,,,,,,,,,,
８段階,901,11.303475,,,,,,,,,,,,,,,,,,
88,470,5.9,***********************************,,,,,,,,,,,,,,,,,
89,47,0.59,****,,,,,,,,,,,,,,,,,
90,18,0.23,*,,,,,,,,,,,,,,,,,
91,342,4.29,**************************,,,,,,,,,,,,,,,,,
92,19,0.24,*,,,,,,,,,,,,,,,,,
93,5,0.06,,,,,,,,,,,,,,,,,,
９段階,390,4.892736,,,,,,,,,,,,,,,,,,
94,228,2.86,*****************,,,,,,,,,,,,,,,,,
95,12,0.15,*,,,,,,,,,,,,,,,,,
96,2,0.03,,,,,,,,,,,,,,,,,,
97,120,1.51,*********,,,,,,,,,,,,,,,,,
98,1,0.01,,,,,,,,,,,,,,,,,,
99,0,0,,,,,,,,,,,,,,,,,,
100,27,0.34,**,,,,,,,,,,,,,,,,,
令和７年度 科目別成績分布図（本試験）,,,,,,,,,,,,,,,,,,,,
科目名,満点,最高点,最低点,平均点,標準偏差,受験者数,得点率,５分値Ｆ１,５分値Ｆ２,５分値Ｆ３,５分値Ｆ４,１段階,２段階,３段階,４段階,５段階,６段階,７段階,８段階,９段階
旧日本史Ａ,100,97,12,53.95,17.86,282,0.5395,38,46,57,70,0～25,26～31,32～38,39～46,47～56,57～67,68～78,79～87,88～100
点数,人数,比率（％）,,,,,,,,,,,,,,,,,,
１段階,8,2.836879,,,,,,,,,,,,,,,,,,
0,0,0,,,,,,,,,,,,,,,,,,
1,0,0,,,,,,,,,,,,,,,,,,
2,0,0,,,,,,,,,,,,,,,,,,
3,0,0,,,,,,,,,,,,,,,,,,
4,0,0,,,,,,,,,,,,,,,,,,
5,0,0,,,,,,,,,,,,,,,,,,
6,0,0,,,,,,,,,,,,,,,,,,
7,0,0,,,,,,,,,,,,,,,,,,
8,0,0,,,,,,,,,,,,,,,,,,
9,0,0,,,,,,,,,,,,,,,,,,
10,0,0,,,,,,,,,,,,,,,,,,
11,0,0,,,,,,,,,,,,,,,,,,
12,1,0.35,**,,,,,,,,,,,,,,,,,
13,0,0,,,,,,,,,,,,,,,,,,
14,0,0,,,,,,,,,,,,,,,,,,
15,0,0,,,,,,,,,,,,,,,,,,
16,1,0.35,**,,,,,,,,,,,,,,,,,
17,0,0,,,,,,,,,,,,,,,,,,
18,1,0.35,**,,,,,,,,,,,,,,,,,
19,0,0,,,,,,,,,,,,,,,,,,
20,0,0,,,,,,,,,,,,,,,,,,
21,2,0.71,****,,,,,,,,,,,,,,,,,
22,1,0.35,**,,,,,,,,,,,,,,,,,
23,0,0,,,,,,,,,,,,,,,,,,
24,1,0.35,**,,,,,,,,,,,,,,,,,
25,1,0.35,**,,,,,,,,,,,,,,,,,
２段階,17,6.028368,,,,,,,,,,,,,,,,,,
26,3,1.06,******,,,,,,,,,,,,,,,,,
27,2,0.71,****,,,,,,,,,,,,,,,,,
28,5,1.77,***********,,,,,,,,,,,,,,,,,
29,2,0.71,****,,,,,,,,,,,,,,,,,
30,2,0.71,****,,,,,,,,,,,,,,,,,
31,3,1.06,******,,,,,,,,,,,,,,,,,
３段階,34,12.056737,,,,,,,,,,,,,,,,,,
32,5,1.77,***********,,,,,,,,,,,,,,,,,
33,3,1.06,******,,,,,,,,,,,,,,,,,
34,6,2.13,*************,,,,,,,,,,,,,,,,,
35,3,1.06,******,,,,,,,,,,,,,,,,,
36,2,0.71,****,,,,,,,,,,,,,,,,,
37,9,3.19,*******************,,,,,,,,,,,,,,,,,
38,6,2.13,*************,,,,,,,,,,,,,,,,,
４段階,49,17.375886,,,,,,,,,,,,,,,,,,
39,3,1.06,******,,,,,,,,,,,,,,,,,
40,7,2.48,***************,,,,,,,,,,,,,,,,,
41,10,3.55,*********************,,,,,,,,,,,,,,,,,
42,4,1.42,*********,,,,,,,,,,,,,,,,,
43,6,2.13,*************,,,,,,,,,,,,,,,,,
44,10,3.55,*********************,,,,,,,,,,,,,,,,,
45,4,1.42,*********,,,,,,,,,,,,,,,,,
46,5,1.77,***********,,,,,,,,,,,,,,,,,
５段階,55,19.503546,,,,,,,,,,,,,,,,,,
47,10,3.55,*********************,,,,,,,,,,,,,,,,,
48,4,1.42,*********,,,,,,,,,,,,,,,,,
49,4,1.42,*********,,,,,,,,,,,,,,,,,
50,10,3.55,*********************,,,,,,,,,,,,,,,,,
51,4,1.42,*********,,,,,,,,,,,,,,,,,
52,2,0.71,****,,,,,,,,,,,,,,,,,
53,5,1.77,***********,,,,,,,,,,,,,,,,,
54,8,2.84,*****************,,,,,,,,,,,,,,,,,
55,2,0.71,****,,,,,,,,,,,,,,,,,
56,6,2.13,*************,,,,,,,,,,,,,,,,,
６段階,52,18.439716,,,,,,,,,,,,,,,,,,
57,8,2.84,*****************,,,,,,,,,,,,,,,,,
58,2,0.71,****,,,,,,,,,,,,,,,,,
59,9,3.19,*******************,,,,,,,,,,,,,,,,,
60,9,3.19,*******************,,,,,,,,,,,,,,,,,
61,4,1.42,*********,,,,,,,,,,,,,,,,,
62,3,1.06,******,,,,,,,,,,,,,,,,,
63,4,1.42,*********,,,,,,,,,,,,,,,,,
64,1,0.35,**,,,,,,,,,,,,,,,,,
65,6,2.13,*************,,,,,,,,,,,,,,,,,
66,5,1.77,***********,,,,,,,,,,,,,,,,,
67,1,0.35,**,,,,,,,,,,,,,,,,,
７段階,35,12.411347,,,,,,,,,,,,,,,,,,
68,3,1.06,******,,,,,,,,,,,,,,,,,
69,7,2.48,***************,,,,,,,,,,,,,,,,,
70,1,0.35,**,,,,,,,,,,,,,,,,,
71,2,0.71,****,,,,,,,,,,,,,,,,,
72,5,1.77,***********,,,,,,,,,,,,,,,,,
73,1,0.35,**,,,,,,,,,,,,,,,,,
74,3,1.06,******,,,,,,,,,,,,,,,,,
75,5,1.77,***********,,,,,,,,,,,,,,,,,
76,2,0.71,****,,,,,,,,,,,,,,,,,
77,2,0.71,****,,,,,,,,,,,,,,,,,
78,4,1.42,*********,,,,,,,,,,,,,,,,,
８段階,20,7.092198,,,,,,,,,,,,,,,,,,
79,2,0.71,****,,,,,,,,,,,,,,,,,
80,0,0,,,,,,,,,,,,,,,,,,
81,7,2.48,***************,,,,,,,,,,,,,,,,,
82,3,1.06,******,,,,,,,,,,,,,,,,,
83,0,0,,,,,,,,,,,,,,,,,,
84,3,1.06,******,,,,,,,,,,,,,,,,,
85,4,1.42,*********,,,,,,,,,,,,,,,,,
86,0,0,,,,,,,,,,,,,,,,,,
87,1,0.35,**,,,,,,,,,,,,,,,,,
９段階,12,4.255319,,,,,,,,,,,,,,,,,,
88,3,1.06,******,,,,,,,,,,,,,,,,,
89,0,0,,,,,,,,,,,,,,,,,,
90,2,0.71,****,,,,,,,,,,,,,,,,,
91,1,0.35,**,,,,,,,,,,,,,,,,,
92,0,0,,,,,,,,,,,,,,,,,,
93,2,0.71,****,,,,,,,,,,,,,,,,,
94,1,0.35,**,,,,,,,,,,,,,,,,,
95,0,0,,,,,,,,,,,,,,,,,,
96,1,0.35,**,,,,,,,,,,,,,,,,,
97,2,0.71,****,,,,,,,,,,,,,,,,,
98,0,0,,,,,,,,,,,,,,,,,,
99,0,0,,,,,,,,,,,,,,,,,,
100,0,0,,,,,,,,,,,,,,,,,,
令和７年度 科目別成績分布図（本試験）,,,,,,,,,,,,,,,,,,,,
科目名,満点,最高点,最低点,平均点,標準偏差,受験者数,得点率,５分値Ｆ１,５分値Ｆ２,５分値Ｆ３,５分値Ｆ４,１段階,２段階,３段階,４段階,５段階,６段階,７段階,８段階,９段階
旧日本史Ｂ,100,100,0,68.31,17.1,11946,0.6831,53,65,75,84,0～33,34～44,45～55,56～65,66～74,75～81,82～87,88～93,94～100
点数,人数,比率（％）,,,,,,,,,,,,,,,,,,
１段階,409,3.42374,,,,,,,,,,,,,,,,,,
0,2,0.02,,,,,,,,,,,,,,,,,,
1,0,0,,,,,,,,,,,,,,,,,,
2,0,0,,,,,,,,,,,,,,,,,,
3,0,0,,,,,,,,,,,,,,,,,,
4,0,0,,,,,,,,,,,,,,,,,,
5,0,0,,,,,,,,,,,,,,,,,,
6,5,0.04,,,,,,,,,,,,,,,,,,
7,0,0,,,,,,,,,,,,,,,,,,
8,0,0,,,,,,,,,,,,,,,,,,
9,1,0.01,,,,,,,,,,,,,,,,,,
10,2,0.02,,,,,,,,,,,,,,,,,,
11,0,0,,,,,,,,,,,,,,,,,,
12,1,0.01,,,,,,,,,,,,,,,,,,
13,3,0.03,,,,,,,,,,,,,,,,,,
14,1,0.01,,,,,,,,,,,,,,,,,,
15,7,0.06,,,,,,,,,,,,,,,,,,
16,5,0.04,,,,,,,,,,,,,,,,,,
17,2,0.02,,,,,,,,,,,,,,,,,,
18,17,0.14,*,,,,,,,,,,,,,,,,,
19,6,0.05,,,,,,,,,,,,,,,,,,
20,5,0.04,,,,,,,,,,,,,,,,,,
21,16,0.13,*,,,,,,,,,,,,,,,,,
22,19,0.16,*,,,,,,,,,,,,,,,,,
23,4,0.03,,,,,,,,,,,,,,,,,,
24,28,0.23,*,,,,,,,,,,,,,,,,,
25,32,0.27,**,,,,,,,,,,,,,,,,,
26,4,0.03,,,,,,,,,,,,,,,,,,
27,30,0.25,**,,,,,,,,,,,,,,,,,
28,35,0.29,**,,,,,,,,,,,,,,,,,
29,11,0.09,*,,,,,,,,,,,,,,,,,
30,39,0.33,**,,,,,,,,,,,,,,,,,
31,56,0.47,***,,,,,,,,,,,,,,,,,
32,30,0.25,**,,,,,,,,,,,,,,,,,
33,48,0.4,**,,,,,,,,,,,,,,,,,
２段階,875,7.324627,,,,,,,,,,,,,,,,,,
34,81,0.68,****,,,,,,,,,,,,,,,,,
35,39,0.33,**,,,,,,,,,,,,,,,,,
36,42,0.35,**,,,,,,,,,,,,,,,,,
37,72,0.6,****,,,,,,,,,,,,,,,,,
38,71,0.59,****,,,,,,,,,,,,,,,,,
39,50,0.42,***,,,,,,,,,,,,,,,,,
40,105,0.88,*****,,,,,,,,,,,,,,,,,
41,86,0.72,****,,,,,,,,,,,,,,,,,
42,55,0.46,***,,,,,,,,,,,,,,,,,
43,132,1.1,*******,,,,,,,,,,,,,,,,,
44,142,1.19,*******,,,,,,,,,,,,,,,,,
３段階,1427,11.945421,,,,,,,,,,,,,,,,,,
45,75,0.63,****,,,,,,,,,,,,,,,,,
46,107,0.9,*****,,,,,,,,,,,,,,,,,
47,156,1.31,********,,,,,,,,,,,,,,,,,
48,73,0.61,****,,,,,,,,,,,,,,,,,
49,107,0.9,*****,,,,,,,,,,,,,,,,,
50,163,1.36,********,,,,,,,,,,,,,,,,,
51,130,1.09,*******,,,,,,,,,,,,,,,,,
52,118,0.99,******,,,,,,,,,,,,,,,,,
53,218,1.82,***********,,,,,,,,,,,,,,,,,
54,175,1.46,*********,,,,,,,,,,,,,,,,,
55,105,0.88,*****,,,,,,,,,,,,,,,,,
４段階,1988,16.641553,,,,,,,,,,,,,,,,,,
56,235,1.97,************,,,,,,,,,,,,,,,,,
57,179,1.5,*********,,,,,,,,,,,,,,,,,
58,117,0.98,******,,,,,,,,,,,,,,,,,
59,226,1.89,***********,,,,,,,,,,,,,,,,,
60,222,1.86,***********,,,,,,,,,,,,,,,,,
61,132,1.1,*******,,,,,,,,,,,,,,,,,
62,223,1.87,***********,,,,,,,,,,,,,,,,,
63,274,2.29,**************,,,,,,,,,,,,,,,,,
64,147,1.23,*******,,,,,,,,,,,,,,,,,
65,233,1.95,************,,,,,,,,,,,,,,,,,
５段階,2168,18.148334,,,,,,,,,,,,,,,,,,
66,314,2.63,****************,,,,,,,,,,,,,,,,,
67,148,1.24,*******,,,,,,,,,,,,,,,,,
68,213,1.78,***********,,,,,,,,,,,,,,,,,
69,334,2.8,*****************,,,,,,,,,,,,,,,,,
70,180,1.51,*********,,,,,,,,,,,,,,,,,
71,192,1.61,**********,,,,,,,,,,,,,,,,,
72,418,3.5,*********************,,,,,,,,,,,,,,,,,
73,218,1.82,***********,,,,,,,,,,,,,,,,,
74,151,1.26,********,,,,,,,,,,,,,,,,,
６段階,2076,17.378201,,,,,,,,,,,,,,,,,,
75,428,3.58,*********************,,,,,,,,,,,,,,,,,
76,235,1.97,************,,,,,,,,,,,,,,,,,
77,168,1.41,********,,,,,,,,,,,,,,,,,
78,417,3.49,*********************,,,,,,,,,,,,,,,,,
79,324,2.71,****************,,,,,,,,,,,,,,,,,
80,107,0.9,*****,,,,,,,,,,,,,,,,,
81,397,3.32,********************,,,,,,,,,,,,,,,,,
７段階,1495,12.514649,,,,,,,,,,,,,,,,,,
82,342,2.86,*****************,,,,,,,,,,,,,,,,,
83,71,0.59,****,,,,,,,,,,,,,,,,,
84,365,3.06,******************,,,,,,,,,,,,,,,,,
85,385,3.22,*******************,,,,,,,,,,,,,,,,,
86,40,0.33,**,,,,,,,,,,,,,,,,,
87,292,2.44,***************,,,,,,,,,,,,,,,,,
８段階,1032,8.638874,,,,,,,,,,,,,,,,,,
88,395,3.31,********************,,,,,,,,,,,,,,,,,
89,20,0.17,*,,,,,,,,,,,,,,,,,
90,204,1.71,**********,,,,,,,,,,,,,,,,,
91,316,2.65,****************,,,,,,,,,,,,,,,,,
92,8,0.07,,,,,,,,,,,,,,,,,,
93,89,0.75,****,,,,,,,,,,,,,,,,,
９段階,476,3.984597,,,,,,,,,,,,,,,,,,
94,242,2.03,************,,,,,,,,,,,,,,,,,
95,0,0,,,,,,,,,,,,,,,,,,
96,33,0.28,**,,,,,,,,,,,,,,,,,
97,157,1.31,********,,,,,,,,,,,,,,,,,
98,0,0,,,,,,,,,,,,,,,,,,
99,0,0,,,,,,,,,,,,,,,,,,
100,44,0.37,**,,,,,,,,,,,,,,,,,
令和７年度 科目別成績分布図（本試験）,,,,,,,,,,,,,,,,,,,,
科目名,満点,最高点,最低点,平均点,標準偏差,受験者数,得点率,５分値Ｆ１,５分値Ｆ２,５分値Ｆ３,５分値Ｆ４,１段階,２段階,３段階,４段階,５段階,６段階,７段階,８段階,９段階
旧地理Ａ,100,87,12,56.96,16.45,288,0.5696,44,52,62,72,0～24,25～35,36～46,47～52,53～62,63～70,71～76,77～82,83～100
点数,人数,比率（％）,,,,,,,,,,,,,,,,,,
１段階,13,4.513888,,,,,,,,,,,,,,,,,,
0,0,0,,,,,,,,,,,,,,,,,,
1,0,0,,,,,,,,,,,,,,,,,,
2,0,0,,,,,,,,,,,,,,,,,,
3,0,0,,,,,,,,,,,,,,,,,,
4,0,0,,,,,,,,,,,,,,,,,,
5,0,0,,,,,,,,,,,,,,,,,,
6,0,0,,,,,,,,,,,,,,,,,,
7,0,0,,,,,,,,,,,,,,,,,,
8,0,0,,,,,,,,,,,,,,,,,,
9,0,0,,,,,,,,,,,,,,,,,,
10,0,0,,,,,,,,,,,,,,,,,,
11,0,0,,,,,,,,,,,,,,,,,,
12,1,0.35,**,,,,,,,,,,,,,,,,,
13,1,0.35,**,,,,,,,,,,,,,,,,,
14,0,0,,,,,,,,,,,,,,,,,,
15,0,0,,,,,,,,,,,,,,,,,,
16,1,0.35,**,,,,,,,,,,,,,,,,,
17,1,0.35,**,,,,,,,,,,,,,,,,,
18,1,0.35,**,,,,,,,,,,,,,,,,,
19,1,0.35,**,,,,,,,,,,,,,,,,,
20,2,0.69,****,,,,,,,,,,,,,,,,,
21,0,0,,,,,,,,,,,,,,,,,,
22,2,0.69,****,,,,,,,,,,,,,,,,,
23,2,0.69,****,,,,,,,,,,,,,,,,,
24,1,0.35,**,,,,,,,,,,,,,,,,,
２段階,19,6.597222,,,,,,,,,,,,,,,,,,
25,1,0.35,**,,,,,,,,,,,,,,,,,
26,0,0,,,,,,,,,,,,,,,,,,
27,2,0.69,****,,,,,,,,,,,,,,,,,
28,0,0,,,,,,,,,,,,,,,,,,
29,3,1.04,******,,,,,,,,,,,,,,,,,
30,3,1.04,******,,,,,,,,,,,,,,,,,
31,1,0.35,**,,,,,,,,,,,,,,,,,
32,3,1.04,******,,,,,,,,,,,,,,,,,
33,1,0.35,**,,,,,,,,,,,,,,,,,
34,3,1.04,******,,,,,,,,,,,,,,,,,
35,2,0.69,****,,,,,,,,,,,,,,,,,
３段階,34,11.805555,,,,,,,,,,,,,,,,,,
36,2,0.69,****,,,,,,,,,,,,,,,,,
37,4,1.39,********,,,,,,,,,,,,,,,,,
38,3,1.04,******,,,,,,,,,,,,,,,,,
39,4,1.39,********,,,,,,,,,,,,,,,,,
40,4,1.39,********,,,,,,,,,,,,,,,,,
41,1,0.35,**,,,,,,,,,,,,,,,,,
42,2,0.69,****,,,,,,,,,,,,,,,,,
43,3,1.04,******,,,,,,,,,,,,,,,,,
44,2,0.69,****,,,,,,,,,,,,,,,,,
45,3,1.04,******,,,,,,,,,,,,,,,,,
46,6,2.08,*************,,,,,,,,,,,,,,,,,
４段階,47,16.319444,,,,,,,,,,,,,,,,,,
47,6,2.08,*************,,,,,,,,,,,,,,,,,
48,9,3.13,*******************,,,,,,,,,,,,,,,,,
49,9,3.13,*******************,,,,,,,,,,,,,,,,,
50,9,3.13,*******************,,,,,,,,,,,,,,,,,
51,7,2.43,***************,,,,,,,,,,,,,,,,,
52,7,2.43,***************,,,,,,,,,,,,,,,,,
５段階,60,20.833333,,,,,,,,,,,,,,,,,,
53,6,2.08,*************,,,,,,,,,,,,,,,,,
54,4,1.39,********,,,,,,,,,,,,,,,,,
55,7,2.43,***************,,,,,,,,,,,,,,,,,
56,5,1.74,**********,,,,,,,,,,,,,,,,,
57,7,2.43,***************,,,,,,,,,,,,,,,,,
58,8,2.78,*****************,,,,,,,,,,,,,,,,,
59,5,1.74,**********,,,,,,,,,,,,,,,,,
60,8,2.78,*****************,,,,,,,,,,,,,,,,,
61,5,1.74,**********,,,,,,,,,,,,,,,,,
62,5,1.74,**********,,,,,,,,,,,,,,,,,
６段階,47,16.319444,,,,,,,,,,,,,,,,,,
63,6,2.08,*************,,,,,,,,,,,,,,,,,
64,4,1.39,********,,,,,,,,,,,,,,,,,
65,6,2.08,*************,,,,,,,,,,,,,,,,,
66,9,3.13,*******************,,,,,,,,,,,,,,,,,
67,5,1.74,**********,,,,,,,,,,,,,,,,,
68,7,2.43,***************,,,,,,,,,,,,,,,,,
69,5,1.74,**********,,,,,,,,,,,,,,,,,
70,5,1.74,**********,,,,,,,,,,,,,,,,,
７段階,32,11.111111,,,,,,,,,,,,,,,,,,
71,7,2.43,***************,,,,,,,,,,,,,,,,,
72,3,1.04,******,,,,,,,,,,,,,,,,,
73,6,2.08,*************,,,,,,,,,,,,,,,,,
74,6,2.08,*************,,,,,,,,,,,,,,,,,
75,5,1.74,**********,,,,,,,,,,,,,,,,,
76,5,1.74,**********,,,,,,,,,,,,,,,,,
８段階,24,8.333333,,,,,,,,,,,,,,,,,,
77,7,2.43,***************,,,,,,,,,,,,,,,,,
78,3,1.04,******,,,,,,,,,,,,,,,,,
79,4,1.39,********,,,,,,,,,,,,,,,,,
80,4,1.39,********,,,,,,,,,,,,,,,,,
81,3,1.04,******,,,,,,,,,,,,,,,,,
82,3,1.04,******,,,,,,,,,,,,,,,,,
９段階,12,4.166666,,,,,,,,,,,,,,,,,,
83,5,1.74,**********,,,,,,,,,,,,,,,,,
84,2,0.69,****,,,,,,,,,,,,,,,,,
85,0,0,,,,,,,,,,,,,,,,,,
86,4,1.39,********,,,,,,,,,,,,,,,,,
87,1,0.35,**,,,,,,,,,,,,,,,,,
88,0,0,,,,,,,,,,,,,,,,,,
89,0,0,,,,,,,,,,,,,,,,,,
90,0,0,,,,,,,,,,,,,,,,,,
91,0,0,,,,,,,,,,,,,,,,,,
92,0,0,,,,,,,,,,,,,,,,,,
93,0,0,,,,,,,,,,,,,,,,,,
94,0,0,,,,,,,,,,,,,,,,,,
95,0,0,,,,,,,,,,,,,,,,,,
96,0,0,,,,,,,,,,,,,,,,,,
97,0,0,,,,,,,,,,,,,,,,,,
98,0,0,,,,,,,,,,,,,,,,,,
99,0,0,,,,,,,,,,,,,,,,,,
100,0,0,,,,,,,,,,,,,,,,,,
令和７年度 科目別成績分布図（本試験）,,,,,,,,,,,,,,,,,,,,
科目名,満点,最高点,最低点,平均点,標準偏差,受験者数,得点率,５分値Ｆ１,５分値Ｆ２,５分値Ｆ３,５分値Ｆ４,１段階,２段階,３段階,４段階,５段階,６段階,７段階,８段階,９段階
旧地理Ｂ,100,100,0,61.43,14.93,18771,0.6143,48,58,66,74,0～32,33～41,42～49,50～58,59～65,66～72,73～78,79～85,86～100
点数,人数,比率（％）,,,,,,,,,,,,,,,,,,
１段階,654,3.484097,,,,,,,,,,,,,,,,,,
0,3,0.02,,,,,,,,,,,,,,,,,,
1,0,0,,,,,,,,,,,,,,,,,,
2,0,0,,,,,,,,,,,,,,,,,,
3,0,0,,,,,,,,,,,,,,,,,,
4,0,0,,,,,,,,,,,,,,,,,,
5,0,0,,,,,,,,,,,,,,,,,,
6,2,0.01,,,,,,,,,,,,,,,,,,
7,0,0,,,,,,,,,,,,,,,,,,
8,0,0,,,,,,,,,,,,,,,,,,
9,1,0.01,,,,,,,,,,,,,,,,,,
10,5,0.03,,,,,,,,,,,,,,,,,,
11,1,0.01,,,,,,,,,,,,,,,,,,
12,4,0.02,,,,,,,,,,,,,,,,,,
13,1,0.01,,,,,,,,,,,,,,,,,,
14,4,0.02,,,,,,,,,,,,,,,,,,
15,6,0.03,,,,,,,,,,,,,,,,,,
16,9,0.05,,,,,,,,,,,,,,,,,,
17,12,0.06,,,,,,,,,,,,,,,,,,
18,11,0.06,,,,,,,,,,,,,,,,,,
19,14,0.07,,,,,,,,,,,,,,,,,,
20,31,0.17,*,,,,,,,,,,,,,,,,,
21,15,0.08,,,,,,,,,,,,,,,,,,
22,28,0.15,*,,,,,,,,,,,,,,,,,
23,32,0.17,*,,,,,,,,,,,,,,,,,
24,25,0.13,*,,,,,,,,,,,,,,,,,
25,34,0.18,*,,,,,,,,,,,,,,,,,
26,50,0.27,**,,,,,,,,,,,,,,,,,
27,61,0.32,**,,,,,,,,,,,,,,,,,
28,48,0.26,**,,,,,,,,,,,,,,,,,
29,52,0.28,**,,,,,,,,,,,,,,,,,
30,69,0.37,**,,,,,,,,,,,,,,,,,
31,60,0.32,**,,,,,,,,,,,,,,,,,
32,76,0.4,**,,,,,,,,,,,,,,,,,
２段階,1261,6.717809,,,,,,,,,,,,,,,,,,
33,109,0.58,***,,,,,,,,,,,,,,,,,
34,98,0.52,***,,,,,,,,,,,,,,,,,
35,94,0.5,***,,,,,,,,,,,,,,,,,
36,120,0.64,****,,,,,,,,,,,,,,,,,
37,143,0.76,*****,,,,,,,,,,,,,,,,,
38,120,0.64,****,,,,,,,,,,,,,,,,,
39,196,1.04,******,,,,,,,,,,,,,,,,,
40,213,1.13,*******,,,,,,,,,,,,,,,,,
41,168,0.89,*****,,,,,,,,,,,,,,,,,
３段階,2081,11.08625,,,,,,,,,,,,,,,,,,
42,177,0.94,******,,,,,,,,,,,,,,,,,
43,263,1.4,********,,,,,,,,,,,,,,,,,
44,245,1.31,********,,,,,,,,,,,,,,,,,
45,207,1.1,*******,,,,,,,,,,,,,,,,,
46,308,1.64,**********,,,,,,,,,,,,,,,,,
47,324,1.73,**********,,,,,,,,,,,,,,,,,
48,249,1.33,********,,,,,,,,,,,,,,,,,
49,308,1.64,**********,,,,,,,,,,,,,,,,,
４段階,3442,18.336796,,,,,,,,,,,,,,,,,,
50,408,2.17,*************,,,,,,,,,,,,,,,,,
51,290,1.54,*********,,,,,,,,,,,,,,,,,
52,331,1.76,***********,,,,,,,,,,,,,,,,,
53,391,2.08,************,,,,,,,,,,,,,,,,,
54,363,1.93,************,,,,,,,,,,,,,,,,,
55,367,1.96,************,,,,,,,,,,,,,,,,,
56,491,2.62,****************,,,,,,,,,,,,,,,,,
57,451,2.4,**************,,,,,,,,,,,,,,,,,
58,350,1.86,***********,,,,,,,,,,,,,,,,,
５段階,3414,18.187629,,,,,,,,,,,,,,,,,,
59,491,2.62,****************,,,,,,,,,,,,,,,,,
60,530,2.82,*****************,,,,,,,,,,,,,,,,,
61,400,2.13,*************,,,,,,,,,,,,,,,,,
62,454,2.42,***************,,,,,,,,,,,,,,,,,
63,635,3.38,********************,,,,,,,,,,,,,,,,,
64,471,2.51,***************,,,,,,,,,,,,,,,,,
65,433,2.31,**************,,,,,,,,,,,,,,,,,
６段階,3259,17.361888,,,,,,,,,,,,,,,,,,
66,548,2.92,******************,,,,,,,,,,,,,,,,,
67,526,2.8,*****************,,,,,,,,,,,,,,,,,
68,395,2.1,*************,,,,,,,,,,,,,,,,,
69,489,2.61,****************,,,,,,,,,,,,,,,,,
70,531,2.83,*****************,,,,,,,,,,,,,,,,,
71,362,1.93,************,,,,,,,,,,,,,,,,,
72,408,2.17,*************,,,,,,,,,,,,,,,,,
７段階,2309,12.300889,,,,,,,,,,,,,,,,,,
73,543,2.89,*****************,,,,,,,,,,,,,,,,,
74,396,2.11,*************,,,,,,,,,,,,,,,,,
75,303,1.61,**********,,,,,,,,,,,,,,,,,
76,447,2.38,**************,,,,,,,,,,,,,,,,,
77,416,2.22,*************,,,,,,,,,,,,,,,,,
78,204,1.09,*******,,,,,,,,,,,,,,,,,
８段階,1573,8.379947,,,,,,,,,,,,,,,,,,
79,338,1.8,***********,,,,,,,,,,,,,,,,,
80,351,1.87,***********,,,,,,,,,,,,,,,,,
81,184,0.98,******,,,,,,,,,,,,,,,,,
82,159,0.85,*****,,,,,,,,,,,,,,,,,
83,269,1.43,*********,,,,,,,,,,,,,,,,,
84,189,1.01,******,,,,,,,,,,,,,,,,,
85,83,0.44,***,,,,,,,,,,,,,,,,,
９段階,778,4.144691,,,,,,,,,,,,,,,,,,
86,157,0.84,*****,,,,,,,,,,,,,,,,,
87,143,0.76,*****,,,,,,,,,,,,,,,,,
88,50,0.27,**,,,,,,,,,,,,,,,,,
89,84,0.45,***,,,,,,,,,,,,,,,,,
90,111,0.59,****,,,,,,,,,,,,,,,,,
91,50,0.27,**,,,,,,,,,,,,,,,,,
92,23,0.12,*,,,,,,,,,,,,,,,,,
93,69,0.37,**,,,,,,,,,,,,,,,,,
94,36,0.19,*,,,,,,,,,,,,,,,,,
95,0,0,,,,,,,,,,,,,,,,,,
96,18,0.1,*,,,,,,,,,,,,,,,,,
97,26,0.14,*,,,,,,,,,,,,,,,,,
98,0,0,,,,,,,,,,,,,,,,,,
99,0,0,,,,,,,,,,,,,,,,,,
100,11,0.06,,,,,,,,,,,,,,,,,,
令和７年度 教科別成績分布図（本試験）,,,,,,,,,,,,,,,,,,,,
教科名,満点,最高点,最低点,平均点,標準偏差,受験者数,得点率,５分値Ｆ１,５分値Ｆ２,５分値Ｆ３,５分値Ｆ４,,,,,,,,,
公民,100,100,0,62.07,15.83,169657,0.6207,48,58,67,76,,,,,,,,,
点数,人数,比率（％）,,,,,,,,,,,,,,,,,,
0,35,0.02,,,,,,,,,,,,,,,,,,
1,0,0,,,,,,,,,,,,,,,,,,
2,0,0,,,,,,,,,,,,,,,,,,
3,13,0.01,,,,,,,,,,,,,,,,,,
4,2,0,,,,,,,,,,,,,,,,,,
5,0,0,,,,,,,,,,,,,,,,,,
6,29,0.02,,,,,,,,,,,,,,,,,,
7,3,0,,,,,,,,,,,,,,,,,,
8,0,0,,,,,,,,,,,,,,,,,,
9,46,0.03,,,,,,,,,,,,,,,,,,
10,5,0,,,,,,,,,,,,,,,,,,
11,0,0,,,,,,,,,,,,,,,,,,
12,92,0.05,,,,,,,,,,,,,,,,,,
13,24,0.01,,,,,,,,,,,,,,,,,,
14,2,0,,,,,,,,,,,,,,,,,,
15,192,0.11,*,,,,,,,,,,,,,,,,,
16,82,0.05,,,,,,,,,,,,,,,,,,
17,8,0,,,,,,,,,,,,,,,,,,
18,295,0.17,*,,,,,,,,,,,,,,,,,
19,143,0.08,*,,,,,,,,,,,,,,,,,
20,25,0.01,,,,,,,,,,,,,,,,,,
21,402,0.24,*,,,,,,,,,,,,,,,,,
22,265,0.16,*,,,,,,,,,,,,,,,,,
23,59,0.03,,,,,,,,,,,,,,,,,,
24,528,0.31,**,,,,,,,,,,,,,,,,,
25,474,0.28,**,,,,,,,,,,,,,,,,,
26,144,0.08,*,,,,,,,,,,,,,,,,,
27,622,0.37,**,,,,,,,,,,,,,,,,,
28,712,0.42,***,,,,,,,,,,,,,,,,,
29,296,0.17,*,,,,,,,,,,,,,,,,,
30,646,0.38,**,,,,,,,,,,,,,,,,,
31,1026,0.6,****,,,,,,,,,,,,,,,,,
32,578,0.34,**,,,,,,,,,,,,,,,,,
33,682,0.4,**,,,,,,,,,,,,,,,,,
34,1373,0.81,*****,,,,,,,,,,,,,,,,,
35,970,0.57,***,,,,,,,,,,,,,,,,,
36,809,0.48,***,,,,,,,,,,,,,,,,,
37,1732,1.02,******,,,,,,,,,,,,,,,,,
38,1504,0.89,*****,,,,,,,,,,,,,,,,,
39,953,0.56,***,,,,,,,,,,,,,,,,,
40,2062,1.22,*******,,,,,,,,,,,,,,,,,
41,2199,1.3,********,,,,,,,,,,,,,,,,,
42,1174,0.69,****,,,,,,,,,,,,,,,,,
43,2099,1.24,*******,,,,,,,,,,,,,,,,,
44,2929,1.73,**********,,,,,,,,,,,,,,,,,
45,1645,0.97,******,,,,,,,,,,,,,,,,,
46,2096,1.24,*******,,,,,,,,,,,,,,,,,
47,3570,2.1,*************,,,,,,,,,,,,,,,,,
48,2113,1.25,*******,,,,,,,,,,,,,,,,,
49,2073,1.22,*******,,,,,,,,,,,,,,,,,
50,3985,2.35,**************,,,,,,,,,,,,,,,,,
51,2871,1.69,**********,,,,,,,,,,,,,,,,,
52,1911,1.13,*******,,,,,,,,,,,,,,,,,
53,4261,2.51,***************,,,,,,,,,,,,,,,,,
54,3583,2.11,*************,,,,,,,,,,,,,,,,,
55,1898,1.12,*******,,,,,,,,,,,,,,,,,
56,4233,2.5,***************,,,,,,,,,,,,,,,,,
57,4511,2.66,****************,,,,,,,,,,,,,,,,,
58,2024,1.19,*******,,,,,,,,,,,,,,,,,
59,4209,2.48,***************,,,,,,,,,,,,,,,,,
60,5202,3.07,******************,,,,,,,,,,,,,,,,,
61,2054,1.21,*******,,,,,,,,,,,,,,,,,
62,3618,2.13,*************,,,,,,,,,,,,,,,,,
63,5933,3.5,*********************,,,,,,,,,,,,,,,,,
64,2300,1.36,********,,,,,,,,,,,,,,,,,
65,3103,1.83,***********,,,,,,,,,,,,,,,,,
66,6282,3.7,**********************,,,,,,,,,,,,,,,,,
67,2850,1.68,**********,,,,,,,,,,,,,,,,,
68,2645,1.56,*********,,,,,,,,,,,,,,,,,
69,6277,3.7,**********************,,,,,,,,,,,,,,,,,
70,3403,2.01,************,,,,,,,,,,,,,,,,,
71,1974,1.16,*******,,,,,,,,,,,,,,,,,
72,6228,3.67,**********************,,,,,,,,,,,,,,,,,
73,3990,2.35,**************,,,,,,,,,,,,,,,,,
74,1329,0.78,*****,,,,,,,,,,,,,,,,,
75,5579,3.29,********************,,,,,,,,,,,,,,,,,
76,4463,2.63,****************,,,,,,,,,,,,,,,,,
77,893,0.53,***,,,,,,,,,,,,,,,,,
78,4407,2.6,****************,,,,,,,,,,,,,,,,,
79,4619,2.72,****************,,,,,,,,,,,,,,,,,
80,490,0.29,**,,,,,,,,,,,,,,,,,
81,3309,1.95,************,,,,,,,,,,,,,,,,,
82,4395,2.59,****************,,,,,,,,,,,,,,,,,
83,226,0.13,*,,,,,,,,,,,,,,,,,
84,2155,1.27,********,,,,,,,,,,,,,,,,,
85,3866,2.28,**************,,,,,,,,,,,,,,,,,
86,85,0.05,,,,,,,,,,,,,,,,,,
87,1101,0.65,****,,,,,,,,,,,,,,,,,
88,2980,1.76,***********,,,,,,,,,,,,,,,,,
89,24,0.01,,,,,,,,,,,,,,,,,,
90,484,0.29,**,,,,,,,,,,,,,,,,,
91,1771,1.04,******,,,,,,,,,,,,,,,,,
92,2,0,,,,,,,,,,,,,,,,,,
93,146,0.09,*,,,,,,,,,,,,,,,,,
94,897,0.53,***,,,,,,,,,,,,,,,,,
95,0,0,,,,,,,,,,,,,,,,,,
96,18,0.01,,,,,,,,,,,,,,,,,,
97,295,0.17,*,,,,,,,,,,,,,,,,,
98,0,0,,,,,,,,,,,,,,,,,,
99,0,0,,,,,,,,,,,,,,,,,,
100,47,0.03,,,,,,,,,,,,,,,,,,
令和７年度 科目別成績分布図（本試験）,,,,,,,,,,,,,,,,,,,,
科目名,満点,最高点,最低点,平均点,標準偏差,受験者数,得点率,５分値Ｆ１,５分値Ｆ２,５分値Ｆ３,５分値Ｆ４,１段階,２段階,３段階,４段階,５段階,６段階,７段階,８段階,９段階
公共，倫理,100,97,0,59.74,15.29,29042,0.5974,46,56,65,73,0～30,31～39,40～47,48～55,56～64,65～71,72～78,79～83,84～100
点数,人数,比率（％）,,,,,,,,,,,,,,,,,,
１段階,923,3.178155,,,,,,,,,,,,,,,,,,
0,11,0.04,,,,,,,,,,,,,,,,,,
1,0,0,,,,,,,,,,,,,,,,,,
2,0,0,,,,,,,,,,,,,,,,,,
3,2,0.01,,,,,,,,,,,,,,,,,,
4,0,0,,,,,,,,,,,,,,,,,,
5,0,0,,,,,,,,,,,,,,,,,,
6,8,0.03,,,,,,,,,,,,,,,,,,
7,1,0,,,,,,,,,,,,,,,,,,
8,0,0,,,,,,,,,,,,,,,,,,
9,5,0.02,,,,,,,,,,,,,,,,,,
10,0,0,,,,,,,,,,,,,,,,,,
11,0,0,,,,,,,,,,,,,,,,,,
12,17,0.06,,,,,,,,,,,,,,,,,,
13,3,0.01,,,,,,,,,,,,,,,,,,
14,0,0,,,,,,,,,,,,,,,,,,
15,34,0.12,*,,,,,,,,,,,,,,,,,
16,17,0.06,,,,,,,,,,,,,,,,,,
17,0,0,,,,,,,,,,,,,,,,,,
18,47,0.16,*,,,,,,,,,,,,,,,,,
19,19,0.07,,,,,,,,,,,,,,,,,,
20,2,0.01,,,,,,,,,,,,,,,,,,
21,54,0.19,*,,,,,,,,,,,,,,,,,
22,63,0.22,*,,,,,,,,,,,,,,,,,
23,9,0.03,,,,,,,,,,,,,,,,,,
24,76,0.26,**,,,,,,,,,,,,,,,,,
25,98,0.34,**,,,,,,,,,,,,,,,,,
26,29,0.1,*,,,,,,,,,,,,,,,,,
27,101,0.35,**,,,,,,,,,,,,,,,,,
28,145,0.5,***,,,,,,,,,,,,,,,,,
29,69,0.24,*,,,,,,,,,,,,,,,,,
30,113,0.39,**,,,,,,,,,,,,,,,,,
２段階,2044,7.038082,,,,,,,,,,,,,,,,,,
31,248,0.85,*****,,,,,,,,,,,,,,,,,
32,132,0.45,***,,,,,,,,,,,,,,,,,
33,98,0.34,**,,,,,,,,,,,,,,,,,
34,281,0.97,******,,,,,,,,,,,,,,,,,
35,214,0.74,****,,,,,,,,,,,,,,,,,
36,154,0.53,***,,,,,,,,,,,,,,,,,
37,386,1.33,********,,,,,,,,,,,,,,,,,
38,360,1.24,*******,,,,,,,,,,,,,,,,,
39,171,0.59,****,,,,,,,,,,,,,,,,,
３段階,3658,12.595551,,,,,,,,,,,,,,,,,,
40,444,1.53,*********,,,,,,,,,,,,,,,,,
41,466,1.6,**********,,,,,,,,,,,,,,,,,
42,225,0.77,*****,,,,,,,,,,,,,,,,,
43,420,1.45,*********,,,,,,,,,,,,,,,,,
44,642,2.21,*************,,,,,,,,,,,,,,,,,
45,318,1.09,*******,,,,,,,,,,,,,,,,,
46,445,1.53,*********,,,,,,,,,,,,,,,,,
47,698,2.4,**************,,,,,,,,,,,,,,,,,
４段階,4397,15.140141,,,,,,,,,,,,,,,,,,
48,420,1.45,*********,,,,,,,,,,,,,,,,,
49,396,1.36,********,,,,,,,,,,,,,,,,,
50,784,2.7,****************,,,,,,,,,,,,,,,,,
51,553,1.9,***********,,,,,,,,,,,,,,,,,
52,421,1.45,*********,,,,,,,,,,,,,,,,,
53,825,2.84,*****************,,,,,,,,,,,,,,,,,
54,586,2.02,************,,,,,,,,,,,,,,,,,
55,412,1.42,*********,,,,,,,,,,,,,,,,,
５段階,5916,20.370497,,,,,,,,,,,,,,,,,,
56,760,2.62,****************,,,,,,,,,,,,,,,,,
57,716,2.47,***************,,,,,,,,,,,,,,,,,
58,422,1.45,*********,,,,,,,,,,,,,,,,,
59,752,2.59,****************,,,,,,,,,,,,,,,,,
60,815,2.81,*****************,,,,,,,,,,,,,,,,,
61,446,1.54,*********,,,,,,,,,,,,,,,,,
62,664,2.29,**************,,,,,,,,,,,,,,,,,
63,894,3.08,******************,,,,,,,,,,,,,,,,,
64,447,1.54,*********,,,,,,,,,,,,,,,,,
６段階,4660,16.045726,,,,,,,,,,,,,,,,,,
65,632,2.18,*************,,,,,,,,,,,,,,,,,
66,974,3.35,********************,,,,,,,,,,,,,,,,,
67,516,1.78,***********,,,,,,,,,,,,,,,,,
68,569,1.96,************,,,,,,,,,,,,,,,,,
69,975,3.36,********************,,,,,,,,,,,,,,,,,
70,547,1.88,***********,,,,,,,,,,,,,,,,,
71,447,1.54,*********,,,,,,,,,,,,,,,,,
７段階,4257,14.658081,,,,,,,,,,,,,,,,,,
72,1013,3.49,*********************,,,,,,,,,,,,,,,,,
73,577,1.99,************,,,,,,,,,,,,,,,,,
74,281,0.97,******,,,,,,,,,,,,,,,,,
75,843,2.9,*****************,,,,,,,,,,,,,,,,,
76,669,2.3,**************,,,,,,,,,,,,,,,,,
77,192,0.66,****,,,,,,,,,,,,,,,,,
78,682,2.35,**************,,,,,,,,,,,,,,,,,
８段階,1853,6.380414,,,,,,,,,,,,,,,,,,
79,652,2.25,*************,,,,,,,,,,,,,,,,,
80,94,0.32,**,,,,,,,,,,,,,,,,,
81,482,1.66,**********,,,,,,,,,,,,,,,,,
82,590,2.03,************,,,,,,,,,,,,,,,,,
83,35,0.12,*,,,,,,,,,,,,,,,,,
９段階,1334,4.593347,,,,,,,,,,,,,,,,,,
84,309,1.06,******,,,,,,,,,,,,,,,,,
85,420,1.45,*********,,,,,,,,,,,,,,,,,
86,6,0.02,,,,,,,,,,,,,,,,,,
87,104,0.36,**,,,,,,,,,,,,,,,,,
88,299,1.03,******,,,,,,,,,,,,,,,,,
89,0,0,,,,,,,,,,,,,,,,,,
90,36,0.12,*,,,,,,,,,,,,,,,,,
91,114,0.39,**,,,,,,,,,,,,,,,,,
92,0,0,,,,,,,,,,,,,,,,,,
93,4,0.01,,,,,,,,,,,,,,,,,,
94,33,0.11,*,,,,,,,,,,,,,,,,,
95,0,0,,,,,,,,,,,,,,,,,,
96,1,0,,,,,,,,,,,,,,,,,,
97,8,0.03,,,,,,,,,,,,,,,,,,
98,0,0,,,,,,,,,,,,,,,,,,
99,0,0,,,,,,,,,,,,,,,,,,
100,0,0,,,,,,,,,,,,,,,,,,
令和７年度 科目別成績分布図（本試験）,,,,,,,,,,,,,,,,,,,,
科目名,満点,最高点,最低点,平均点,標準偏差,受験者数,得点率,５分値Ｆ１,５分値Ｆ２,５分値Ｆ３,５分値Ｆ４,１段階,２段階,３段階,４段階,５段階,６段階,７段階,８段階,９段階
公共，政治・経済,100,100,0,62.66,15.84,127120,0.6266,49,59,68,76,0～32,33～41,42～50,51～59,60～68,69～75,76～81,82～87,88～100
点数,人数,比率（％）,,,,,,,,,,,,,,,,,,
１段階,4811,3.784612,,,,,,,,,,,,,,,,,,
0,22,0.02,,,,,,,,,,,,,,,,,,
1,0,0,,,,,,,,,,,,,,,,,,
2,0,0,,,,,,,,,,,,,,,,,,
3,9,0.01,,,,,,,,,,,,,,,,,,
4,2,0,,,,,,,,,,,,,,,,,,
5,0,0,,,,,,,,,,,,,,,,,,
6,19,0.01,,,,,,,,,,,,,,,,,,
7,2,0,,,,,,,,,,,,,,,,,,
8,0,0,,,,,,,,,,,,,,,,,,
9,35,0.03,,,,,,,,,,,,,,,,,,
10,3,0,,,,,,,,,,,,,,,,,,
11,0,0,,,,,,,,,,,,,,,,,,
12,68,0.05,,,,,,,,,,,,,,,,,,
13,17,0.01,,,,,,,,,,,,,,,,,,
14,0,0,,,,,,,,,,,,,,,,,,
15,149,0.12,*,,,,,,,,,,,,,,,,,
16,55,0.04,,,,,,,,,,,,,,,,,,
17,1,0,,,,,,,,,,,,,,,,,,
18,224,0.18,*,,,,,,,,,,,,,,,,,
19,110,0.09,*,,,,,,,,,,,,,,,,,
20,14,0.01,,,,,,,,,,,,,,,,,,
21,330,0.26,**,,,,,,,,,,,,,,,,,
22,180,0.14,*,,,,,,,,,,,,,,,,,
23,34,0.03,,,,,,,,,,,,,,,,,,
24,418,0.33,**,,,,,,,,,,,,,,,,,
25,335,0.26,**,,,,,,,,,,,,,,,,,
26,72,0.06,,,,,,,,,,,,,,,,,,
27,478,0.38,**,,,,,,,,,,,,,,,,,
28,509,0.4,**,,,,,,,,,,,,,,,,,
29,170,0.13,*,,,,,,,,,,,,,,,,,
30,469,0.37,**,,,,,,,,,,,,,,,,,
31,722,0.57,***,,,,,,,,,,,,,,,,,
32,364,0.29,**,,,,,,,,,,,,,,,,,
２段階,8662,6.814033,,,,,,,,,,,,,,,,,,
33,512,0.4,**,,,,,,,,,,,,,,,,,
34,1000,0.79,*****,,,,,,,,,,,,,,,,,
35,636,0.5,***,,,,,,,,,,,,,,,,,
36,561,0.44,***,,,,,,,,,,,,,,,,,
37,1244,0.98,******,,,,,,,,,,,,,,,,,
38,995,0.78,*****,,,,,,,,,,,,,,,,,
39,652,0.51,***,,,,,,,,,,,,,,,,,
40,1506,1.18,*******,,,,,,,,,,,,,,,,,
41,1556,1.22,*******,,,,,,,,,,,,,,,,,
３段階,15560,12.240402,,,,,,,,,,,,,,,,,,
42,791,0.62,****,,,,,,,,,,,,,,,,,
43,1551,1.22,*******,,,,,,,,,,,,,,,,,
44,2062,1.62,**********,,,,,,,,,,,,,,,,,
45,1101,0.87,*****,,,,,,,,,,,,,,,,,
46,1510,1.19,*******,,,,,,,,,,,,,,,,,
47,2639,2.08,************,,,,,,,,,,,,,,,,,
48,1438,1.13,*******,,,,,,,,,,,,,,,,,
49,1506,1.18,*******,,,,,,,,,,,,,,,,,
50,2962,2.33,**************,,,,,,,,,,,,,,,,,
４段階,21744,17.105097,,,,,,,,,,,,,,,,,,
51,2014,1.58,**********,,,,,,,,,,,,,,,,,
52,1312,1.03,******,,,,,,,,,,,,,,,,,
53,3184,2.5,***************,,,,,,,,,,,,,,,,,
54,2693,2.12,*************,,,,,,,,,,,,,,,,,
55,1288,1.01,******,,,,,,,,,,,,,,,,,
56,3238,2.55,***************,,,,,,,,,,,,,,,,,
57,3397,2.67,****************,,,,,,,,,,,,,,,,,
58,1403,1.1,*******,,,,,,,,,,,,,,,,,
59,3215,2.53,***************,,,,,,,,,,,,,,,,,
５段階,25381,19.966173,,,,,,,,,,,,,,,,,,
60,3961,3.12,*******************,,,,,,,,,,,,,,,,,
61,1386,1.09,*******,,,,,,,,,,,,,,,,,
62,2747,2.16,*************,,,,,,,,,,,,,,,,,
63,4613,3.63,**********************,,,,,,,,,,,,,,,,,
64,1633,1.28,********,,,,,,,,,,,,,,,,,
65,2224,1.75,**********,,,,,,,,,,,,,,,,,
66,4869,3.83,***********************,,,,,,,,,,,,,,,,,
67,2061,1.62,**********,,,,,,,,,,,,,,,,,
68,1887,1.48,*********,,,,,,,,,,,,,,,,,
６段階,21938,17.257709,,,,,,,,,,,,,,,,,,
69,4887,3.84,***********************,,,,,,,,,,,,,,,,,
70,2574,2.02,************,,,,,,,,,,,,,,,,,
71,1347,1.06,******,,,,,,,,,,,,,,,,,
72,4780,3.76,***********************,,,,,,,,,,,,,,,,,
73,3141,2.47,***************,,,,,,,,,,,,,,,,,
74,890,0.7,****,,,,,,,,,,,,,,,,,
75,4319,3.4,********************,,,,,,,,,,,,,,,,,
７段階,13972,10.991189,,,,,,,,,,,,,,,,,,
76,3517,2.77,*****************,,,,,,,,,,,,,,,,,
77,566,0.45,***,,,,,,,,,,,,,,,,,
78,3364,2.65,****************,,,,,,,,,,,,,,,,,
79,3707,2.92,*****************,,,,,,,,,,,,,,,,,
80,290,0.23,*,,,,,,,,,,,,,,,,,
81,2528,1.99,************,,,,,,,,,,,,,,,,,
８段階,9431,7.418974,,,,,,,,,,,,,,,,,,
82,3563,2.8,*****************,,,,,,,,,,,,,,,,,
83,129,0.1,*,,,,,,,,,,,,,,,,,
84,1575,1.24,*******,,,,,,,,,,,,,,,,,
85,3280,2.58,***************,,,,,,,,,,,,,,,,,
86,49,0.04,,,,,,,,,,,,,,,,,,
87,835,0.66,****,,,,,,,,,,,,,,,,,
９段階,5621,4.421806,,,,,,,,,,,,,,,,,,
88,2516,1.98,************,,,,,,,,,,,,,,,,,
89,11,0.01,,,,,,,,,,,,,,,,,,
90,365,0.29,**,,,,,,,,,,,,,,,,,
91,1531,1.2,*******,,,,,,,,,,,,,,,,,
92,0,0,,,,,,,,,,,,,,,,,,
93,109,0.09,*,,,,,,,,,,,,,,,,,
94,784,0.62,****,,,,,,,,,,,,,,,,,
95,0,0,,,,,,,,,,,,,,,,,,
96,11,0.01,,,,,,,,,,,,,,,,,,
97,253,0.2,*,,,,,,,,,,,,,,,,,
98,0,0,,,,,,,,,,,,,,,,,,
99,0,0,,,,,,,,,,,,,,,,,,
100,41,0.03,,,,,,,,,,,,,,,,,,
令和７年度 科目別成績分布図（本試験）,,,,,,,,,,,,,,,,,,,,
科目名,満点,最高点,最低点,平均点,標準偏差,受験者数,得点率,５分値Ｆ１,５分値Ｆ２,５分値Ｆ３,５分値Ｆ４,１段階,２段階,３段階,４段階,５段階,６段階,７段階,８段階,９段階
旧現代社会,100,100,0,64.96,16.21,3654,0.6496,51,62,70,79,0～33,34～43,44～52,53～61,62～69,70～77,78～84,85～90,91～100
点数,人数,比率（％）,,,,,,,,,,,,,,,,,,
１段階,136,3.721948,,,,,,,,,,,,,,,,,,
0,1,0.03,,,,,,,,,,,,,,,,,,
1,0,0,,,,,,,,,,,,,,,,,,
2,0,0,,,,,,,,,,,,,,,,,,
3,1,0.03,,,,,,,,,,,,,,,,,,
4,0,0,,,,,,,,,,,,,,,,,,
5,0,0,,,,,,,,,,,,,,,,,,
6,1,0.03,,,,,,,,,,,,,,,,,,
7,0,0,,,,,,,,,,,,,,,,,,
8,0,0,,,,,,,,,,,,,,,,,,
9,3,0.08,,,,,,,,,,,,,,,,,,
10,0,0,,,,,,,,,,,,,,,,,,
11,0,0,,,,,,,,,,,,,,,,,,
12,2,0.05,,,,,,,,,,,,,,,,,,
13,2,0.05,,,,,,,,,,,,,,,,,,
14,0,0,,,,,,,,,,,,,,,,,,
15,4,0.11,*,,,,,,,,,,,,,,,,,
16,0,0,,,,,,,,,,,,,,,,,,
17,1,0.03,,,,,,,,,,,,,,,,,,
18,4,0.11,*,,,,,,,,,,,,,,,,,
19,2,0.05,,,,,,,,,,,,,,,,,,
20,0,0,,,,,,,,,,,,,,,,,,
21,5,0.14,*,,,,,,,,,,,,,,,,,
22,2,0.05,,,,,,,,,,,,,,,,,,
23,1,0.03,,,,,,,,,,,,,,,,,,
24,9,0.25,*,,,,,,,,,,,,,,,,,
25,8,0.22,*,,,,,,,,,,,,,,,,,
26,7,0.19,*,,,,,,,,,,,,,,,,,
27,11,0.3,**,,,,,,,,,,,,,,,,,
28,10,0.27,**,,,,,,,,,,,,,,,,,
29,6,0.16,*,,,,,,,,,,,,,,,,,
30,17,0.47,***,,,,,,,,,,,,,,,,,
31,10,0.27,**,,,,,,,,,,,,,,,,,
32,12,0.33,**,,,,,,,,,,,,,,,,,
33,17,0.47,***,,,,,,,,,,,,,,,,,
２段階,256,7.00602,,,,,,,,,,,,,,,,,,
34,18,0.49,***,,,,,,,,,,,,,,,,,
35,16,0.44,***,,,,,,,,,,,,,,,,,
36,22,0.6,****,,,,,,,,,,,,,,,,,
37,24,0.66,****,,,,,,,,,,,,,,,,,
38,22,0.6,****,,,,,,,,,,,,,,,,,
39,21,0.57,***,,,,,,,,,,,,,,,,,
40,36,0.99,******,,,,,,,,,,,,,,,,,
41,35,0.96,******,,,,,,,,,,,,,,,,,
42,27,0.74,****,,,,,,,,,,,,,,,,,
43,35,0.96,******,,,,,,,,,,,,,,,,,
３段階,404,11.056376,,,,,,,,,,,,,,,,,,
44,41,1.12,*******,,,,,,,,,,,,,,,,,
45,37,1.01,******,,,,,,,,,,,,,,,,,
46,33,0.9,*****,,,,,,,,,,,,,,,,,
47,50,1.37,********,,,,,,,,,,,,,,,,,
48,43,1.18,*******,,,,,,,,,,,,,,,,,
49,50,1.37,********,,,,,,,,,,,,,,,,,
50,50,1.37,********,,,,,,,,,,,,,,,,,
51,54,1.48,*********,,,,,,,,,,,,,,,,,
52,46,1.26,********,,,,,,,,,,,,,,,,,
４段階,639,17.487684,,,,,,,,,,,,,,,,,,
53,59,1.61,**********,,,,,,,,,,,,,,,,,
54,69,1.89,***********,,,,,,,,,,,,,,,,,
55,51,1.4,********,,,,,,,,,,,,,,,,,
56,48,1.31,********,,,,,,,,,,,,,,,,,
57,105,2.87,*****************,,,,,,,,,,,,,,,,,
58,69,1.89,***********,,,,,,,,,,,,,,,,,
59,60,1.64,**********,,,,,,,,,,,,,,,,,
60,105,2.87,*****************,,,,,,,,,,,,,,,,,
61,73,2,************,,,,,,,,,,,,,,,,,
５段階,656,17.952928,,,,,,,,,,,,,,,,,,
62,43,1.18,*******,,,,,,,,,,,,,,,,,
63,110,3.01,******************,,,,,,,,,,,,,,,,,
64,92,2.52,***************,,,,,,,,,,,,,,,,,
65,50,1.37,********,,,,,,,,,,,,,,,,,
66,110,3.01,******************,,,,,,,,,,,,,,,,,
67,119,3.26,********************,,,,,,,,,,,,,,,,,
68,26,0.71,****,,,,,,,,,,,,,,,,,
69,106,2.9,*****************,,,,,,,,,,,,,,,,,
６段階,665,18.199233,,,,,,,,,,,,,,,,,,
70,139,3.8,***********************,,,,,,,,,,,,,,,,,
71,23,0.63,****,,,,,,,,,,,,,,,,,
72,83,2.27,**************,,,,,,,,,,,,,,,,,
73,144,3.94,************************,,,,,,,,,,,,,,,,,
74,17,0.47,***,,,,,,,,,,,,,,,,,
75,86,2.35,**************,,,,,,,,,,,,,,,,,
76,161,4.41,**************************,,,,,,,,,,,,,,,,,
77,12,0.33,**,,,,,,,,,,,,,,,,,
７段階,490,13.409961,,,,,,,,,,,,,,,,,,
78,70,1.92,***********,,,,,,,,,,,,,,,,,
79,159,4.35,**************************,,,,,,,,,,,,,,,,,
80,6,0.16,*,,,,,,,,,,,,,,,,,
81,51,1.4,********,,,,,,,,,,,,,,,,,
82,151,4.13,*************************,,,,,,,,,,,,,,,,,
83,6,0.16,*,,,,,,,,,,,,,,,,,
84,47,1.29,********,,,,,,,,,,,,,,,,,
８段階,248,6.787082,,,,,,,,,,,,,,,,,,
85,97,2.65,****************,,,,,,,,,,,,,,,,,
86,0,0,,,,,,,,,,,,,,,,,,
87,27,0.74,****,,,,,,,,,,,,,,,,,
88,110,3.01,******************,,,,,,,,,,,,,,,,,
89,2,0.05,,,,,,,,,,,,,,,,,,
90,12,0.33,**,,,,,,,,,,,,,,,,,
９段階,160,4.378762,,,,,,,,,,,,,,,,,,
91,76,2.08,************,,,,,,,,,,,,,,,,,
92,0,0,,,,,,,,,,,,,,,,,,
93,4,0.11,*,,,,,,,,,,,,,,,,,
94,54,1.48,*********,,,,,,,,,,,,,,,,,
95,0,0,,,,,,,,,,,,,,,,,,
96,1,0.03,,,,,,,,,,,,,,,,,,
97,21,0.57,***,,,,,,,,,,,,,,,,,
98,0,0,,,,,,,,,,,,,,,,,,
99,0,0,,,,,,,,,,,,,,,,,,
100,4,0.11,*,,,,,,,,,,,,,,,,,
令和７年度 科目別成績分布図（本試験）,,,,,,,,,,,,,,,,,,,,
科目名,満点,最高点,最低点,平均点,標準偏差,受験者数,得点率,５分値Ｆ１,５分値Ｆ２,５分値Ｆ３,５分値Ｆ４,１段階,２段階,３段階,４段階,５段階,６段階,７段階,８段階,９段階
旧倫理,100,97,6,54.65,15.66,1749,0.5465,40,50,58,69,0～26,27～34,35～41,42～49,50～58,59～66,67～74,75～80,81～100
点数,人数,比率（％）,,,,,,,,,,,,,,,,,,
１段階,62,3.544882,,,,,,,,,,,,,,,,,,
0,0,0,,,,,,,,,,,,,,,,,,
1,0,0,,,,,,,,,,,,,,,,,,
2,0,0,,,,,,,,,,,,,,,,,,
3,0,0,,,,,,,,,,,,,,,,,,
4,0,0,,,,,,,,,,,,,,,,,,
5,0,0,,,,,,,,,,,,,,,,,,
6,1,0.06,,,,,,,,,,,,,,,,,,
7,0,0,,,,,,,,,,,,,,,,,,
8,0,0,,,,,,,,,,,,,,,,,,
9,1,0.06,,,,,,,,,,,,,,,,,,
10,0,0,,,,,,,,,,,,,,,,,,
11,0,0,,,,,,,,,,,,,,,,,,
12,3,0.17,*,,,,,,,,,,,,,,,,,
13,0,0,,,,,,,,,,,,,,,,,,
14,0,0,,,,,,,,,,,,,,,,,,
15,2,0.11,*,,,,,,,,,,,,,,,,,
16,1,0.06,,,,,,,,,,,,,,,,,,
17,1,0.06,,,,,,,,,,,,,,,,,,
18,8,0.46,***,,,,,,,,,,,,,,,,,
19,1,0.06,,,,,,,,,,,,,,,,,,
20,2,0.11,*,,,,,,,,,,,,,,,,,
21,7,0.4,**,,,,,,,,,,,,,,,,,
22,6,0.34,**,,,,,,,,,,,,,,,,,
23,2,0.11,*,,,,,,,,,,,,,,,,,
24,8,0.46,***,,,,,,,,,,,,,,,,,
25,10,0.57,***,,,,,,,,,,,,,,,,,
26,9,0.51,***,,,,,,,,,,,,,,,,,
２段階,115,6.575185,,,,,,,,,,,,,,,,,,
27,18,1.03,******,,,,,,,,,,,,,,,,,
28,13,0.74,****,,,,,,,,,,,,,,,,,
29,14,0.8,*****,,,,,,,,,,,,,,,,,
30,15,0.86,*****,,,,,,,,,,,,,,,,,
31,9,0.51,***,,,,,,,,,,,,,,,,,
32,8,0.46,***,,,,,,,,,,,,,,,,,
33,24,1.37,********,,,,,,,,,,,,,,,,,
34,14,0.8,*****,,,,,,,,,,,,,,,,,
３段階,188,10.748999,,,,,,,,,,,,,,,,,,
35,16,0.91,*****,,,,,,,,,,,,,,,,,
36,27,1.54,*********,,,,,,,,,,,,,,,,,
37,25,1.43,*********,,,,,,,,,,,,,,,,,
38,26,1.49,*********,,,,,,,,,,,,,,,,,
39,43,2.46,***************,,,,,,,,,,,,,,,,,
40,23,1.32,********,,,,,,,,,,,,,,,,,
41,28,1.6,**********,,,,,,,,,,,,,,,,,
４段階,308,17.610062,,,,,,,,,,,,,,,,,,
42,33,1.89,***********,,,,,,,,,,,,,,,,,
43,35,2,************,,,,,,,,,,,,,,,,,
44,34,1.94,************,,,,,,,,,,,,,,,,,
45,41,2.34,**************,,,,,,,,,,,,,,,,,
46,44,2.52,***************,,,,,,,,,,,,,,,,,
47,31,1.77,***********,,,,,,,,,,,,,,,,,
48,33,1.89,***********,,,,,,,,,,,,,,,,,
49,57,3.26,********************,,,,,,,,,,,,,,,,,
５段階,362,20.697541,,,,,,,,,,,,,,,,,,
50,27,1.54,*********,,,,,,,,,,,,,,,,,
51,47,2.69,****************,,,,,,,,,,,,,,,,,
52,51,2.92,*****************,,,,,,,,,,,,,,,,,
53,34,1.94,************,,,,,,,,,,,,,,,,,
54,29,1.66,**********,,,,,,,,,,,,,,,,,
55,69,3.95,************************,,,,,,,,,,,,,,,,,
56,32,1.83,***********,,,,,,,,,,,,,,,,,
57,29,1.66,**********,,,,,,,,,,,,,,,,,
58,44,2.52,***************,,,,,,,,,,,,,,,,,
６段階,284,16.23785,,,,,,,,,,,,,,,,,,
59,33,1.89,***********,,,,,,,,,,,,,,,,,
60,29,1.66,**********,,,,,,,,,,,,,,,,,
61,53,3.03,******************,,,,,,,,,,,,,,,,,
62,31,1.77,***********,,,,,,,,,,,,,,,,,
63,31,1.77,***********,,,,,,,,,,,,,,,,,
64,42,2.4,**************,,,,,,,,,,,,,,,,,
65,33,1.89,***********,,,,,,,,,,,,,,,,,
66,32,1.83,***********,,,,,,,,,,,,,,,,,
７段階,234,13.379073,,,,,,,,,,,,,,,,,,
67,45,2.57,***************,,,,,,,,,,,,,,,,,
68,22,1.26,********,,,,,,,,,,,,,,,,,
69,20,1.14,*******,,,,,,,,,,,,,,,,,
70,56,3.2,*******************,,,,,,,,,,,,,,,,,
71,19,1.09,*******,,,,,,,,,,,,,,,,,
72,17,0.97,******,,,,,,,,,,,,,,,,,
73,41,2.34,**************,,,,,,,,,,,,,,,,,
74,14,0.8,*****,,,,,,,,,,,,,,,,,
８段階,125,7.146941,,,,,,,,,,,,,,,,,,
75,13,0.74,****,,,,,,,,,,,,,,,,,
76,30,1.72,**********,,,,,,,,,,,,,,,,,
77,20,1.14,*******,,,,,,,,,,,,,,,,,
78,11,0.63,****,,,,,,,,,,,,,,,,,
79,33,1.89,***********,,,,,,,,,,,,,,,,,
80,18,1.03,******,,,,,,,,,,,,,,,,,
９段階,71,4.059462,,,,,,,,,,,,,,,,,,
81,3,0.17,*,,,,,,,,,,,,,,,,,
82,24,1.37,********,,,,,,,,,,,,,,,,,
83,4,0.23,*,,,,,,,,,,,,,,,,,
84,7,0.4,**,,,,,,,,,,,,,,,,,
85,8,0.46,***,,,,,,,,,,,,,,,,,
86,2,0.11,*,,,,,,,,,,,,,,,,,
87,2,0.11,*,,,,,,,,,,,,,,,,,
88,6,0.34,**,,,,,,,,,,,,,,,,,
89,2,0.11,*,,,,,,,,,,,,,,,,,
90,0,0,,,,,,,,,,,,,,,,,,
91,6,0.34,**,,,,,,,,,,,,,,,,,
92,0,0,,,,,,,,,,,,,,,,,,
93,1,0.06,,,,,,,,,,,,,,,,,,
94,4,0.23,*,,,,,,,,,,,,,,,,,
95,0,0,,,,,,,,,,,,,,,,,,
96,0,0,,,,,,,,,,,,,,,,,,
97,2,0.11,*,,,,,,,,,,,,,,,,,
98,0,0,,,,,,,,,,,,,,,,,,
99,0,0,,,,,,,,,,,,,,,,,,
100,0,0,,,,,,,,,,,,,,,,,,
令和７年度 科目別成績分布図（本試験）,,,,,,,,,,,,,,,,,,,,
科目名,満点,最高点,最低点,平均点,標準偏差,受験者数,得点率,５分値Ｆ１,５分値Ｆ２,５分値Ｆ３,５分値Ｆ４,１段階,２段階,３段階,４段階,５段階,６段階,７段階,８段階,９段階
旧政治・経済,100,100,0,59.84,16.53,1944,0.5984,45,55,64,74,0～29,30～37,38～46,47～55,56～64,65～72,73～79,80～86,87～100
点数,人数,比率（％）,,,,,,,,,,,,,,,,,,
１段階,71,3.652263,,,,,,,,,,,,,,,,,,
0,1,0.05,,,,,,,,,,,,,,,,,,
1,0,0,,,,,,,,,,,,,,,,,,
2,0,0,,,,,,,,,,,,,,,,,,
3,1,0.05,,,,,,,,,,,,,,,,,,
4,0,0,,,,,,,,,,,,,,,,,,
5,0,0,,,,,,,,,,,,,,,,,,
6,0,0,,,,,,,,,,,,,,,,,,
7,0,0,,,,,,,,,,,,,,,,,,
8,0,0,,,,,,,,,,,,,,,,,,
9,0,0,,,,,,,,,,,,,,,,,,
10,0,0,,,,,,,,,,,,,,,,,,
11,0,0,,,,,,,,,,,,,,,,,,
12,0,0,,,,,,,,,,,,,,,,,,
13,1,0.05,,,,,,,,,,,,,,,,,,
14,2,0.1,*,,,,,,,,,,,,,,,,,
15,1,0.05,,,,,,,,,,,,,,,,,,
16,6,0.31,**,,,,,,,,,,,,,,,,,
17,2,0.1,*,,,,,,,,,,,,,,,,,
18,0,0,,,,,,,,,,,,,,,,,,
19,3,0.15,*,,,,,,,,,,,,,,,,,
20,3,0.15,*,,,,,,,,,,,,,,,,,
21,1,0.05,,,,,,,,,,,,,,,,,,
22,4,0.21,*,,,,,,,,,,,,,,,,,
23,1,0.05,,,,,,,,,,,,,,,,,,
24,4,0.21,*,,,,,,,,,,,,,,,,,
25,5,0.26,**,,,,,,,,,,,,,,,,,
26,13,0.67,****,,,,,,,,,,,,,,,,,
27,5,0.26,**,,,,,,,,,,,,,,,,,
28,7,0.36,**,,,,,,,,,,,,,,,,,
29,11,0.57,***,,,,,,,,,,,,,,,,,
２段階,120,6.172839,,,,,,,,,,,,,,,,,,
30,10,0.51,***,,,,,,,,,,,,,,,,,
31,11,0.57,***,,,,,,,,,,,,,,,,,
32,9,0.46,***,,,,,,,,,,,,,,,,,
33,12,0.62,****,,,,,,,,,,,,,,,,,
34,19,0.98,******,,,,,,,,,,,,,,,,,
35,15,0.77,*****,,,,,,,,,,,,,,,,,
36,16,0.82,*****,,,,,,,,,,,,,,,,,
37,28,1.44,*********,,,,,,,,,,,,,,,,,
３段階,230,11.831275,,,,,,,,,,,,,,,,,,
38,22,1.13,*******,,,,,,,,,,,,,,,,,
39,16,0.82,*****,,,,,,,,,,,,,,,,,
40,26,1.34,********,,,,,,,,,,,,,,,,,
41,25,1.29,********,,,,,,,,,,,,,,,,,
42,16,0.82,*****,,,,,,,,,,,,,,,,,
43,31,1.59,**********,,,,,,,,,,,,,,,,,
44,34,1.75,**********,,,,,,,,,,,,,,,,,
45,30,1.54,*********,,,,,,,,,,,,,,,,,
46,30,1.54,*********,,,,,,,,,,,,,,,,,
４段階,341,17.541152,,,,,,,,,,,,,,,,,,
47,33,1.7,**********,,,,,,,,,,,,,,,,,
48,39,2.01,************,,,,,,,,,,,,,,,,,
49,31,1.59,**********,,,,,,,,,,,,,,,,,
50,50,2.57,***************,,,,,,,,,,,,,,,,,
51,40,2.06,************,,,,,,,,,,,,,,,,,
52,45,2.31,**************,,,,,,,,,,,,,,,,,
53,27,1.39,********,,,,,,,,,,,,,,,,,
54,35,1.8,***********,,,,,,,,,,,,,,,,,
55,41,2.11,*************,,,,,,,,,,,,,,,,,
５段階,397,20.42181,,,,,,,,,,,,,,,,,,
56,42,2.16,*************,,,,,,,,,,,,,,,,,
57,44,2.26,**************,,,,,,,,,,,,,,,,,
58,46,2.37,**************,,,,,,,,,,,,,,,,,
59,43,2.21,*************,,,,,,,,,,,,,,,,,
60,54,2.78,*****************,,,,,,,,,,,,,,,,,
61,55,2.83,*****************,,,,,,,,,,,,,,,,,
62,40,2.06,************,,,,,,,,,,,,,,,,,
63,31,1.59,**********,,,,,,,,,,,,,,,,,
64,42,2.16,*************,,,,,,,,,,,,,,,,,
６段階,304,15.63786,,,,,,,,,,,,,,,,,,
65,52,2.67,****************,,,,,,,,,,,,,,,,,
66,26,1.34,********,,,,,,,,,,,,,,,,,
67,48,2.47,***************,,,,,,,,,,,,,,,,,
68,37,1.9,***********,,,,,,,,,,,,,,,,,
69,24,1.23,*******,,,,,,,,,,,,,,,,,
70,32,1.65,**********,,,,,,,,,,,,,,,,,
71,48,2.47,***************,,,,,,,,,,,,,,,,,
72,37,1.9,***********,,,,,,,,,,,,,,,,,
７段階,226,11.625514,,,,,,,,,,,,,,,,,,
73,34,1.75,**********,,,,,,,,,,,,,,,,,
74,47,2.42,***************,,,,,,,,,,,,,,,,,
75,26,1.34,********,,,,,,,,,,,,,,,,,
76,23,1.18,*******,,,,,,,,,,,,,,,,,
77,52,2.67,****************,,,,,,,,,,,,,,,,,
78,29,1.49,*********,,,,,,,,,,,,,,,,,
79,15,0.77,*****,,,,,,,,,,,,,,,,,
８段階,162,8.333333,,,,,,,,,,,,,,,,,,
80,42,2.16,*************,,,,,,,,,,,,,,,,,
81,33,1.7,**********,,,,,,,,,,,,,,,,,
82,7,0.36,**,,,,,,,,,,,,,,,,,
83,28,1.44,*********,,,,,,,,,,,,,,,,,
84,30,1.54,*********,,,,,,,,,,,,,,,,,
85,6,0.31,**,,,,,,,,,,,,,,,,,
86,16,0.82,*****,,,,,,,,,,,,,,,,,
９段階,93,4.78395,,,,,,,,,,,,,,,,,,
87,29,1.49,*********,,,,,,,,,,,,,,,,,
88,9,0.46,***,,,,,,,,,,,,,,,,,
89,6,0.31,**,,,,,,,,,,,,,,,,,
90,16,0.82,*****,,,,,,,,,,,,,,,,,
91,7,0.36,**,,,,,,,,,,,,,,,,,
92,2,0.1,*,,,,,,,,,,,,,,,,,
93,8,0.41,**,,,,,,,,,,,,,,,,,
94,6,0.31,**,,,,,,,,,,,,,,,,,
95,0,0,,,,,,,,,,,,,,,,,,
96,2,0.1,*,,,,,,,,,,,,,,,,,
97,6,0.31,**,,,,,,,,,,,,,,,,,
98,0,0,,,,,,,,,,,,,,,,,,
99,0,0,,,,,,,,,,,,,,,,,,
100,2,0.1,*,,,,,,,,,,,,,,,,,
令和７年度 科目別成績分布図（本試験）,,,,,,,,,,,,,,,,,,,,
科目名,満点,最高点,最低点,平均点,標準偏差,受験者数,得点率,５分値Ｆ１,５分値Ｆ２,５分値Ｆ３,５分値Ｆ４,１段階,２段階,３段階,４段階,５段階,６段階,７段階,８段階,９段階
旧倫理，旧政治・経済,100,97,9,62.03,15.98,6148,0.6203,47,59,68,76,0～31,32～40,41～49,50～58,59～67,68～74,75～80,81～86,87～100
点数,人数,比率（％）,,,,,,,,,,,,,,,,,,
１段階,222,3.61093,,,,,,,,,,,,,,,,,,
0,0,0,,,,,,,,,,,,,,,,,,
1,0,0,,,,,,,,,,,,,,,,,,
2,0,0,,,,,,,,,,,,,,,,,,
3,0,0,,,,,,,,,,,,,,,,,,
4,0,0,,,,,,,,,,,,,,,,,,
5,0,0,,,,,,,,,,,,,,,,,,
6,0,0,,,,,,,,,,,,,,,,,,
7,0,0,,,,,,,,,,,,,,,,,,
8,0,0,,,,,,,,,,,,,,,,,,
9,2,0.03,,,,,,,,,,,,,,,,,,
10,2,0.03,,,,,,,,,,,,,,,,,,
11,0,0,,,,,,,,,,,,,,,,,,
12,2,0.03,,,,,,,,,,,,,,,,,,
13,1,0.02,,,,,,,,,,,,,,,,,,
14,0,0,,,,,,,,,,,,,,,,,,
15,2,0.03,,,,,,,,,,,,,,,,,,
16,3,0.05,,,,,,,,,,,,,,,,,,
17,3,0.05,,,,,,,,,,,,,,,,,,
18,12,0.2,*,,,,,,,,,,,,,,,,,
19,8,0.13,*,,,,,,,,,,,,,,,,,
20,4,0.07,,,,,,,,,,,,,,,,,,
21,5,0.08,,,,,,,,,,,,,,,,,,
22,10,0.16,*,,,,,,,,,,,,,,,,,
23,12,0.2,*,,,,,,,,,,,,,,,,,
24,13,0.21,*,,,,,,,,,,,,,,,,,
25,18,0.29,**,,,,,,,,,,,,,,,,,
26,14,0.23,*,,,,,,,,,,,,,,,,,
27,9,0.15,*,,,,,,,,,,,,,,,,,
28,28,0.46,***,,,,,,,,,,,,,,,,,
29,26,0.42,***,,,,,,,,,,,,,,,,,
30,22,0.36,**,,,,,,,,,,,,,,,,,
31,26,0.42,***,,,,,,,,,,,,,,,,,
２段階,396,6.441119,,,,,,,,,,,,,,,,,,
32,53,0.86,*****,,,,,,,,,,,,,,,,,
33,19,0.31,**,,,,,,,,,,,,,,,,,
34,41,0.67,****,,,,,,,,,,,,,,,,,
35,73,1.19,*******,,,,,,,,,,,,,,,,,
36,29,0.47,***,,,,,,,,,,,,,,,,,
37,25,0.41,**,,,,,,,,,,,,,,,,,
38,79,1.28,********,,,,,,,,,,,,,,,,,
39,50,0.81,*****,,,,,,,,,,,,,,,,,
40,27,0.44,***,,,,,,,,,,,,,,,,,
３段階,758,12.329212,,,,,,,,,,,,,,,,,,
41,89,1.45,*********,,,,,,,,,,,,,,,,,
42,82,1.33,********,,,,,,,,,,,,,,,,,
43,27,0.44,***,,,,,,,,,,,,,,,,,
44,116,1.89,***********,,,,,,,,,,,,,,,,,
45,118,1.92,************,,,,,,,,,,,,,,,,,
46,34,0.55,***,,,,,,,,,,,,,,,,,
47,119,1.94,************,,,,,,,,,,,,,,,,,
48,140,2.28,**************,,,,,,,,,,,,,,,,,
49,33,0.54,***,,,,,,,,,,,,,,,,,
４段階,1024,16.655823,,,,,,,,,,,,,,,,,,
50,112,1.82,***********,,,,,,,,,,,,,,,,,
51,163,2.65,****************,,,,,,,,,,,,,,,,,
52,36,0.59,****,,,,,,,,,,,,,,,,,
53,132,2.15,*************,,,,,,,,,,,,,,,,,
54,171,2.78,*****************,,,,,,,,,,,,,,,,,
55,37,0.6,****,,,,,,,,,,,,,,,,,
56,113,1.84,***********,,,,,,,,,,,,,,,,,
57,220,3.58,*********************,,,,,,,,,,,,,,,,,
58,40,0.65,****,,,,,,,,,,,,,,,,,
５段階,1220,19.843851,,,,,,,,,,,,,,,,,,
59,106,1.72,**********,,,,,,,,,,,,,,,,,
60,238,3.87,***********************,,,,,,,,,,,,,,,,,
61,41,0.67,****,,,,,,,,,,,,,,,,,
62,93,1.51,*********,,,,,,,,,,,,,,,,,
63,254,4.13,*************************,,,,,,,,,,,,,,,,,
64,44,0.72,****,,,,,,,,,,,,,,,,,
65,112,1.82,***********,,,,,,,,,,,,,,,,,
66,271,4.41,**************************,,,,,,,,,,,,,,,,,
67,61,0.99,******,,,,,,,,,,,,,,,,,
６段階,945,15.370852,,,,,,,,,,,,,,,,,,
68,104,1.69,**********,,,,,,,,,,,,,,,,,
69,265,4.31,**************************,,,,,,,,,,,,,,,,,
70,55,0.89,*****,,,,,,,,,,,,,,,,,
71,90,1.46,*********,,,,,,,,,,,,,,,,,
72,298,4.85,*****************************,,,,,,,,,,,,,,,,,
73,53,0.86,*****,,,,,,,,,,,,,,,,,
74,80,1.3,********,,,,,,,,,,,,,,,,,
７段階,750,12.199089,,,,,,,,,,,,,,,,,,
75,292,4.75,****************************,,,,,,,,,,,,,,,,,
76,63,1.02,******,,,,,,,,,,,,,,,,,
77,51,0.83,*****,,,,,,,,,,,,,,,,,
78,251,4.08,************************,,,,,,,,,,,,,,,,,
79,53,0.86,*****,,,,,,,,,,,,,,,,,
80,40,0.65,****,,,,,,,,,,,,,,,,,
８段階,550,8.945998,,,,,,,,,,,,,,,,,,
81,212,3.45,*********************,,,,,,,,,,,,,,,,,
82,60,0.98,******,,,,,,,,,,,,,,,,,
83,24,0.39,**,,,,,,,,,,,,,,,,,
84,187,3.04,******************,,,,,,,,,,,,,,,,,
85,55,0.89,*****,,,,,,,,,,,,,,,,,
86,12,0.2,*,,,,,,,,,,,,,,,,,
９段階,283,4.603122,,,,,,,,,,,,,,,,,,
87,104,1.69,**********,,,,,,,,,,,,,,,,,
88,40,0.65,****,,,,,,,,,,,,,,,,,
89,3,0.05,,,,,,,,,,,,,,,,,,
90,55,0.89,*****,,,,,,,,,,,,,,,,,
91,37,0.6,****,,,,,,,,,,,,,,,,,
92,0,0,,,,,,,,,,,,,,,,,,
93,20,0.33,**,,,,,,,,,,,,,,,,,
94,16,0.26,**,,,,,,,,,,,,,,,,,
95,0,0,,,,,,,,,,,,,,,,,,
96,3,0.05,,,,,,,,,,,,,,,,,,
97,5,0.08,,,,,,,,,,,,,,,,,,
98,0,0,,,,,,,,,,,,,,,,,,
99,0,0,,,,,,,,,,,,,,,,,,
100,0,0,,,,,,,,,,,,,,,,,,
令和７年度 教科別成績分布図（本試験）,,,,,,,,,,,,,,,,,,,,
教科名,満点,最高点,最低点,平均点,標準偏差,受験者数,得点率,５分値Ｆ１,５分値Ｆ２,５分値Ｆ３,５分値Ｆ４,,,,,,,,,
地理総合／歴史総合／公共,50,50,0,23.57,8.99,15582,0.4715,15,21,25,31,,,,,,,,,
点数,人数,比率（％）,,,,,,,,,,,,,,,,,,
0,247,1.59,**********,,,,,,,,,,,,,,,,,
1,0,0,,,,,,,,,,,,,,,,,,
2,0,0,,,,,,,,,,,,,,,,,,
3,79,0.51,***,,,,,,,,,,,,,,,,,
4,16,0.1,*,,,,,,,,,,,,,,,,,
5,0,0,,,,,,,,,,,,,,,,,,
6,238,1.53,*********,,,,,,,,,,,,,,,,,
7,92,0.59,****,,,,,,,,,,,,,,,,,
8,0,0,,,,,,,,,,,,,,,,,,
9,386,2.48,***************,,,,,,,,,,,,,,,,,
10,226,1.45,*********,,,,,,,,,,,,,,,,,
11,18,0.12,*,,,,,,,,,,,,,,,,,
12,523,3.36,********************,,,,,,,,,,,,,,,,,
13,428,2.75,****************,,,,,,,,,,,,,,,,,
14,72,0.46,***,,,,,,,,,,,,,,,,,
15,583,3.74,**********************,,,,,,,,,,,,,,,,,
16,651,4.18,*************************,,,,,,,,,,,,,,,,,
17,176,1.13,*******,,,,,,,,,,,,,,,,,
18,574,3.68,**********************,,,,,,,,,,,,,,,,,
19,902,5.79,***********************************,,,,,,,,,,,,,,,,,
20,309,1.98,************,,,,,,,,,,,,,,,,,
21,542,3.48,*********************,,,,,,,,,,,,,,,,,
22,1076,6.91,****************************************,OV,,,,,,,,,,,,,,,,
23,446,2.86,*****************,,,,,,,,,,,,,,,,,
24,406,2.61,****************,,,,,,,,,,,,,,,,,
25,1093,7.01,****************************************,OV,,,,,,,,,,,,,,,,
26,609,3.91,***********************,,,,,,,,,,,,,,,,,
27,237,1.52,*********,,,,,,,,,,,,,,,,,
28,952,6.11,*************************************,,,,,,,,,,,,,,,,,
29,725,4.65,****************************,,,,,,,,,,,,,,,,,
30,126,0.81,*****,,,,,,,,,,,,,,,,,
31,783,5.03,******************************,,,,,,,,,,,,,,,,,
32,739,4.74,****************************,,,,,,,,,,,,,,,,,
33,41,0.26,**,,,,,,,,,,,,,,,,,
34,416,2.67,****************,,,,,,,,,,,,,,,,,
35,670,4.3,**************************,,,,,,,,,,,,,,,,,
36,15,0.1,*,,,,,,,,,,,,,,,,,
37,184,1.18,*******,,,,,,,,,,,,,,,,,
38,513,3.29,********************,,,,,,,,,,,,,,,,,
39,0,0,,,,,,,,,,,,,,,,,,
40,65,0.42,***,,,,,,,,,,,,,,,,,
41,258,1.66,**********,,,,,,,,,,,,,,,,,
42,0,0,,,,,,,,,,,,,,,,,,
43,19,0.12,*,,,,,,,,,,,,,,,,,
44,112,0.72,****,,,,,,,,,,,,,,,,,
45,0,0,,,,,,,,,,,,,,,,,,
46,2,0.01,,,,,,,,,,,,,,,,,,
47,29,0.19,*,,,,,,,,,,,,,,,,,
48,0,0,,,,,,,,,,,,,,,,,,
49,0,0,,,,,,,,,,,,,,,,,,
50,4,0.03,,,,,,,,,,,,,,,,,,
令和７年度 科目別成績分布図（本試験）,,,,,,,,,,,,,,,,,,,,
科目名,満点,最高点,最低点,平均点,標準偏差,受験者数,得点率,５分値Ｆ１,５分値Ｆ２,５分値Ｆ３,５分値Ｆ４,１段階,２段階,３段階,４段階,５段階,６段階,７段階,８段階,９段階
地理総合／歴史総合／公共,100,94,0,47.15,15.3,7791,0.4715,34,43,51,60,0～18,19～27,28～34,35～43,44～50,51～58,59～65,66～72,73～100
点数,人数,比率（％）,,,,,,,,,,,,,,,,,,
１段階,265,3.40136,,,,,,,,,,,,,,,,,,
0,29,0.37,**,,,,,,,,,,,,,,,,,
1,0,0,,,,,,,,,,,,,,,,,,
2,0,0,,,,,,,,,,,,,,,,,,
3,5,0.06,,,,,,,,,,,,,,,,,,
4,2,0.03,,,,,,,,,,,,,,,,,,
5,0,0,,,,,,,,,,,,,,,,,,
6,12,0.15,*,,,,,,,,,,,,,,,,,
7,5,0.06,,,,,,,,,,,,,,,,,,
8,0,0,,,,,,,,,,,,,,,,,,
9,23,0.3,**,,,,,,,,,,,,,,,,,
10,11,0.14,*,,,,,,,,,,,,,,,,,
11,0,0,,,,,,,,,,,,,,,,,,
12,22,0.28,**,,,,,,,,,,,,,,,,,
13,23,0.3,**,,,,,,,,,,,,,,,,,
14,4,0.05,,,,,,,,,,,,,,,,,,
15,38,0.49,***,,,,,,,,,,,,,,,,,
16,35,0.45,***,,,,,,,,,,,,,,,,,
17,2,0.03,,,,,,,,,,,,,,,,,,
18,54,0.69,****,,,,,,,,,,,,,,,,,
２段階,538,6.905403,,,,,,,,,,,,,,,,,,
19,65,0.83,*****,,,,,,,,,,,,,,,,,
20,14,0.18,*,,,,,,,,,,,,,,,,,
21,69,0.89,*****,,,,,,,,,,,,,,,,,
22,63,0.81,*****,,,,,,,,,,,,,,,,,
23,30,0.39,**,,,,,,,,,,,,,,,,,
24,83,1.07,******,,,,,,,,,,,,,,,,,
25,113,1.45,*********,,,,,,,,,,,,,,,,,
26,39,0.5,***,,,,,,,,,,,,,,,,,
27,62,0.8,*****,,,,,,,,,,,,,,,,,
３段階,812,10.422282,,,,,,,,,,,,,,,,,,
28,136,1.75,**********,,,,,,,,,,,,,,,,,
29,66,0.85,*****,,,,,,,,,,,,,,,,,
30,84,1.08,******,,,,,,,,,,,,,,,,,
31,158,2.03,************,,,,,,,,,,,,,,,,,
32,110,1.41,********,,,,,,,,,,,,,,,,,
33,76,0.98,******,,,,,,,,,,,,,,,,,
34,182,2.34,**************,,,,,,,,,,,,,,,,,
４段階,1466,18.816583,,,,,,,,,,,,,,,,,,
35,148,1.9,***********,,,,,,,,,,,,,,,,,
36,92,1.18,*******,,,,,,,,,,,,,,,,,
37,208,2.67,****************,,,,,,,,,,,,,,,,,
38,208,2.67,****************,,,,,,,,,,,,,,,,,
39,101,1.3,********,,,,,,,,,,,,,,,,,
40,167,2.14,*************,,,,,,,,,,,,,,,,,
41,233,2.99,******************,,,,,,,,,,,,,,,,,
42,123,1.58,*********,,,,,,,,,,,,,,,,,
43,186,2.39,**************,,,,,,,,,,,,,,,,,
５段階,1373,17.622898,,,,,,,,,,,,,,,,,,
44,245,3.14,*******************,,,,,,,,,,,,,,,,,
45,144,1.85,***********,,,,,,,,,,,,,,,,,
46,164,2.1,*************,,,,,,,,,,,,,,,,,
47,274,3.52,*********************,,,,,,,,,,,,,,,,,
48,185,2.37,**************,,,,,,,,,,,,,,,,,
49,132,1.69,**********,,,,,,,,,,,,,,,,,
50,229,2.94,******************,,,,,,,,,,,,,,,,,
６段階,1435,18.418688,,,,,,,,,,,,,,,,,,
51,201,2.58,***************,,,,,,,,,,,,,,,,,
52,116,1.49,*********,,,,,,,,,,,,,,,,,
53,241,3.09,*******************,,,,,,,,,,,,,,,,,
54,243,3.12,*******************,,,,,,,,,,,,,,,,,
55,110,1.41,********,,,,,,,,,,,,,,,,,
56,182,2.34,**************,,,,,,,,,,,,,,,,,
57,238,3.05,******************,,,,,,,,,,,,,,,,,
58,104,1.33,********,,,,,,,,,,,,,,,,,
７段階,976,12.527275,,,,,,,,,,,,,,,,,,
59,162,2.08,************,,,,,,,,,,,,,,,,,
60,225,2.89,*****************,,,,,,,,,,,,,,,,,
61,133,1.71,**********,,,,,,,,,,,,,,,,,
62,100,1.28,********,,,,,,,,,,,,,,,,,
63,170,2.18,*************,,,,,,,,,,,,,,,,,
64,127,1.63,**********,,,,,,,,,,,,,,,,,
65,59,0.76,*****,,,,,,,,,,,,,,,,,
８段階,601,7.714029,,,,,,,,,,,,,,,,,,
66,153,1.96,************,,,,,,,,,,,,,,,,,
67,111,1.42,*********,,,,,,,,,,,,,,,,,
68,35,0.45,***,,,,,,,,,,,,,,,,,
69,115,1.48,*********,,,,,,,,,,,,,,,,,
70,88,1.13,*******,,,,,,,,,,,,,,,,,
71,21,0.27,**,,,,,,,,,,,,,,,,,
72,78,1,******,,,,,,,,,,,,,,,,,
９段階,325,4.171479,,,,,,,,,,,,,,,,,,
73,87,1.12,*******,,,,,,,,,,,,,,,,,
74,6,0.08,,,,,,,,,,,,,,,,,,
75,36,0.46,***,,,,,,,,,,,,,,,,,
76,57,0.73,****,,,,,,,,,,,,,,,,,
77,1,0.01,,,,,,,,,,,,,,,,,,
78,24,0.31,**,,,,,,,,,,,,,,,,,
79,38,0.49,***,,,,,,,,,,,,,,,,,
80,2,0.03,,,,,,,,,,,,,,,,,,
81,12,0.15,*,,,,,,,,,,,,,,,,,
82,30,0.39,**,,,,,,,,,,,,,,,,,
83,0,0,,,,,,,,,,,,,,,,,,
84,4,0.05,,,,,,,,,,,,,,,,,,
85,19,0.24,*,,,,,,,,,,,,,,,,,
86,0,0,,,,,,,,,,,,,,,,,,
87,1,0.01,,,,,,,,,,,,,,,,,,
88,3,0.04,,,,,,,,,,,,,,,,,,
89,0,0,,,,,,,,,,,,,,,,,,
90,1,0.01,,,,,,,,,,,,,,,,,,
91,3,0.04,,,,,,,,,,,,,,,,,,
92,0,0,,,,,,,,,,,,,,,,,,
93,0,0,,,,,,,,,,,,,,,,,,
94,1,0.01,,,,,,,,,,,,,,,,,,
95,0,0,,,,,,,,,,,,,,,,,,
96,0,0,,,,,,,,,,,,,,,,,,
97,0,0,,,,,,,,,,,,,,,,,,
98,0,0,,,,,,,,,,,,,,,,,,
99,0,0,,,,,,,,,,,,,,,,,,
100,0,0,,,,,,,,,,,,,,,,,,
令和７年度 科目別成績分布図（本試験）,,,,,,,,,,,,,,,,,,,,
科目名,満点,最高点,最低点,平均点,標準偏差,受験者数,得点率,５分値Ｆ１,５分値Ｆ２,５分値Ｆ３,５分値Ｆ４,１段階,２段階,３段階,４段階,５段階,６段階,７段階,８段階,９段階
地理総合,50,47,0,21.75,8.08,5950,0.4351,14,19,23,28,0～8,9～11,12～15,16～18,19～22,23～27,28～31,32～34,35～50
点数,人数,比率（％）,,,,,,,,,,,,,,,,,,
１段階,233,3.915966,,,,,,,,,,,,,,,,,,
0,16,0.27,**,,,,,,,,,,,,,,,,,
1,0,0,,,,,,,,,,,,,,,,,,
2,0,0,,,,,,,,,,,,,,,,,,
3,33,0.55,***,,,,,,,,,,,,,,,,,
4,14,0.24,*,,,,,,,,,,,,,,,,,
5,0,0,,,,,,,,,,,,,,,,,,
6,103,1.73,**********,,,,,,,,,,,,,,,,,
7,67,1.13,*******,,,,,,,,,,,,,,,,,
8,0,0,,,,,,,,,,,,,,,,,,
２段階,353,5.932773,,,,,,,,,,,,,,,,,,
9,167,2.81,*****************,,,,,,,,,,,,,,,,,
10,171,2.87,*****************,,,,,,,,,,,,,,,,,
11,15,0.25,**,,,,,,,,,,,,,,,,,
３段階,708,11.899159,,,,,,,,,,,,,,,,,,
12,178,2.99,******************,,,,,,,,,,,,,,,,,
13,310,5.21,*******************************,,,,,,,,,,,,,,,,,
14,62,1.04,******,,,,,,,,,,,,,,,,,
15,158,2.66,****************,,,,,,,,,,,,,,,,,
４段階,661,11.109243,,,,,,,,,,,,,,,,,,
16,407,6.84,****************************************,OV,,,,,,,,,,,,,,,,
17,145,2.44,***************,,,,,,,,,,,,,,,,,
18,109,1.83,***********,,,,,,,,,,,,,,,,,
５段階,1315,22.10084,,,,,,,,,,,,,,,,,,
19,508,8.54,****************************************,OV,,,,,,,,,,,,,,,,
20,250,4.2,*************************,,,,,,,,,,,,,,,,,
21,66,1.11,*******,,,,,,,,,,,,,,,,,
22,491,8.25,****************************************,OV,,,,,,,,,,,,,,,,
６段階,1128,18.957983,,,,,,,,,,,,,,,,,,
23,322,5.41,********************************,,,,,,,,,,,,,,,,,
24,42,0.71,****,,,,,,,,,,,,,,,,,
25,360,6.05,************************************,,,,,,,,,,,,,,,,,
26,393,6.61,****************************************,,,,,,,,,,,,,,,,,
27,11,0.18,*,,,,,,,,,,,,,,,,,
７段階,778,13.07563,,,,,,,,,,,,,,,,,,
28,245,4.12,*************************,,,,,,,,,,,,,,,,,
29,373,6.27,**************************************,,,,,,,,,,,,,,,,,
30,9,0.15,*,,,,,,,,,,,,,,,,,
31,151,2.54,***************,,,,,,,,,,,,,,,,,
８段階,366,6.15126,,,,,,,,,,,,,,,,,,
32,298,5.01,******************************,,,,,,,,,,,,,,,,,
33,3,0.05,,,,,,,,,,,,,,,,,,
34,65,1.09,*******,,,,,,,,,,,,,,,,,
９段階,408,6.857142,,,,,,,,,,,,,,,,,,
35,172,2.89,*****************,,,,,,,,,,,,,,,,,
36,1,0.02,,,,,,,,,,,,,,,,,,
37,30,0.5,***,,,,,,,,,,,,,,,,,
38,135,2.27,**************,,,,,,,,,,,,,,,,,
39,0,0,,,,,,,,,,,,,,,,,,
40,7,0.12,*,,,,,,,,,,,,,,,,,
41,44,0.74,****,,,,,,,,,,,,,,,,,
42,0,0,,,,,,,,,,,,,,,,,,
43,2,0.03,,,,,,,,,,,,,,,,,,
44,12,0.2,*,,,,,,,,,,,,,,,,,
45,0,0,,,,,,,,,,,,,,,,,,
46,1,0.02,,,,,,,,,,,,,,,,,,
47,4,0.07,,,,,,,,,,,,,,,,,,
48,0,0,,,,,,,,,,,,,,,,,,
49,0,0,,,,,,,,,,,,,,,,,,
50,0,0,,,,,,,,,,,,,,,,,,
令和７年度 科目別成績分布図（本試験）,,,,,,,,,,,,,,,,,,,,
科目名,満点,最高点,最低点,平均点,標準偏差,受験者数,得点率,５分値Ｆ１,５分値Ｆ２,５分値Ｆ３,５分値Ｆ４,１段階,２段階,３段階,４段階,５段階,６段階,７段階,８段階,９段階
歴史総合,50,50,0,24.83,8.88,4005,0.4966,17,22,27,32,0～8,9～12,13～17,18～21,22～27,28～31,32～34,35～39,40～50
点数,人数,比率（％）,,,,,,,,,,,,,,,,,,
１段階,113,2.821473,,,,,,,,,,,,,,,,,,
0,35,0.87,*****,,,,,,,,,,,,,,,,,
1,0,0,,,,,,,,,,,,,,,,,,
2,0,0,,,,,,,,,,,,,,,,,,
3,12,0.3,**,,,,,,,,,,,,,,,,,
4,1,0.02,,,,,,,,,,,,,,,,,,
5,0,0,,,,,,,,,,,,,,,,,,
6,55,1.37,********,,,,,,,,,,,,,,,,,
7,10,0.25,*,,,,,,,,,,,,,,,,,
8,0,0,,,,,,,,,,,,,,,,,,
２段階,263,6.566791,,,,,,,,,,,,,,,,,,
9,93,2.32,**************,,,,,,,,,,,,,,,,,
10,33,0.82,*****,,,,,,,,,,,,,,,,,
11,1,0.02,,,,,,,,,,,,,,,,,,
12,136,3.4,********************,,,,,,,,,,,,,,,,,
３段階,409,10.212234,,,,,,,,,,,,,,,,,,
13,57,1.42,*********,,,,,,,,,,,,,,,,,
14,8,0.2,*,,,,,,,,,,,,,,,,,
15,168,4.19,*************************,,,,,,,,,,,,,,,,,
16,151,3.77,***********************,,,,,,,,,,,,,,,,,
17,25,0.62,****,,,,,,,,,,,,,,,,,
４段階,591,14.756554,,,,,,,,,,,,,,,,,,
18,167,4.17,*************************,,,,,,,,,,,,,,,,,
19,225,5.62,**********************************,,,,,,,,,,,,,,,,,
20,52,1.3,********,,,,,,,,,,,,,,,,,
21,147,3.67,**********************,,,,,,,,,,,,,,,,,
５段階,988,24.669163,,,,,,,,,,,,,,,,,,
22,275,6.87,****************************************,OV,,,,,,,,,,,,,,,,
23,100,2.5,***************,,,,,,,,,,,,,,,,,
24,96,2.4,**************,,,,,,,,,,,,,,,,,
25,310,7.74,****************************************,OV,,,,,,,,,,,,,,,,
26,148,3.7,**********************,,,,,,,,,,,,,,,,,
27,59,1.47,*********,,,,,,,,,,,,,,,,,
６段階,671,16.754057,,,,,,,,,,,,,,,,,,
28,231,5.77,***********************************,,,,,,,,,,,,,,,,,
29,210,5.24,*******************************,,,,,,,,,,,,,,,,,
30,30,0.75,****,,,,,,,,,,,,,,,,,
31,200,4.99,******************************,,,,,,,,,,,,,,,,,
７段階,324,8.089887,,,,,,,,,,,,,,,,,,
32,221,5.52,*********************************,,,,,,,,,,,,,,,,,
33,10,0.25,*,,,,,,,,,,,,,,,,,
34,93,2.32,**************,,,,,,,,,,,,,,,,,
８段階,472,11.785268,,,,,,,,,,,,,,,,,,
35,241,6.02,************************************,,,,,,,,,,,,,,,,,
36,2,0.05,,,,,,,,,,,,,,,,,,
37,47,1.17,*******,,,,,,,,,,,,,,,,,
38,182,4.54,***************************,,,,,,,,,,,,,,,,,
39,0,0,,,,,,,,,,,,,,,,,,
９段階,174,4.344569,,,,,,,,,,,,,,,,,,
40,17,0.42,***,,,,,,,,,,,,,,,,,
41,95,2.37,**************,,,,,,,,,,,,,,,,,
42,0,0,,,,,,,,,,,,,,,,,,
43,3,0.07,,,,,,,,,,,,,,,,,,
44,42,1.05,******,,,,,,,,,,,,,,,,,
45,0,0,,,,,,,,,,,,,,,,,,
46,1,0.02,,,,,,,,,,,,,,,,,,
47,15,0.37,**,,,,,,,,,,,,,,,,,
48,0,0,,,,,,,,,,,,,,,,,,
49,0,0,,,,,,,,,,,,,,,,,,
50,1,0.02,,,,,,,,,,,,,,,,,,
令和７年度 科目別成績分布図（本試験）,,,,,,,,,,,,,,,,,,,,
科目名,満点,最高点,最低点,平均点,標準偏差,受験者数,得点率,５分値Ｆ１,５分値Ｆ２,５分値Ｆ３,５分値Ｆ４,１段階,２段階,３段階,４段階,５段階,６段階,７段階,８段階,９段階
公共,50,50,0,25.28,8.86,5477,0.5055,17,23,28,32,0～8,9～14,15～18,19～23,24～27,28～31,32～34,35～39,40～50
点数,人数,比率（％）,,,,,,,,,,,,,,,,,,
１段階,176,3.213438,,,,,,,,,,,,,,,,,,
0,46,0.84,*****,,,,,,,,,,,,,,,,,
1,0,0,,,,,,,,,,,,,,,,,,
2,0,0,,,,,,,,,,,,,,,,,,
3,34,0.62,****,,,,,,,,,,,,,,,,,
4,1,0.02,,,,,,,,,,,,,,,,,,
5,0,0,,,,,,,,,,,,,,,,,,
6,80,1.46,*********,,,,,,,,,,,,,,,,,
7,15,0.27,**,,,,,,,,,,,,,,,,,
8,0,0,,,,,,,,,,,,,,,,,,
２段階,422,7.704947,,,,,,,,,,,,,,,,,,
9,126,2.3,**************,,,,,,,,,,,,,,,,,
10,22,0.4,**,,,,,,,,,,,,,,,,,
11,2,0.04,,,,,,,,,,,,,,,,,,
12,209,3.82,***********************,,,,,,,,,,,,,,,,,
13,61,1.11,*******,,,,,,,,,,,,,,,,,
14,2,0.04,,,,,,,,,,,,,,,,,,
３段階,654,11.940843,,,,,,,,,,,,,,,,,,
15,257,4.69,****************************,,,,,,,,,,,,,,,,,
16,93,1.7,**********,,,,,,,,,,,,,,,,,
17,6,0.11,*,,,,,,,,,,,,,,,,,
18,298,5.44,*********************************,,,,,,,,,,,,,,,,,
４段階,839,15.318605,,,,,,,,,,,,,,,,,,
19,169,3.09,*******************,,,,,,,,,,,,,,,,,
20,7,0.13,*,,,,,,,,,,,,,,,,,
21,329,6.01,************************************,,,,,,,,,,,,,,,,,
22,310,5.66,**********************************,,,,,,,,,,,,,,,,,
23,24,0.44,***,,,,,,,,,,,,,,,,,
５段階,926,16.907065,,,,,,,,,,,,,,,,,,
24,268,4.89,*****************************,,,,,,,,,,,,,,,,,
25,423,7.72,****************************************,OV,,,,,,,,,,,,,,,,
26,68,1.24,*******,,,,,,,,,,,,,,,,,
27,167,3.05,******************,,,,,,,,,,,,,,,,,
６段階,1137,20.759539,,,,,,,,,,,,,,,,,,
28,476,8.69,****************************************,OV,,,,,,,,,,,,,,,,
29,142,2.59,****************,,,,,,,,,,,,,,,,,
30,87,1.59,**********,,,,,,,,,,,,,,,,,
31,432,7.89,****************************************,OV,,,,,,,,,,,,,,,,
７段階,506,9.238634,,,,,,,,,,,,,,,,,,
32,220,4.02,************************,,,,,,,,,,,,,,,,,
33,28,0.51,***,,,,,,,,,,,,,,,,,
34,258,4.71,****************************,,,,,,,,,,,,,,,,,
８段階,572,10.443673,,,,,,,,,,,,,,,,,,
35,257,4.69,****************************,,,,,,,,,,,,,,,,,
36,12,0.22,*,,,,,,,,,,,,,,,,,
37,107,1.95,************,,,,,,,,,,,,,,,,,
38,196,3.58,*********************,,,,,,,,,,,,,,,,,
39,0,0,,,,,,,,,,,,,,,,,,
９段階,245,4.473251,,,,,,,,,,,,,,,,,,
40,41,0.75,****,,,,,,,,,,,,,,,,,
41,119,2.17,*************,,,,,,,,,,,,,,,,,
42,0,0,,,,,,,,,,,,,,,,,,
43,14,0.26,**,,,,,,,,,,,,,,,,,
44,58,1.06,******,,,,,,,,,,,,,,,,,
45,0,0,,,,,,,,,,,,,,,,,,
46,0,0,,,,,,,,,,,,,,,,,,
47,10,0.18,*,,,,,,,,,,,,,,,,,
48,0,0,,,,,,,,,,,,,,,,,,
49,0,0,,,,,,,,,,,,,,,,,,
50,3,0.05,,,,,,,,,,,,,,,,,,
令和７年度 教科別成績分布図（本試験）,,,,,,,,,,,,,,,,,,,,
教科名,満点,最高点,最低点,平均点,標準偏差,受験者数,得点率,５分値Ｆ１,５分値Ｆ２,５分値Ｆ３,５分値Ｆ４,,,,,,,,,
数学①,100,100,0,53.92,21.45,348069,0.5392,34,48,60,73,,,,,,,,,
点数,人数,比率（％）,,,,,,,,,,,,,,,,,,
0,236,0.07,,,,,,,,,,,,,,,,,,
1,0,0,,,,,,,,,,,,,,,,,,
2,203,0.06,,,,,,,,,,,,,,,,,,
3,293,0.08,*,,,,,,,,,,,,,,,,,
4,166,0.05,,,,,,,,,,,,,,,,,,
5,524,0.15,*,,,,,,,,,,,,,,,,,
6,548,0.16,*,,,,,,,,,,,,,,,,,
7,471,0.14,*,,,,,,,,,,,,,,,,,
8,939,0.27,**,,,,,,,,,,,,,,,,,
9,845,0.24,*,,,,,,,,,,,,,,,,,
10,971,0.28,**,,,,,,,,,,,,,,,,,
11,1285,0.37,**,,,,,,,,,,,,,,,,,
12,1242,0.36,**,,,,,,,,,,,,,,,,,
13,1517,0.44,***,,,,,,,,,,,,,,,,,
14,1570,0.45,***,,,,,,,,,,,,,,,,,
15,1693,0.49,***,,,,,,,,,,,,,,,,,
16,1948,0.56,***,,,,,,,,,,,,,,,,,
17,2012,0.58,***,,,,,,,,,,,,,,,,,
18,2180,0.63,****,,,,,,,,,,,,,,,,,
19,2316,0.67,****,,,,,,,,,,,,,,,,,
20,2454,0.71,****,,,,,,,,,,,,,,,,,
21,2614,0.75,*****,,,,,,,,,,,,,,,,,
22,2722,0.78,*****,,,,,,,,,,,,,,,,,
23,2912,0.84,*****,,,,,,,,,,,,,,,,,
24,2991,0.86,*****,,,,,,,,,,,,,,,,,
25,3032,0.87,*****,,,,,,,,,,,,,,,,,
26,3225,0.93,******,,,,,,,,,,,,,,,,,
27,3418,0.98,******,,,,,,,,,,,,,,,,,
28,3413,0.98,******,,,,,,,,,,,,,,,,,
29,3528,1.01,******,,,,,,,,,,,,,,,,,
30,3660,1.05,******,,,,,,,,,,,,,,,,,
31,3758,1.08,******,,,,,,,,,,,,,,,,,
32,3866,1.11,*******,,,,,,,,,,,,,,,,,
33,4018,1.15,*******,,,,,,,,,,,,,,,,,
34,4059,1.17,*******,,,,,,,,,,,,,,,,,
35,4244,1.22,*******,,,,,,,,,,,,,,,,,
36,4237,1.22,*******,,,,,,,,,,,,,,,,,
37,4568,1.31,********,,,,,,,,,,,,,,,,,
38,4636,1.33,********,,,,,,,,,,,,,,,,,
39,4544,1.31,********,,,,,,,,,,,,,,,,,
40,4828,1.39,********,,,,,,,,,,,,,,,,,
41,4934,1.42,*********,,,,,,,,,,,,,,,,,
42,5013,1.44,*********,,,,,,,,,,,,,,,,,
43,5170,1.49,*********,,,,,,,,,,,,,,,,,
44,5337,1.53,*********,,,,,,,,,,,,,,,,,
45,5388,1.55,*********,,,,,,,,,,,,,,,,,
46,5443,1.56,*********,,,,,,,,,,,,,,,,,
47,5637,1.62,**********,,,,,,,,,,,,,,,,,
48,5596,1.61,**********,,,,,,,,,,,,,,,,,
49,5621,1.61,**********,,,,,,,,,,,,,,,,,
50,5799,1.67,**********,,,,,,,,,,,,,,,,,
51,5855,1.68,**********,,,,,,,,,,,,,,,,,
52,5811,1.67,**********,,,,,,,,,,,,,,,,,
53,5831,1.68,**********,,,,,,,,,,,,,,,,,
54,5865,1.69,**********,,,,,,,,,,,,,,,,,
55,5760,1.65,**********,,,,,,,,,,,,,,,,,
56,5986,1.72,**********,,,,,,,,,,,,,,,,,
57,5993,1.72,**********,,,,,,,,,,,,,,,,,
58,6029,1.73,**********,,,,,,,,,,,,,,,,,
59,5877,1.69,**********,,,,,,,,,,,,,,,,,
60,5966,1.71,**********,,,,,,,,,,,,,,,,,
61,5794,1.66,**********,,,,,,,,,,,,,,,,,
62,5906,1.7,**********,,,,,,,,,,,,,,,,,
63,5655,1.62,**********,,,,,,,,,,,,,,,,,
64,5709,1.64,**********,,,,,,,,,,,,,,,,,
65,5495,1.58,*********,,,,,,,,,,,,,,,,,
66,5348,1.54,*********,,,,,,,,,,,,,,,,,
67,5240,1.51,*********,,,,,,,,,,,,,,,,,
68,5202,1.49,*********,,,,,,,,,,,,,,,,,
69,4982,1.43,*********,,,,,,,,,,,,,,,,,
70,4882,1.4,********,,,,,,,,,,,,,,,,,
71,4912,1.41,********,,,,,,,,,,,,,,,,,
72,4445,1.28,********,,,,,,,,,,,,,,,,,
73,4427,1.27,********,,,,,,,,,,,,,,,,,
74,4360,1.25,********,,,,,,,,,,,,,,,,,
75,4144,1.19,*******,,,,,,,,,,,,,,,,,
76,4101,1.18,*******,,,,,,,,,,,,,,,,,
77,3735,1.07,******,,,,,,,,,,,,,,,,,
78,3749,1.08,******,,,,,,,,,,,,,,,,,
79,3678,1.06,******,,,,,,,,,,,,,,,,,
80,3464,1,******,,,,,,,,,,,,,,,,,
81,3293,0.95,******,,,,,,,,,,,,,,,,,
82,3197,0.92,******,,,,,,,,,,,,,,,,,
83,3079,0.88,*****,,,,,,,,,,,,,,,,,
84,2851,0.82,*****,,,,,,,,,,,,,,,,,
85,2963,0.85,*****,,,,,,,,,,,,,,,,,
86,2747,0.79,*****,,,,,,,,,,,,,,,,,
87,2582,0.74,****,,,,,,,,,,,,,,,,,
88,2188,0.63,****,,,,,,,,,,,,,,,,,
89,2762,0.79,*****,,,,,,,,,,,,,,,,,
90,2105,0.6,****,,,,,,,,,,,,,,,,,
91,1833,0.53,***,,,,,,,,,,,,,,,,,
92,2330,0.67,****,,,,,,,,,,,,,,,,,
93,1403,0.4,**,,,,,,,,,,,,,,,,,
94,2186,0.63,****,,,,,,,,,,,,,,,,,
95,1365,0.39,**,,,,,,,,,,,,,,,,,
96,562,0.16,*,,,,,,,,,,,,,,,,,
97,2590,0.74,****,,,,,,,,,,,,,,,,,
98,459,0.13,*,,,,,,,,,,,,,,,,,
99,47,0.01,,,,,,,,,,,,,,,,,,
100,1702,0.49,***,,,,,,,,,,,,,,,,,
令和７年度 科目別成績分布図（本試験）,,,,,,,,,,,,,,,,,,,,
科目名,満点,最高点,最低点,平均点,標準偏差,受験者数,得点率,５分値Ｆ１,５分値Ｆ２,５分値Ｆ３,５分値Ｆ４,１段階,２段階,３段階,４段階,５段階,６段階,７段階,８段階,９段階
数学Ⅰ，数学Ａ,100,100,0,53.51,21.42,308344,0.5351,33,47,59,72,0～15,16～25,26～36,37～47,48～59,60～70,71～81,82～90,91～100
点数,人数,比率（％）,,,,,,,,,,,,,,,,,,
１段階,11101,3.600199,,,,,,,,,,,,,,,,,,
0,180,0.06,,,,,,,,,,,,,,,,,,
1,0,0,,,,,,,,,,,,,,,,,,
2,173,0.06,,,,,,,,,,,,,,,,,,
3,283,0.09,*,,,,,,,,,,,,,,,,,
4,133,0.04,,,,,,,,,,,,,,,,,,
5,483,0.16,*,,,,,,,,,,,,,,,,,
6,505,0.16,*,,,,,,,,,,,,,,,,,
7,404,0.13,*,,,,,,,,,,,,,,,,,
8,850,0.28,**,,,,,,,,,,,,,,,,,
9,728,0.24,*,,,,,,,,,,,,,,,,,
10,860,0.28,**,,,,,,,,,,,,,,,,,
11,1159,0.38,**,,,,,,,,,,,,,,,,,
12,1095,0.36,**,,,,,,,,,,,,,,,,,
13,1364,0.44,***,,,,,,,,,,,,,,,,,
14,1390,0.45,***,,,,,,,,,,,,,,,,,
15,1494,0.48,***,,,,,,,,,,,,,,,,,
２段階,22643,7.343421,,,,,,,,,,,,,,,,,,
16,1734,0.56,***,,,,,,,,,,,,,,,,,
17,1796,0.58,***,,,,,,,,,,,,,,,,,
18,1926,0.62,****,,,,,,,,,,,,,,,,,
19,2081,0.67,****,,,,,,,,,,,,,,,,,
20,2224,0.72,****,,,,,,,,,,,,,,,,,
21,2341,0.76,*****,,,,,,,,,,,,,,,,,
22,2457,0.8,*****,,,,,,,,,,,,,,,,,
23,2585,0.84,*****,,,,,,,,,,,,,,,,,
24,2734,0.89,*****,,,,,,,,,,,,,,,,,
25,2765,0.9,*****,,,,,,,,,,,,,,,,,
３段階,37911,12.295034,,,,,,,,,,,,,,,,,,
26,2922,0.95,******,,,,,,,,,,,,,,,,,
27,3107,1.01,******,,,,,,,,,,,,,,,,,
28,3109,1.01,******,,,,,,,,,,,,,,,,,
29,3242,1.05,******,,,,,,,,,,,,,,,,,
30,3355,1.09,*******,,,,,,,,,,,,,,,,,
31,3425,1.11,*******,,,,,,,,,,,,,,,,,
32,3548,1.15,*******,,,,,,,,,,,,,,,,,
33,3676,1.19,*******,,,,,,,,,,,,,,,,,
34,3734,1.21,*******,,,,,,,,,,,,,,,,,
35,3880,1.26,********,,,,,,,,,,,,,,,,,
36,3913,1.27,********,,,,,,,,,,,,,,,,,
４段階,50471,16.368406,,,,,,,,,,,,,,,,,,
37,4175,1.35,********,,,,,,,,,,,,,,,,,
38,4221,1.37,********,,,,,,,,,,,,,,,,,
39,4182,1.36,********,,,,,,,,,,,,,,,,,
40,4360,1.41,********,,,,,,,,,,,,,,,,,
41,4534,1.47,*********,,,,,,,,,,,,,,,,,
42,4540,1.47,*********,,,,,,,,,,,,,,,,,
43,4699,1.52,*********,,,,,,,,,,,,,,,,,
44,4872,1.58,*********,,,,,,,,,,,,,,,,,
45,4880,1.58,*********,,,,,,,,,,,,,,,,,
46,4925,1.6,**********,,,,,,,,,,,,,,,,,
47,5083,1.65,**********,,,,,,,,,,,,,,,,,
５段階,62558,20.288379,,,,,,,,,,,,,,,,,,
48,5060,1.64,**********,,,,,,,,,,,,,,,,,
49,5097,1.65,**********,,,,,,,,,,,,,,,,,
50,5256,1.7,**********,,,,,,,,,,,,,,,,,
51,5282,1.71,**********,,,,,,,,,,,,,,,,,
52,5157,1.67,**********,,,,,,,,,,,,,,,,,
53,5225,1.69,**********,,,,,,,,,,,,,,,,,
54,5212,1.69,**********,,,,,,,,,,,,,,,,,
55,5098,1.65,**********,,,,,,,,,,,,,,,,,
56,5321,1.73,**********,,,,,,,,,,,,,,,,,
57,5301,1.72,**********,,,,,,,,,,,,,,,,,
58,5361,1.74,**********,,,,,,,,,,,,,,,,,
59,5188,1.68,**********,,,,,,,,,,,,,,,,,
６段階,52253,16.946332,,,,,,,,,,,,,,,,,,
60,5299,1.72,**********,,,,,,,,,,,,,,,,,
61,5058,1.64,**********,,,,,,,,,,,,,,,,,
62,5159,1.67,**********,,,,,,,,,,,,,,,,,
63,4925,1.6,**********,,,,,,,,,,,,,,,,,
64,4977,1.61,**********,,,,,,,,,,,,,,,,,
65,4741,1.54,*********,,,,,,,,,,,,,,,,,
66,4617,1.5,*********,,,,,,,,,,,,,,,,,
67,4538,1.47,*********,,,,,,,,,,,,,,,,,
68,4492,1.46,*********,,,,,,,,,,,,,,,,,
69,4292,1.39,********,,,,,,,,,,,,,,,,,
70,4155,1.35,********,,,,,,,,,,,,,,,,,
７段階,37613,12.198388,,,,,,,,,,,,,,,,,,
71,4200,1.36,********,,,,,,,,,,,,,,,,,
72,3794,1.23,*******,,,,,,,,,,,,,,,,,
73,3756,1.22,*******,,,,,,,,,,,,,,,,,
74,3719,1.21,*******,,,,,,,,,,,,,,,,,
75,3490,1.13,*******,,,,,,,,,,,,,,,,,
76,3529,1.14,*******,,,,,,,,,,,,,,,,,
77,3138,1.02,******,,,,,,,,,,,,,,,,,
78,3162,1.03,******,,,,,,,,,,,,,,,,,
79,3140,1.02,******,,,,,,,,,,,,,,,,,
80,2892,0.94,******,,,,,,,,,,,,,,,,,
81,2793,0.91,*****,,,,,,,,,,,,,,,,,
８段階,20863,6.766144,,,,,,,,,,,,,,,,,,
82,2709,0.88,*****,,,,,,,,,,,,,,,,,
83,2606,0.85,*****,,,,,,,,,,,,,,,,,
84,2404,0.78,*****,,,,,,,,,,,,,,,,,
85,2552,0.83,*****,,,,,,,,,,,,,,,,,
86,2335,0.76,*****,,,,,,,,,,,,,,,,,
87,2185,0.71,****,,,,,,,,,,,,,,,,,
88,1872,0.61,****,,,,,,,,,,,,,,,,,
89,2417,0.78,*****,,,,,,,,,,,,,,,,,
90,1783,0.58,***,,,,,,,,,,,,,,,,,
９段階,12931,4.193692,,,,,,,,,,,,,,,,,,
91,1613,0.52,***,,,,,,,,,,,,,,,,,
92,2111,0.68,****,,,,,,,,,,,,,,,,,
93,1126,0.37,**,,,,,,,,,,,,,,,,,
94,2003,0.65,****,,,,,,,,,,,,,,,,,
95,1292,0.42,***,,,,,,,,,,,,,,,,,
96,385,0.12,*,,,,,,,,,,,,,,,,,
97,2409,0.78,*****,,,,,,,,,,,,,,,,,
98,411,0.13,*,,,,,,,,,,,,,,,,,
99,45,0.01,,,,,,,,,,,,,,,,,,
100,1536,0.5,***,,,,,,,,,,,,,,,,,
令和７年度 科目別成績分布図（本試験）,,,,,,,,,,,,,,,,,,,,
科目名,満点,最高点,最低点,平均点,標準偏差,受験者数,得点率,５分値Ｆ１,５分値Ｆ２,５分値Ｆ３,５分値Ｆ４,１段階,２段階,３段階,４段階,５段階,６段階,７段階,８段階,９段階
数学Ⅰ,100,83,0,28.08,15.26,3090,0.2808,14,21,28,41,0～7,8～11,12～15,16～20,21～28,29～38,39～49,50～59,60～100
点数,人数,比率（％）,,,,,,,,,,,,,,,,,,
１段階,109,3.527508,,,,,,,,,,,,,,,,,,
0,3,0.1,*,,,,,,,,,,,,,,,,,
1,0,0,,,,,,,,,,,,,,,,,,
2,9,0.29,**,,,,,,,,,,,,,,,,,
3,6,0.19,*,,,,,,,,,,,,,,,,,
4,12,0.39,**,,,,,,,,,,,,,,,,,
5,22,0.71,****,,,,,,,,,,,,,,,,,
6,22,0.71,****,,,,,,,,,,,,,,,,,
7,35,1.13,*******,,,,,,,,,,,,,,,,,
２段階,217,7.022653,,,,,,,,,,,,,,,,,,
8,44,1.42,*********,,,,,,,,,,,,,,,,,
9,52,1.68,**********,,,,,,,,,,,,,,,,,
10,56,1.81,***********,,,,,,,,,,,,,,,,,
11,65,2.1,*************,,,,,,,,,,,,,,,,,
３段階,356,11.521035,,,,,,,,,,,,,,,,,,
12,69,2.23,*************,,,,,,,,,,,,,,,,,
13,90,2.91,*****************,,,,,,,,,,,,,,,,,
14,94,3.04,******************,,,,,,,,,,,,,,,,,
15,103,3.33,********************,,,,,,,,,,,,,,,,,
４段階,503,16.278317,,,,,,,,,,,,,,,,,,
16,97,3.14,*******************,,,,,,,,,,,,,,,,,
17,105,3.4,********************,,,,,,,,,,,,,,,,,
18,108,3.5,*********************,,,,,,,,,,,,,,,,,
19,94,3.04,******************,,,,,,,,,,,,,,,,,
20,99,3.2,*******************,,,,,,,,,,,,,,,,,
５段階,645,20.873786,,,,,,,,,,,,,,,,,,
21,91,2.94,******************,,,,,,,,,,,,,,,,,
22,89,2.88,*****************,,,,,,,,,,,,,,,,,
23,101,3.27,********************,,,,,,,,,,,,,,,,,
24,76,2.46,***************,,,,,,,,,,,,,,,,,
25,71,2.3,**************,,,,,,,,,,,,,,,,,
26,79,2.56,***************,,,,,,,,,,,,,,,,,
27,74,2.39,**************,,,,,,,,,,,,,,,,,
28,64,2.07,************,,,,,,,,,,,,,,,,,
６段階,524,16.957928,,,,,,,,,,,,,,,,,,
29,64,2.07,************,,,,,,,,,,,,,,,,,
30,71,2.3,**************,,,,,,,,,,,,,,,,,
31,55,1.78,***********,,,,,,,,,,,,,,,,,
32,49,1.59,**********,,,,,,,,,,,,,,,,,
33,52,1.68,**********,,,,,,,,,,,,,,,,,
34,52,1.68,**********,,,,,,,,,,,,,,,,,
35,48,1.55,*********,,,,,,,,,,,,,,,,,
36,45,1.46,*********,,,,,,,,,,,,,,,,,
37,36,1.17,*******,,,,,,,,,,,,,,,,,
38,52,1.68,**********,,,,,,,,,,,,,,,,,
７段階,377,12.200647,,,,,,,,,,,,,,,,,,
39,33,1.07,******,,,,,,,,,,,,,,,,,
40,41,1.33,********,,,,,,,,,,,,,,,,,
41,43,1.39,********,,,,,,,,,,,,,,,,,
42,45,1.46,*********,,,,,,,,,,,,,,,,,
43,41,1.33,********,,,,,,,,,,,,,,,,,
44,34,1.1,*******,,,,,,,,,,,,,,,,,
45,29,0.94,******,,,,,,,,,,,,,,,,,
46,39,1.26,********,,,,,,,,,,,,,,,,,
47,26,0.84,*****,,,,,,,,,,,,,,,,,
48,26,0.84,*****,,,,,,,,,,,,,,,,,
49,20,0.65,****,,,,,,,,,,,,,,,,,
８段階,232,7.50809,,,,,,,,,,,,,,,,,,
50,27,0.87,*****,,,,,,,,,,,,,,,,,
51,32,1.04,******,,,,,,,,,,,,,,,,,
52,24,0.78,*****,,,,,,,,,,,,,,,,,
53,34,1.1,*******,,,,,,,,,,,,,,,,,
54,18,0.58,***,,,,,,,,,,,,,,,,,
55,27,0.87,*****,,,,,,,,,,,,,,,,,
56,19,0.61,****,,,,,,,,,,,,,,,,,
57,17,0.55,***,,,,,,,,,,,,,,,,,
58,20,0.65,****,,,,,,,,,,,,,,,,,
59,14,0.45,***,,,,,,,,,,,,,,,,,
９段階,127,4.110032,,,,,,,,,,,,,,,,,,
60,18,0.58,***,,,,,,,,,,,,,,,,,
61,16,0.52,***,,,,,,,,,,,,,,,,,
62,11,0.36,**,,,,,,,,,,,,,,,,,
63,14,0.45,***,,,,,,,,,,,,,,,,,
64,7,0.23,*,,,,,,,,,,,,,,,,,
65,11,0.36,**,,,,,,,,,,,,,,,,,
66,8,0.26,**,,,,,,,,,,,,,,,,,
67,6,0.19,*,,,,,,,,,,,,,,,,,
68,10,0.32,**,,,,,,,,,,,,,,,,,
69,2,0.06,,,,,,,,,,,,,,,,,,
70,2,0.06,,,,,,,,,,,,,,,,,,
71,2,0.06,,,,,,,,,,,,,,,,,,
72,1,0.03,,,,,,,,,,,,,,,,,,
73,4,0.13,*,,,,,,,,,,,,,,,,,
74,2,0.06,,,,,,,,,,,,,,,,,,
75,5,0.16,*,,,,,,,,,,,,,,,,,
76,2,0.06,,,,,,,,,,,,,,,,,,
77,1,0.03,,,,,,,,,,,,,,,,,,
78,1,0.03,,,,,,,,,,,,,,,,,,
79,2,0.06,,,,,,,,,,,,,,,,,,
80,1,0.03,,,,,,,,,,,,,,,,,,
81,0,0,,,,,,,,,,,,,,,,,,
82,0,0,,,,,,,,,,,,,,,,,,
83,1,0.03,,,,,,,,,,,,,,,,,,
84,0,0,,,,,,,,,,,,,,,,,,
85,0,0,,,,,,,,,,,,,,,,,,
86,0,0,,,,,,,,,,,,,,,,,,
87,0,0,,,,,,,,,,,,,,,,,,
88,0,0,,,,,,,,,,,,,,,,,,
89,0,0,,,,,,,,,,,,,,,,,,
90,0,0,,,,,,,,,,,,,,,,,,
91,0,0,,,,,,,,,,,,,,,,,,
92,0,0,,,,,,,,,,,,,,,,,,
93,0,0,,,,,,,,,,,,,,,,,,
94,0,0,,,,,,,,,,,,,,,,,,
95,0,0,,,,,,,,,,,,,,,,,,
96,0,0,,,,,,,,,,,,,,,,,,
97,0,0,,,,,,,,,,,,,,,,,,
98,0,0,,,,,,,,,,,,,,,,,,
99,0,0,,,,,,,,,,,,,,,,,,
100,0,0,,,,,,,,,,,,,,,,,,
令和７年度 科目別成績分布図（本試験）,,,,,,,,,,,,,,,,,,,,
科目名,満点,最高点,最低点,平均点,標準偏差,受験者数,得点率,５分値Ｆ１,５分値Ｆ２,５分値Ｆ３,５分値Ｆ４,１段階,２段階,３段階,４段階,５段階,６段階,７段階,８段階,９段階
旧数学Ⅰ・旧数学Ａ,100,100,0,59.86,19.82,36274,0.5986,42,56,66,77,0～21,22～32,33～44,45～55,56～66,67～75,76～83,84～90,91～100
点数,人数,比率（％）,,,,,,,,,,,,,,,,,,
１段階,1412,3.892595,,,,,,,,,,,,,,,,,,
0,11,0.03,,,,,,,,,,,,,,,,,,
1,0,0,,,,,,,,,,,,,,,,,,
2,19,0.05,,,,,,,,,,,,,,,,,,
3,3,0.01,,,,,,,,,,,,,,,,,,
4,19,0.05,,,,,,,,,,,,,,,,,,
5,17,0.05,,,,,,,,,,,,,,,,,,
6,20,0.06,,,,,,,,,,,,,,,,,,
7,30,0.08,,,,,,,,,,,,,,,,,,
8,42,0.12,*,,,,,,,,,,,,,,,,,
9,58,0.16,*,,,,,,,,,,,,,,,,,
10,51,0.14,*,,,,,,,,,,,,,,,,,
11,56,0.15,*,,,,,,,,,,,,,,,,,
12,71,0.2,*,,,,,,,,,,,,,,,,,
13,58,0.16,*,,,,,,,,,,,,,,,,,
14,80,0.22,*,,,,,,,,,,,,,,,,,
15,92,0.25,**,,,,,,,,,,,,,,,,,
16,113,0.31,**,,,,,,,,,,,,,,,,,
17,107,0.29,**,,,,,,,,,,,,,,,,,
18,134,0.37,**,,,,,,,,,,,,,,,,,
19,136,0.37,**,,,,,,,,,,,,,,,,,
20,120,0.33,**,,,,,,,,,,,,,,,,,
21,175,0.48,***,,,,,,,,,,,,,,,,,
２段階,2412,6.64939,,,,,,,,,,,,,,,,,,
22,167,0.46,***,,,,,,,,,,,,,,,,,
23,220,0.61,****,,,,,,,,,,,,,,,,,
24,179,0.49,***,,,,,,,,,,,,,,,,,
25,188,0.52,***,,,,,,,,,,,,,,,,,
26,214,0.59,****,,,,,,,,,,,,,,,,,
27,228,0.63,****,,,,,,,,,,,,,,,,,
28,235,0.65,****,,,,,,,,,,,,,,,,,
29,216,0.6,****,,,,,,,,,,,,,,,,,
30,230,0.63,****,,,,,,,,,,,,,,,,,
31,275,0.76,*****,,,,,,,,,,,,,,,,,
32,260,0.72,****,,,,,,,,,,,,,,,,,
３段階,4203,11.586811,,,,,,,,,,,,,,,,,,
33,279,0.77,*****,,,,,,,,,,,,,,,,,
34,260,0.72,****,,,,,,,,,,,,,,,,,
35,308,0.85,*****,,,,,,,,,,,,,,,,,
36,275,0.76,*****,,,,,,,,,,,,,,,,,
37,352,0.97,******,,,,,,,,,,,,,,,,,
38,360,0.99,******,,,,,,,,,,,,,,,,,
39,325,0.9,*****,,,,,,,,,,,,,,,,,
40,424,1.17,*******,,,,,,,,,,,,,,,,,
41,350,0.96,******,,,,,,,,,,,,,,,,,
42,422,1.16,*******,,,,,,,,,,,,,,,,,
43,424,1.17,*******,,,,,,,,,,,,,,,,,
44,424,1.17,*******,,,,,,,,,,,,,,,,,
４段階,5986,16.502177,,,,,,,,,,,,,,,,,,
45,476,1.31,********,,,,,,,,,,,,,,,,,
46,474,1.31,********,,,,,,,,,,,,,,,,,
47,524,1.44,*********,,,,,,,,,,,,,,,,,
48,505,1.39,********,,,,,,,,,,,,,,,,,
49,504,1.39,********,,,,,,,,,,,,,,,,,
50,513,1.41,********,,,,,,,,,,,,,,,,,
51,535,1.47,*********,,,,,,,,,,,,,,,,,
52,625,1.72,**********,,,,,,,,,,,,,,,,,
53,566,1.56,*********,,,,,,,,,,,,,,,,,
54,633,1.75,**********,,,,,,,,,,,,,,,,,
55,631,1.74,**********,,,,,,,,,,,,,,,,,
５段階,7633,21.04262,,,,,,,,,,,,,,,,,,
56,642,1.77,***********,,,,,,,,,,,,,,,,,
57,673,1.86,***********,,,,,,,,,,,,,,,,,
58,647,1.78,***********,,,,,,,,,,,,,,,,,
59,671,1.85,***********,,,,,,,,,,,,,,,,,
60,649,1.79,***********,,,,,,,,,,,,,,,,,
61,718,1.98,************,,,,,,,,,,,,,,,,,
62,734,2.02,************,,,,,,,,,,,,,,,,,
63,715,1.97,************,,,,,,,,,,,,,,,,,
64,723,1.99,************,,,,,,,,,,,,,,,,,
65,740,2.04,************,,,,,,,,,,,,,,,,,
66,721,1.99,************,,,,,,,,,,,,,,,,,
６段階,6117,16.863318,,,,,,,,,,,,,,,,,,
67,695,1.92,***********,,,,,,,,,,,,,,,,,
68,700,1.93,************,,,,,,,,,,,,,,,,,
69,688,1.9,***********,,,,,,,,,,,,,,,,,
70,724,2,************,,,,,,,,,,,,,,,,,
71,709,1.95,************,,,,,,,,,,,,,,,,,
72,646,1.78,***********,,,,,,,,,,,,,,,,,
73,667,1.84,***********,,,,,,,,,,,,,,,,,
74,639,1.76,***********,,,,,,,,,,,,,,,,,
75,649,1.79,***********,,,,,,,,,,,,,,,,,
７段階,4315,11.895572,,,,,,,,,,,,,,,,,,
76,568,1.57,*********,,,,,,,,,,,,,,,,,
77,596,1.64,**********,,,,,,,,,,,,,,,,,
78,586,1.62,**********,,,,,,,,,,,,,,,,,
79,535,1.47,*********,,,,,,,,,,,,,,,,,
80,571,1.57,*********,,,,,,,,,,,,,,,,,
81,500,1.38,********,,,,,,,,,,,,,,,,,
82,487,1.34,********,,,,,,,,,,,,,,,,,
83,472,1.3,********,,,,,,,,,,,,,,,,,
８段階,2650,7.305508,,,,,,,,,,,,,,,,,,
84,447,1.23,*******,,,,,,,,,,,,,,,,,
85,411,1.13,*******,,,,,,,,,,,,,,,,,
86,412,1.14,*******,,,,,,,,,,,,,,,,,
87,397,1.09,*******,,,,,,,,,,,,,,,,,
88,316,0.87,*****,,,,,,,,,,,,,,,,,
89,345,0.95,******,,,,,,,,,,,,,,,,,
90,322,0.89,*****,,,,,,,,,,,,,,,,,
９段階,1546,4.262005,,,,,,,,,,,,,,,,,,
91,220,0.61,****,,,,,,,,,,,,,,,,,
92,219,0.6,****,,,,,,,,,,,,,,,,,
93,277,0.76,*****,,,,,,,,,,,,,,,,,
94,183,0.5,***,,,,,,,,,,,,,,,,,
95,73,0.2,*,,,,,,,,,,,,,,,,,
96,177,0.49,***,,,,,,,,,,,,,,,,,
97,181,0.5,***,,,,,,,,,,,,,,,,,
98,48,0.13,*,,,,,,,,,,,,,,,,,
99,2,0.01,,,,,,,,,,,,,,,,,,
100,166,0.46,***,,,,,,,,,,,,,,,,,
令和７年度 科目別成績分布図（本試験）,,,,,,,,,,,,,,,,,,,,
科目名,満点,最高点,最低点,平均点,標準偏差,受験者数,得点率,５分値Ｆ１,５分値Ｆ２,５分値Ｆ３,５分値Ｆ４,１段階,２段階,３段階,４段階,５段階,６段階,７段階,８段階,９段階
旧数学Ⅰ,100,82,0,32.82,17,320,0.3282,17,26,34,47,0～7,8～11,12～18,19～25,26～34,35～44,45～54,55～64,65～100
点数,人数,比率（％）,,,,,,,,,,,,,,,,,,
１段階,11,3.4375,,,,,,,,,,,,,,,,,,
0,1,0.31,**,,,,,,,,,,,,,,,,,
1,0,0,,,,,,,,,,,,,,,,,,
2,2,0.63,****,,,,,,,,,,,,,,,,,
3,1,0.31,**,,,,,,,,,,,,,,,,,
4,2,0.63,****,,,,,,,,,,,,,,,,,
5,2,0.63,****,,,,,,,,,,,,,,,,,
6,1,0.31,**,,,,,,,,,,,,,,,,,
7,2,0.63,****,,,,,,,,,,,,,,,,,
２段階,19,5.9375,,,,,,,,,,,,,,,,,,
8,3,0.94,******,,,,,,,,,,,,,,,,,
9,7,2.19,*************,,,,,,,,,,,,,,,,,
10,4,1.25,********,,,,,,,,,,,,,,,,,
11,5,1.56,*********,,,,,,,,,,,,,,,,,
３段階,42,13.125,,,,,,,,,,,,,,,,,,
12,7,2.19,*************,,,,,,,,,,,,,,,,,
13,5,1.56,*********,,,,,,,,,,,,,,,,,
14,6,1.88,***********,,,,,,,,,,,,,,,,,
15,4,1.25,********,,,,,,,,,,,,,,,,,
16,4,1.25,********,,,,,,,,,,,,,,,,,
17,4,1.25,********,,,,,,,,,,,,,,,,,
18,12,3.75,***********************,,,,,,,,,,,,,,,,,
４段階,48,15,,,,,,,,,,,,,,,,,,
19,5,1.56,*********,,,,,,,,,,,,,,,,,
20,11,3.44,*********************,,,,,,,,,,,,,,,,,
21,7,2.19,*************,,,,,,,,,,,,,,,,,
22,9,2.81,*****************,,,,,,,,,,,,,,,,,
23,6,1.88,***********,,,,,,,,,,,,,,,,,
24,2,0.63,****,,,,,,,,,,,,,,,,,
25,8,2.5,***************,,,,,,,,,,,,,,,,,
５段階,70,21.875,,,,,,,,,,,,,,,,,,
26,10,3.13,*******************,,,,,,,,,,,,,,,,,
27,9,2.81,*****************,,,,,,,,,,,,,,,,,
28,5,1.56,*********,,,,,,,,,,,,,,,,,
29,6,1.88,***********,,,,,,,,,,,,,,,,,
30,4,1.25,********,,,,,,,,,,,,,,,,,
31,3,0.94,******,,,,,,,,,,,,,,,,,
32,9,2.81,*****************,,,,,,,,,,,,,,,,,
33,11,3.44,*********************,,,,,,,,,,,,,,,,,
34,13,4.06,************************,,,,,,,,,,,,,,,,,
６段階,53,16.5625,,,,,,,,,,,,,,,,,,
35,8,2.5,***************,,,,,,,,,,,,,,,,,
36,4,1.25,********,,,,,,,,,,,,,,,,,
37,5,1.56,*********,,,,,,,,,,,,,,,,,
38,3,0.94,******,,,,,,,,,,,,,,,,,
39,4,1.25,********,,,,,,,,,,,,,,,,,
40,3,0.94,******,,,,,,,,,,,,,,,,,
41,7,2.19,*************,,,,,,,,,,,,,,,,,
42,6,1.88,***********,,,,,,,,,,,,,,,,,
43,6,1.88,***********,,,,,,,,,,,,,,,,,
44,7,2.19,*************,,,,,,,,,,,,,,,,,
７段階,39,12.1875,,,,,,,,,,,,,,,,,,
45,3,0.94,******,,,,,,,,,,,,,,,,,
46,5,1.56,*********,,,,,,,,,,,,,,,,,
47,4,1.25,********,,,,,,,,,,,,,,,,,
48,5,1.56,*********,,,,,,,,,,,,,,,,,
49,0,0,,,,,,,,,,,,,,,,,,
50,3,0.94,******,,,,,,,,,,,,,,,,,
51,6,1.88,***********,,,,,,,,,,,,,,,,,
52,5,1.56,*********,,,,,,,,,,,,,,,,,
53,6,1.88,***********,,,,,,,,,,,,,,,,,
54,2,0.63,****,,,,,,,,,,,,,,,,,
８段階,22,6.875,,,,,,,,,,,,,,,,,,
55,4,1.25,********,,,,,,,,,,,,,,,,,
56,4,1.25,********,,,,,,,,,,,,,,,,,
57,2,0.63,****,,,,,,,,,,,,,,,,,
58,1,0.31,**,,,,,,,,,,,,,,,,,
59,4,1.25,********,,,,,,,,,,,,,,,,,
60,0,0,,,,,,,,,,,,,,,,,,
61,2,0.63,****,,,,,,,,,,,,,,,,,
62,2,0.63,****,,,,,,,,,,,,,,,,,
63,1,0.31,**,,,,,,,,,,,,,,,,,
64,2,0.63,****,,,,,,,,,,,,,,,,,
９段階,16,5,,,,,,,,,,,,,,,,,,
65,3,0.94,******,,,,,,,,,,,,,,,,,
66,2,0.63,****,,,,,,,,,,,,,,,,,
67,1,0.31,**,,,,,,,,,,,,,,,,,
68,0,0,,,,,,,,,,,,,,,,,,
69,0,0,,,,,,,,,,,,,,,,,,
70,1,0.31,**,,,,,,,,,,,,,,,,,
71,1,0.31,**,,,,,,,,,,,,,,,,,
72,4,1.25,********,,,,,,,,,,,,,,,,,
73,0,0,,,,,,,,,,,,,,,,,,
74,0,0,,,,,,,,,,,,,,,,,,
75,0,0,,,,,,,,,,,,,,,,,,
76,2,0.63,****,,,,,,,,,,,,,,,,,
77,0,0,,,,,,,,,,,,,,,,,,
78,0,0,,,,,,,,,,,,,,,,,,
79,1,0.31,**,,,,,,,,,,,,,,,,,
80,0,0,,,,,,,,,,,,,,,,,,
81,0,0,,,,,,,,,,,,,,,,,,
82,1,0.31,**,,,,,,,,,,,,,,,,,
83,0,0,,,,,,,,,,,,,,,,,,
84,0,0,,,,,,,,,,,,,,,,,,
85,0,0,,,,,,,,,,,,,,,,,,
86,0,0,,,,,,,,,,,,,,,,,,
87,0,0,,,,,,,,,,,,,,,,,,
88,0,0,,,,,,,,,,,,,,,,,,
89,0,0,,,,,,,,,,,,,,,,,,
90,0,0,,,,,,,,,,,,,,,,,,
91,0,0,,,,,,,,,,,,,,,,,,
92,0,0,,,,,,,,,,,,,,,,,,
93,0,0,,,,,,,,,,,,,,,,,,
94,0,0,,,,,,,,,,,,,,,,,,
95,0,0,,,,,,,,,,,,,,,,,,
96,0,0,,,,,,,,,,,,,,,,,,
97,0,0,,,,,,,,,,,,,,,,,,
98,0,0,,,,,,,,,,,,,,,,,,
99,0,0,,,,,,,,,,,,,,,,,,
100,0,0,,,,,,,,,,,,,,,,,,
令和７年度 教科別成績分布図（本試験）,,,,,,,,,,,,,,,,,,,,
教科名,満点,最高点,最低点,平均点,標準偏差,受験者数,得点率,５分値Ｆ１,５分値Ｆ２,５分値Ｆ３,５分値Ｆ４,,,,,,,,,
数学②,100,100,0,52.33,24.27,318096,0.5233,29,43,58,76,,,,,,,,,
点数,人数,比率（％）,,,,,,,,,,,,,,,,,,
0,173,0.05,,,,,,,,,,,,,,,,,,
1,45,0.01,,,,,,,,,,,,,,,,,,
2,210,0.07,,,,,,,,,,,,,,,,,,
3,199,0.06,,,,,,,,,,,,,,,,,,
4,424,0.13,*,,,,,,,,,,,,,,,,,
5,526,0.17,*,,,,,,,,,,,,,,,,,
6,674,0.21,*,,,,,,,,,,,,,,,,,
7,836,0.26,**,,,,,,,,,,,,,,,,,
8,1146,0.36,**,,,,,,,,,,,,,,,,,
9,1232,0.39,**,,,,,,,,,,,,,,,,,
10,1507,0.47,***,,,,,,,,,,,,,,,,,
11,1683,0.53,***,,,,,,,,,,,,,,,,,
12,1940,0.61,****,,,,,,,,,,,,,,,,,
13,2060,0.65,****,,,,,,,,,,,,,,,,,
14,2264,0.71,****,,,,,,,,,,,,,,,,,
15,2404,0.76,*****,,,,,,,,,,,,,,,,,
16,2584,0.81,*****,,,,,,,,,,,,,,,,,
17,2711,0.85,*****,,,,,,,,,,,,,,,,,
18,2902,0.91,*****,,,,,,,,,,,,,,,,,
19,2969,0.93,******,,,,,,,,,,,,,,,,,
20,3126,0.98,******,,,,,,,,,,,,,,,,,
21,3307,1.04,******,,,,,,,,,,,,,,,,,
22,3385,1.06,******,,,,,,,,,,,,,,,,,
23,3533,1.11,*******,,,,,,,,,,,,,,,,,
24,3715,1.17,*******,,,,,,,,,,,,,,,,,
25,3868,1.22,*******,,,,,,,,,,,,,,,,,
26,3811,1.2,*******,,,,,,,,,,,,,,,,,
27,3981,1.25,********,,,,,,,,,,,,,,,,,
28,4119,1.29,********,,,,,,,,,,,,,,,,,
29,4094,1.29,********,,,,,,,,,,,,,,,,,
30,4260,1.34,********,,,,,,,,,,,,,,,,,
31,4385,1.38,********,,,,,,,,,,,,,,,,,
32,4399,1.38,********,,,,,,,,,,,,,,,,,
33,4357,1.37,********,,,,,,,,,,,,,,,,,
34,4492,1.41,********,,,,,,,,,,,,,,,,,
35,4450,1.4,********,,,,,,,,,,,,,,,,,
36,4388,1.38,********,,,,,,,,,,,,,,,,,
37,4513,1.42,*********,,,,,,,,,,,,,,,,,
38,4289,1.35,********,,,,,,,,,,,,,,,,,
39,4332,1.36,********,,,,,,,,,,,,,,,,,
40,4419,1.39,********,,,,,,,,,,,,,,,,,
41,4604,1.45,*********,,,,,,,,,,,,,,,,,
42,4304,1.35,********,,,,,,,,,,,,,,,,,
43,4475,1.41,********,,,,,,,,,,,,,,,,,
44,4345,1.37,********,,,,,,,,,,,,,,,,,
45,4268,1.34,********,,,,,,,,,,,,,,,,,
46,4288,1.35,********,,,,,,,,,,,,,,,,,
47,4313,1.36,********,,,,,,,,,,,,,,,,,
48,4298,1.35,********,,,,,,,,,,,,,,,,,
49,4226,1.33,********,,,,,,,,,,,,,,,,,
50,4102,1.29,********,,,,,,,,,,,,,,,,,
51,4206,1.32,********,,,,,,,,,,,,,,,,,
52,4155,1.31,********,,,,,,,,,,,,,,,,,
53,4119,1.29,********,,,,,,,,,,,,,,,,,
54,4139,1.3,********,,,,,,,,,,,,,,,,,
55,4072,1.28,********,,,,,,,,,,,,,,,,,
56,4045,1.27,********,,,,,,,,,,,,,,,,,
57,4004,1.26,********,,,,,,,,,,,,,,,,,
58,4147,1.3,********,,,,,,,,,,,,,,,,,
59,4018,1.26,********,,,,,,,,,,,,,,,,,
60,3764,1.18,*******,,,,,,,,,,,,,,,,,
61,3921,1.23,*******,,,,,,,,,,,,,,,,,
62,3874,1.22,*******,,,,,,,,,,,,,,,,,
63,3905,1.23,*******,,,,,,,,,,,,,,,,,
64,3804,1.2,*******,,,,,,,,,,,,,,,,,
65,3803,1.2,*******,,,,,,,,,,,,,,,,,
66,3722,1.17,*******,,,,,,,,,,,,,,,,,
67,3800,1.19,*******,,,,,,,,,,,,,,,,,
68,3617,1.14,*******,,,,,,,,,,,,,,,,,
69,3596,1.13,*******,,,,,,,,,,,,,,,,,
70,3499,1.1,*******,,,,,,,,,,,,,,,,,
71,3516,1.11,*******,,,,,,,,,,,,,,,,,
72,3409,1.07,******,,,,,,,,,,,,,,,,,
73,3407,1.07,******,,,,,,,,,,,,,,,,,
74,3321,1.04,******,,,,,,,,,,,,,,,,,
75,3276,1.03,******,,,,,,,,,,,,,,,,,
76,3252,1.02,******,,,,,,,,,,,,,,,,,
77,3200,1.01,******,,,,,,,,,,,,,,,,,
78,3121,0.98,******,,,,,,,,,,,,,,,,,
79,3098,0.97,******,,,,,,,,,,,,,,,,,
80,3207,1.01,******,,,,,,,,,,,,,,,,,
81,2982,0.94,******,,,,,,,,,,,,,,,,,
82,2998,0.94,******,,,,,,,,,,,,,,,,,
83,2833,0.89,*****,,,,,,,,,,,,,,,,,
84,2810,0.88,*****,,,,,,,,,,,,,,,,,
85,2725,0.86,*****,,,,,,,,,,,,,,,,,
86,2648,0.83,*****,,,,,,,,,,,,,,,,,
87,2529,0.8,*****,,,,,,,,,,,,,,,,,
88,2652,0.83,*****,,,,,,,,,,,,,,,,,
89,2501,0.79,*****,,,,,,,,,,,,,,,,,
90,2566,0.81,*****,,,,,,,,,,,,,,,,,
91,2403,0.76,*****,,,,,,,,,,,,,,,,,
92,2413,0.76,*****,,,,,,,,,,,,,,,,,
93,2274,0.71,****,,,,,,,,,,,,,,,,,
94,2284,0.72,****,,,,,,,,,,,,,,,,,
95,2480,0.78,*****,,,,,,,,,,,,,,,,,
96,1630,0.51,***,,,,,,,,,,,,,,,,,
97,2696,0.85,*****,,,,,,,,,,,,,,,,,
98,2274,0.71,****,,,,,,,,,,,,,,,,,
99,205,0.06,,,,,,,,,,,,,,,,,,
100,4241,1.33,********,,,,,,,,,,,,,,,,,
令和７年度 科目別成績分布図（本試験）,,,,,,,,,,,,,,,,,,,,
科目名,満点,最高点,最低点,平均点,標準偏差,受験者数,得点率,５分値Ｆ１,５分値Ｆ２,５分値Ｆ３,５分値Ｆ４,１段階,２段階,３段階,４段階,５段階,６段階,７段階,８段階,９段階
数学Ⅱ，数学Ｂ，数学Ｃ,100,100,0,51.56,24.2,285563,0.5156,28,42,57,75,0～12,13～20,21～30,31～42,43～57,58～71,72～84,85～94,95～100
点数,人数,比率（％）,,,,,,,,,,,,,,,,,,
１段階,9819,3.43847,,,,,,,,,,,,,,,,,,
0,119,0.04,,,,,,,,,,,,,,,,,,
1,42,0.01,,,,,,,,,,,,,,,,,,
2,179,0.06,,,,,,,,,,,,,,,,,,
3,179,0.06,,,,,,,,,,,,,,,,,,
4,399,0.14,*,,,,,,,,,,,,,,,,,
5,496,0.17,*,,,,,,,,,,,,,,,,,
6,629,0.22,*,,,,,,,,,,,,,,,,,
7,775,0.27,**,,,,,,,,,,,,,,,,,
8,1069,0.37,**,,,,,,,,,,,,,,,,,
9,1148,0.4,**,,,,,,,,,,,,,,,,,
10,1388,0.49,***,,,,,,,,,,,,,,,,,
11,1582,0.55,***,,,,,,,,,,,,,,,,,
12,1814,0.64,****,,,,,,,,,,,,,,,,,
２段階,19606,6.865735,,,,,,,,,,,,,,,,,,
13,1913,0.67,****,,,,,,,,,,,,,,,,,
14,2116,0.74,****,,,,,,,,,,,,,,,,,
15,2253,0.79,*****,,,,,,,,,,,,,,,,,
16,2401,0.84,*****,,,,,,,,,,,,,,,,,
17,2536,0.89,*****,,,,,,,,,,,,,,,,,
18,2717,0.95,******,,,,,,,,,,,,,,,,,
19,2782,0.97,******,,,,,,,,,,,,,,,,,
20,2888,1.01,******,,,,,,,,,,,,,,,,,
３段階,35550,12.449091,,,,,,,,,,,,,,,,,,
21,3082,1.08,******,,,,,,,,,,,,,,,,,
22,3151,1.1,*******,,,,,,,,,,,,,,,,,
23,3290,1.15,*******,,,,,,,,,,,,,,,,,
24,3466,1.21,*******,,,,,,,,,,,,,,,,,
25,3607,1.26,********,,,,,,,,,,,,,,,,,
26,3582,1.25,********,,,,,,,,,,,,,,,,,
27,3710,1.3,********,,,,,,,,,,,,,,,,,
28,3845,1.35,********,,,,,,,,,,,,,,,,,
29,3837,1.34,********,,,,,,,,,,,,,,,,,
30,3980,1.39,********,,,,,,,,,,,,,,,,,
４段階,48920,17.13107,,,,,,,,,,,,,,,,,,
31,4104,1.44,*********,,,,,,,,,,,,,,,,,
32,4053,1.42,*********,,,,,,,,,,,,,,,,,
33,4033,1.41,********,,,,,,,,,,,,,,,,,
34,4177,1.46,*********,,,,,,,,,,,,,,,,,
35,4136,1.45,*********,,,,,,,,,,,,,,,,,
36,4068,1.42,*********,,,,,,,,,,,,,,,,,
37,4173,1.46,*********,,,,,,,,,,,,,,,,,
38,3947,1.38,********,,,,,,,,,,,,,,,,,
39,3959,1.39,********,,,,,,,,,,,,,,,,,
40,4067,1.42,*********,,,,,,,,,,,,,,,,,
41,4240,1.48,*********,,,,,,,,,,,,,,,,,
42,3963,1.39,********,,,,,,,,,,,,,,,,,
５段階,57155,20.014847,,,,,,,,,,,,,,,,,,
43,4091,1.43,*********,,,,,,,,,,,,,,,,,
44,3987,1.4,********,,,,,,,,,,,,,,,,,
45,3874,1.36,********,,,,,,,,,,,,,,,,,
46,3933,1.38,********,,,,,,,,,,,,,,,,,
47,3926,1.37,********,,,,,,,,,,,,,,,,,
48,3878,1.36,********,,,,,,,,,,,,,,,,,
49,3874,1.36,********,,,,,,,,,,,,,,,,,
50,3697,1.29,********,,,,,,,,,,,,,,,,,
51,3839,1.34,********,,,,,,,,,,,,,,,,,
52,3736,1.31,********,,,,,,,,,,,,,,,,,
53,3723,1.3,********,,,,,,,,,,,,,,,,,
54,3690,1.29,********,,,,,,,,,,,,,,,,,
55,3695,1.29,********,,,,,,,,,,,,,,,,,
56,3625,1.27,********,,,,,,,,,,,,,,,,,
57,3587,1.26,********,,,,,,,,,,,,,,,,,
６段階,46670,16.343153,,,,,,,,,,,,,,,,,,
58,3702,1.3,********,,,,,,,,,,,,,,,,,
59,3605,1.26,********,,,,,,,,,,,,,,,,,
60,3356,1.18,*******,,,,,,,,,,,,,,,,,
61,3479,1.22,*******,,,,,,,,,,,,,,,,,
62,3423,1.2,*******,,,,,,,,,,,,,,,,,
63,3406,1.19,*******,,,,,,,,,,,,,,,,,
64,3336,1.17,*******,,,,,,,,,,,,,,,,,
65,3354,1.17,*******,,,,,,,,,,,,,,,,,
66,3259,1.14,*******,,,,,,,,,,,,,,,,,
67,3296,1.15,*******,,,,,,,,,,,,,,,,,
68,3181,1.11,*******,,,,,,,,,,,,,,,,,
69,3141,1.1,*******,,,,,,,,,,,,,,,,,
70,3101,1.09,*******,,,,,,,,,,,,,,,,,
71,3031,1.06,******,,,,,,,,,,,,,,,,,
７段階,34749,12.168593,,,,,,,,,,,,,,,,,,
72,2958,1.04,******,,,,,,,,,,,,,,,,,
73,2937,1.03,******,,,,,,,,,,,,,,,,,
74,2852,1,******,,,,,,,,,,,,,,,,,
75,2819,0.99,******,,,,,,,,,,,,,,,,,
76,2746,0.96,******,,,,,,,,,,,,,,,,,
77,2695,0.94,******,,,,,,,,,,,,,,,,,
78,2615,0.92,*****,,,,,,,,,,,,,,,,,
79,2613,0.92,*****,,,,,,,,,,,,,,,,,
80,2745,0.96,******,,,,,,,,,,,,,,,,,
81,2516,0.88,*****,,,,,,,,,,,,,,,,,
82,2534,0.89,*****,,,,,,,,,,,,,,,,,
83,2351,0.82,*****,,,,,,,,,,,,,,,,,
84,2368,0.83,*****,,,,,,,,,,,,,,,,,
８段階,21093,7.386461,,,,,,,,,,,,,,,,,,
85,2262,0.79,*****,,,,,,,,,,,,,,,,,
86,2222,0.78,*****,,,,,,,,,,,,,,,,,
87,2103,0.74,****,,,,,,,,,,,,,,,,,
88,2242,0.79,*****,,,,,,,,,,,,,,,,,
89,2095,0.73,****,,,,,,,,,,,,,,,,,
90,2175,0.76,*****,,,,,,,,,,,,,,,,,
91,2050,0.72,****,,,,,,,,,,,,,,,,,
92,2044,0.72,****,,,,,,,,,,,,,,,,,
93,1980,0.69,****,,,,,,,,,,,,,,,,,
94,1920,0.67,****,,,,,,,,,,,,,,,,,
９段階,12001,4.202575,,,,,,,,,,,,,,,,,,
95,2162,0.76,*****,,,,,,,,,,,,,,,,,
96,1488,0.52,***,,,,,,,,,,,,,,,,,
97,2298,0.8,*****,,,,,,,,,,,,,,,,,
98,2069,0.72,****,,,,,,,,,,,,,,,,,
99,196,0.07,,,,,,,,,,,,,,,,,,
100,3788,1.33,********,,,,,,,,,,,,,,,,,
令和７年度 科目別成績分布図（本試験）,,,,,,,,,,,,,,,,,,,,
科目名,満点,最高点,最低点,平均点,標準偏差,受験者数,得点率,５分値Ｆ１,５分値Ｆ２,５分値Ｆ３,５分値Ｆ４,１段階,２段階,３段階,４段階,５段階,６段階,７段階,８段階,９段階
旧数学Ⅱ・旧数学Ｂ,100,100,0,59.42,23.65,32182,0.5942,36,53,68,82,0～16,17～26,27～38,39～53,54～68,69～79,80～88,89～94,95～100
点数,人数,比率（％）,,,,,,,,,,,,,,,,,,
１段階,1291,4.011559,,,,,,,,,,,,,,,,,,
0,18,0.06,,,,,,,,,,,,,,,,,,
1,3,0.01,,,,,,,,,,,,,,,,,,
2,28,0.09,*,,,,,,,,,,,,,,,,,
3,18,0.06,,,,,,,,,,,,,,,,,,
4,24,0.07,,,,,,,,,,,,,,,,,,
5,28,0.09,*,,,,,,,,,,,,,,,,,
6,41,0.13,*,,,,,,,,,,,,,,,,,
7,56,0.17,*,,,,,,,,,,,,,,,,,
8,70,0.22,*,,,,,,,,,,,,,,,,,
9,78,0.24,*,,,,,,,,,,,,,,,,,
10,111,0.34,**,,,,,,,,,,,,,,,,,
11,95,0.3,**,,,,,,,,,,,,,,,,,
12,119,0.37,**,,,,,,,,,,,,,,,,,
13,140,0.44,***,,,,,,,,,,,,,,,,,
14,143,0.44,***,,,,,,,,,,,,,,,,,
15,145,0.45,***,,,,,,,,,,,,,,,,,
16,174,0.54,***,,,,,,,,,,,,,,,,,
２段階,2185,6.789509,,,,,,,,,,,,,,,,,,
17,172,0.53,***,,,,,,,,,,,,,,,,,
18,182,0.57,***,,,,,,,,,,,,,,,,,
19,182,0.57,***,,,,,,,,,,,,,,,,,
20,235,0.73,****,,,,,,,,,,,,,,,,,
21,223,0.69,****,,,,,,,,,,,,,,,,,
22,229,0.71,****,,,,,,,,,,,,,,,,,
23,238,0.74,****,,,,,,,,,,,,,,,,,
24,244,0.76,*****,,,,,,,,,,,,,,,,,
25,257,0.8,*****,,,,,,,,,,,,,,,,,
26,223,0.69,****,,,,,,,,,,,,,,,,,
３段階,3596,11.173948,,,,,,,,,,,,,,,,,,
27,263,0.82,*****,,,,,,,,,,,,,,,,,
28,271,0.84,*****,,,,,,,,,,,,,,,,,
29,255,0.79,*****,,,,,,,,,,,,,,,,,
30,275,0.85,*****,,,,,,,,,,,,,,,,,
31,273,0.85,*****,,,,,,,,,,,,,,,,,
32,332,1.03,******,,,,,,,,,,,,,,,,,
33,318,0.99,******,,,,,,,,,,,,,,,,,
34,311,0.97,******,,,,,,,,,,,,,,,,,
35,310,0.96,******,,,,,,,,,,,,,,,,,
36,314,0.98,******,,,,,,,,,,,,,,,,,
37,338,1.05,******,,,,,,,,,,,,,,,,,
38,336,1.04,******,,,,,,,,,,,,,,,,,
４段階,5597,17.391709,,,,,,,,,,,,,,,,,,
39,369,1.15,*******,,,,,,,,,,,,,,,,,
40,349,1.08,*******,,,,,,,,,,,,,,,,,
41,359,1.12,*******,,,,,,,,,,,,,,,,,
42,335,1.04,******,,,,,,,,,,,,,,,,,
43,375,1.17,*******,,,,,,,,,,,,,,,,,
44,353,1.1,*******,,,,,,,,,,,,,,,,,
45,390,1.21,*******,,,,,,,,,,,,,,,,,
46,346,1.08,******,,,,,,,,,,,,,,,,,
47,381,1.18,*******,,,,,,,,,,,,,,,,,
48,416,1.29,********,,,,,,,,,,,,,,,,,
49,349,1.08,*******,,,,,,,,,,,,,,,,,
50,403,1.25,********,,,,,,,,,,,,,,,,,
51,362,1.12,*******,,,,,,,,,,,,,,,,,
52,418,1.3,********,,,,,,,,,,,,,,,,,
53,392,1.22,*******,,,,,,,,,,,,,,,,,
５段階,6610,20.539431,,,,,,,,,,,,,,,,,,
54,447,1.39,********,,,,,,,,,,,,,,,,,
55,376,1.17,*******,,,,,,,,,,,,,,,,,
56,419,1.3,********,,,,,,,,,,,,,,,,,
57,414,1.29,********,,,,,,,,,,,,,,,,,
58,442,1.37,********,,,,,,,,,,,,,,,,,
59,412,1.28,********,,,,,,,,,,,,,,,,,
60,405,1.26,********,,,,,,,,,,,,,,,,,
61,441,1.37,********,,,,,,,,,,,,,,,,,
62,451,1.4,********,,,,,,,,,,,,,,,,,
63,497,1.54,*********,,,,,,,,,,,,,,,,,
64,463,1.44,*********,,,,,,,,,,,,,,,,,
65,447,1.39,********,,,,,,,,,,,,,,,,,
66,459,1.43,*********,,,,,,,,,,,,,,,,,
67,502,1.56,*********,,,,,,,,,,,,,,,,,
68,435,1.35,********,,,,,,,,,,,,,,,,,
６段階,5170,16.06488,,,,,,,,,,,,,,,,,,
69,455,1.41,********,,,,,,,,,,,,,,,,,
70,397,1.23,*******,,,,,,,,,,,,,,,,,
71,484,1.5,*********,,,,,,,,,,,,,,,,,
72,449,1.4,********,,,,,,,,,,,,,,,,,
73,470,1.46,*********,,,,,,,,,,,,,,,,,
74,465,1.44,*********,,,,,,,,,,,,,,,,,
75,455,1.41,********,,,,,,,,,,,,,,,,,
76,505,1.57,*********,,,,,,,,,,,,,,,,,
77,503,1.56,*********,,,,,,,,,,,,,,,,,
78,504,1.57,*********,,,,,,,,,,,,,,,,,
79,483,1.5,*********,,,,,,,,,,,,,,,,,
７段階,4036,12.541172,,,,,,,,,,,,,,,,,,
80,462,1.44,*********,,,,,,,,,,,,,,,,,
81,465,1.44,*********,,,,,,,,,,,,,,,,,
82,462,1.44,*********,,,,,,,,,,,,,,,,,
83,482,1.5,*********,,,,,,,,,,,,,,,,,
84,442,1.37,********,,,,,,,,,,,,,,,,,
85,463,1.44,*********,,,,,,,,,,,,,,,,,
86,425,1.32,********,,,,,,,,,,,,,,,,,
87,425,1.32,********,,,,,,,,,,,,,,,,,
88,410,1.27,********,,,,,,,,,,,,,,,,,
８段階,2172,6.749114,,,,,,,,,,,,,,,,,,
89,405,1.26,********,,,,,,,,,,,,,,,,,
90,391,1.21,*******,,,,,,,,,,,,,,,,,
91,352,1.09,*******,,,,,,,,,,,,,,,,,
92,369,1.15,*******,,,,,,,,,,,,,,,,,
93,294,0.91,*****,,,,,,,,,,,,,,,,,
94,361,1.12,*******,,,,,,,,,,,,,,,,,
９段階,1525,4.738673,,,,,,,,,,,,,,,,,,
95,318,0.99,******,,,,,,,,,,,,,,,,,
96,142,0.44,***,,,,,,,,,,,,,,,,,
97,398,1.24,*******,,,,,,,,,,,,,,,,,
98,205,0.64,****,,,,,,,,,,,,,,,,,
99,9,0.03,,,,,,,,,,,,,,,,,,
100,453,1.41,********,,,,,,,,,,,,,,,,,
令和７年度 科目別成績分布図（本試験）,,,,,,,,,,,,,,,,,,,,
科目名,満点,最高点,最低点,平均点,標準偏差,受験者数,得点率,５分値Ｆ１,５分値Ｆ２,５分値Ｆ３,５分値Ｆ４,１段階,２段階,３段階,４段階,５段階,６段階,７段階,８段階,９段階
旧数学Ⅱ,100,81,2,30.19,17.85,243,0.3019,12,23,32,45,0～5,6～8,9～12,13～22,23～31,32～42,43～52,53～65,66～100
点数,人数,比率（％）,,,,,,,,,,,,,,,,,,
１段階,8,3.292181,,,,,,,,,,,,,,,,,,
0,0,0,,,,,,,,,,,,,,,,,,
1,0,0,,,,,,,,,,,,,,,,,,
2,3,1.23,*******,,,,,,,,,,,,,,,,,
3,2,0.82,*****,,,,,,,,,,,,,,,,,
4,1,0.41,**,,,,,,,,,,,,,,,,,
5,2,0.82,*****,,,,,,,,,,,,,,,,,
２段階,15,6.172839,,,,,,,,,,,,,,,,,,
6,4,1.65,**********,,,,,,,,,,,,,,,,,
7,5,2.06,************,,,,,,,,,,,,,,,,,
8,6,2.47,***************,,,,,,,,,,,,,,,,,
３段階,26,10.699588,,,,,,,,,,,,,,,,,,
9,6,2.47,***************,,,,,,,,,,,,,,,,,
10,8,3.29,********************,,,,,,,,,,,,,,,,,
11,6,2.47,***************,,,,,,,,,,,,,,,,,
12,6,2.47,***************,,,,,,,,,,,,,,,,,
４段階,43,17.695473,,,,,,,,,,,,,,,,,,
13,7,2.88,*****************,,,,,,,,,,,,,,,,,
14,5,2.06,************,,,,,,,,,,,,,,,,,
15,6,2.47,***************,,,,,,,,,,,,,,,,,
16,7,2.88,*****************,,,,,,,,,,,,,,,,,
17,3,1.23,*******,,,,,,,,,,,,,,,,,
18,3,1.23,*******,,,,,,,,,,,,,,,,,
19,5,2.06,************,,,,,,,,,,,,,,,,,
20,3,1.23,*******,,,,,,,,,,,,,,,,,
21,2,0.82,*****,,,,,,,,,,,,,,,,,
22,2,0.82,*****,,,,,,,,,,,,,,,,,
５段階,40,16.460905,,,,,,,,,,,,,,,,,,
23,5,2.06,************,,,,,,,,,,,,,,,,,
24,4,1.65,**********,,,,,,,,,,,,,,,,,
25,4,1.65,**********,,,,,,,,,,,,,,,,,
26,5,2.06,************,,,,,,,,,,,,,,,,,
27,8,3.29,********************,,,,,,,,,,,,,,,,,
28,2,0.82,*****,,,,,,,,,,,,,,,,,
29,1,0.41,**,,,,,,,,,,,,,,,,,
30,5,2.06,************,,,,,,,,,,,,,,,,,
31,6,2.47,***************,,,,,,,,,,,,,,,,,
６段階,47,19.341563,,,,,,,,,,,,,,,,,,
32,12,4.94,******************************,,,,,,,,,,,,,,,,,
33,6,2.47,***************,,,,,,,,,,,,,,,,,
34,2,0.82,*****,,,,,,,,,,,,,,,,,
35,4,1.65,**********,,,,,,,,,,,,,,,,,
36,5,2.06,************,,,,,,,,,,,,,,,,,
37,2,0.82,*****,,,,,,,,,,,,,,,,,
38,3,1.23,*******,,,,,,,,,,,,,,,,,
39,1,0.41,**,,,,,,,,,,,,,,,,,
40,2,0.82,*****,,,,,,,,,,,,,,,,,
41,5,2.06,************,,,,,,,,,,,,,,,,,
42,5,2.06,************,,,,,,,,,,,,,,,,,
７段階,34,13.991769,,,,,,,,,,,,,,,,,,
43,9,3.7,**********************,,,,,,,,,,,,,,,,,
44,3,1.23,*******,,,,,,,,,,,,,,,,,
45,3,1.23,*******,,,,,,,,,,,,,,,,,
46,3,1.23,*******,,,,,,,,,,,,,,,,,
47,5,2.06,************,,,,,,,,,,,,,,,,,
48,4,1.65,**********,,,,,,,,,,,,,,,,,
49,2,0.82,*****,,,,,,,,,,,,,,,,,
50,1,0.41,**,,,,,,,,,,,,,,,,,
51,3,1.23,*******,,,,,,,,,,,,,,,,,
52,1,0.41,**,,,,,,,,,,,,,,,,,
８段階,20,8.230452,,,,,,,,,,,,,,,,,,
53,3,1.23,*******,,,,,,,,,,,,,,,,,
54,2,0.82,*****,,,,,,,,,,,,,,,,,
55,1,0.41,**,,,,,,,,,,,,,,,,,
56,0,0,,,,,,,,,,,,,,,,,,
57,3,1.23,*******,,,,,,,,,,,,,,,,,
58,1,0.41,**,,,,,,,,,,,,,,,,,
59,1,0.41,**,,,,,,,,,,,,,,,,,
60,3,1.23,*******,,,,,,,,,,,,,,,,,
61,1,0.41,**,,,,,,,,,,,,,,,,,
62,0,0,,,,,,,,,,,,,,,,,,
63,2,0.82,*****,,,,,,,,,,,,,,,,,
64,1,0.41,**,,,,,,,,,,,,,,,,,
65,2,0.82,*****,,,,,,,,,,,,,,,,,
９段階,10,4.115226,,,,,,,,,,,,,,,,,,
66,2,0.82,*****,,,,,,,,,,,,,,,,,
67,2,0.82,*****,,,,,,,,,,,,,,,,,
68,1,0.41,**,,,,,,,,,,,,,,,,,
69,0,0,,,,,,,,,,,,,,,,,,
70,0,0,,,,,,,,,,,,,,,,,,
71,1,0.41,**,,,,,,,,,,,,,,,,,
72,0,0,,,,,,,,,,,,,,,,,,
73,0,0,,,,,,,,,,,,,,,,,,
74,2,0.82,*****,,,,,,,,,,,,,,,,,
75,1,0.41,**,,,,,,,,,,,,,,,,,
76,0,0,,,,,,,,,,,,,,,,,,
77,0,0,,,,,,,,,,,,,,,,,,
78,0,0,,,,,,,,,,,,,,,,,,
79,0,0,,,,,,,,,,,,,,,,,,
80,0,0,,,,,,,,,,,,,,,,,,
81,1,0.41,**,,,,,,,,,,,,,,,,,
82,0,0,,,,,,,,,,,,,,,,,,
83,0,0,,,,,,,,,,,,,,,,,,
84,0,0,,,,,,,,,,,,,,,,,,
85,0,0,,,,,,,,,,,,,,,,,,
86,0,0,,,,,,,,,,,,,,,,,,
87,0,0,,,,,,,,,,,,,,,,,,
88,0,0,,,,,,,,,,,,,,,,,,
89,0,0,,,,,,,,,,,,,,,,,,
90,0,0,,,,,,,,,,,,,,,,,,
91,0,0,,,,,,,,,,,,,,,,,,
92,0,0,,,,,,,,,,,,,,,,,,
93,0,0,,,,,,,,,,,,,,,,,,
94,0,0,,,,,,,,,,,,,,,,,,
95,0,0,,,,,,,,,,,,,,,,,,
96,0,0,,,,,,,,,,,,,,,,,,
97,0,0,,,,,,,,,,,,,,,,,,
98,0,0,,,,,,,,,,,,,,,,,,
99,0,0,,,,,,,,,,,,,,,,,,
100,0,0,,,,,,,,,,,,,,,,,,
令和７年度 科目別成績分布図（本試験）,,,,,,,,,,,,,,,,,,,,
科目名,満点,最高点,最低点,平均点,標準偏差,受験者数,得点率,５分値Ｆ１,５分値Ｆ２,５分値Ｆ３,５分値Ｆ４,１段階,２段階,３段階,４段階,５段階,６段階,７段階,８段階,９段階
旧簿記・会計,100,94,8,47.94,24.78,31,0.4794,22,36,56,70,0～11,12～21,22～25,26～37,38～55,56～65,66～81,82～93,94～100
点数,人数,比率（％）,,,,,,,,,,,,,,,,,,
１段階,1,3.225806,,,,,,,,,,,,,,,,,,
0,0,0,,,,,,,,,,,,,,,,,,
1,0,0,,,,,,,,,,,,,,,,,,
2,0,0,,,,,,,,,,,,,,,,,,
3,0,0,,,,,,,,,,,,,,,,,,
4,0,0,,,,,,,,,,,,,,,,,,
5,0,0,,,,,,,,,,,,,,,,,,
6,0,0,,,,,,,,,,,,,,,,,,
7,0,0,,,,,,,,,,,,,,,,,,
8,1,3.23,*******************,,,,,,,,,,,,,,,,,
9,0,0,,,,,,,,,,,,,,,,,,
10,0,0,,,,,,,,,,,,,,,,,,
11,0,0,,,,,,,,,,,,,,,,,,
２段階,2,6.451612,,,,,,,,,,,,,,,,,,
12,1,3.23,*******************,,,,,,,,,,,,,,,,,
13,0,0,,,,,,,,,,,,,,,,,,
14,0,0,,,,,,,,,,,,,,,,,,
15,0,0,,,,,,,,,,,,,,,,,,
16,1,3.23,*******************,,,,,,,,,,,,,,,,,
17,0,0,,,,,,,,,,,,,,,,,,
18,0,0,,,,,,,,,,,,,,,,,,
19,0,0,,,,,,,,,,,,,,,,,,
20,0,0,,,,,,,,,,,,,,,,,,
21,0,0,,,,,,,,,,,,,,,,,,
３段階,4,12.903225,,,,,,,,,,,,,,,,,,
22,3,9.68,****************************************,OV,,,,,,,,,,,,,,,,
23,0,0,,,,,,,,,,,,,,,,,,
24,1,3.23,*******************,,,,,,,,,,,,,,,,,
25,0,0,,,,,,,,,,,,,,,,,,
４段階,5,16.129032,,,,,,,,,,,,,,,,,,
26,1,3.23,*******************,,,,,,,,,,,,,,,,,
27,0,0,,,,,,,,,,,,,,,,,,
28,1,3.23,*******************,,,,,,,,,,,,,,,,,
29,0,0,,,,,,,,,,,,,,,,,,
30,0,0,,,,,,,,,,,,,,,,,,
31,0,0,,,,,,,,,,,,,,,,,,
32,1,3.23,*******************,,,,,,,,,,,,,,,,,
33,0,0,,,,,,,,,,,,,,,,,,
34,1,3.23,*******************,,,,,,,,,,,,,,,,,
35,0,0,,,,,,,,,,,,,,,,,,
36,1,3.23,*******************,,,,,,,,,,,,,,,,,
37,0,0,,,,,,,,,,,,,,,,,,
５段階,6,19.354838,,,,,,,,,,,,,,,,,,
38,3,9.68,****************************************,OV,,,,,,,,,,,,,,,,
39,0,0,,,,,,,,,,,,,,,,,,
40,1,3.23,*******************,,,,,,,,,,,,,,,,,
41,0,0,,,,,,,,,,,,,,,,,,
42,0,0,,,,,,,,,,,,,,,,,,
43,0,0,,,,,,,,,,,,,,,,,,
44,0,0,,,,,,,,,,,,,,,,,,
45,0,0,,,,,,,,,,,,,,,,,,
46,2,6.45,***************************************,,,,,,,,,,,,,,,,,
47,0,0,,,,,,,,,,,,,,,,,,
48,0,0,,,,,,,,,,,,,,,,,,
49,0,0,,,,,,,,,,,,,,,,,,
50,0,0,,,,,,,,,,,,,,,,,,
51,0,0,,,,,,,,,,,,,,,,,,
52,0,0,,,,,,,,,,,,,,,,,,
53,0,0,,,,,,,,,,,,,,,,,,
54,0,0,,,,,,,,,,,,,,,,,,
55,0,0,,,,,,,,,,,,,,,,,,
６段階,5,16.129032,,,,,,,,,,,,,,,,,,
56,1,3.23,*******************,,,,,,,,,,,,,,,,,
57,0,0,,,,,,,,,,,,,,,,,,
58,0,0,,,,,,,,,,,,,,,,,,
59,0,0,,,,,,,,,,,,,,,,,,
60,0,0,,,,,,,,,,,,,,,,,,
61,0,0,,,,,,,,,,,,,,,,,,
62,0,0,,,,,,,,,,,,,,,,,,
63,0,0,,,,,,,,,,,,,,,,,,
64,4,12.9,****************************************,OV,,,,,,,,,,,,,,,,
65,0,0,,,,,,,,,,,,,,,,,,
７段階,4,12.903225,,,,,,,,,,,,,,,,,,
66,1,3.23,*******************,,,,,,,,,,,,,,,,,
67,0,0,,,,,,,,,,,,,,,,,,
68,0,0,,,,,,,,,,,,,,,,,,
69,0,0,,,,,,,,,,,,,,,,,,
70,1,3.23,*******************,,,,,,,,,,,,,,,,,
71,0,0,,,,,,,,,,,,,,,,,,
72,1,3.23,*******************,,,,,,,,,,,,,,,,,
73,0,0,,,,,,,,,,,,,,,,,,
74,1,3.23,*******************,,,,,,,,,,,,,,,,,
75,0,0,,,,,,,,,,,,,,,,,,
76,0,0,,,,,,,,,,,,,,,,,,
77,0,0,,,,,,,,,,,,,,,,,,
78,0,0,,,,,,,,,,,,,,,,,,
79,0,0,,,,,,,,,,,,,,,,,,
80,0,0,,,,,,,,,,,,,,,,,,
81,0,0,,,,,,,,,,,,,,,,,,
８段階,1,3.225806,,,,,,,,,,,,,,,,,,
82,1,3.23,*******************,,,,,,,,,,,,,,,,,
83,0,0,,,,,,,,,,,,,,,,,,
84,0,0,,,,,,,,,,,,,,,,,,
85,0,0,,,,,,,,,,,,,,,,,,
86,0,0,,,,,,,,,,,,,,,,,,
87,0,0,,,,,,,,,,,,,,,,,,
88,0,0,,,,,,,,,,,,,,,,,,
89,0,0,,,,,,,,,,,,,,,,,,
90,0,0,,,,,,,,,,,,,,,,,,
91,0,0,,,,,,,,,,,,,,,,,,
92,0,0,,,,,,,,,,,,,,,,,,
93,0,0,,,,,,,,,,,,,,,,,,
９段階,3,9.677419,,,,,,,,,,,,,,,,,,
94,3,9.68,****************************************,OV,,,,,,,,,,,,,,,,
95,0,0,,,,,,,,,,,,,,,,,,
96,0,0,,,,,,,,,,,,,,,,,,
97,0,0,,,,,,,,,,,,,,,,,,
98,0,0,,,,,,,,,,,,,,,,,,
99,0,0,,,,,,,,,,,,,,,,,,
100,0,0,,,,,,,,,,,,,,,,,,
令和７年度 科目別成績分布図（本試験）,,,,,,,,,,,,,,,,,,,,
科目名,満点,最高点,最低点,平均点,標準偏差,受験者数,得点率,５分値Ｆ１,５分値Ｆ２,５分値Ｆ３,５分値Ｆ４,１段階,２段階,３段階,４段階,５段階,６段階,７段階,８段階,９段階
旧情報関係基礎,100,91,16,56.88,19.7,41,0.5688,39,46,58,77,0～28,29～31,32～41,42～45,46～65,66～76,77～81,82～88,89～100
点数,人数,比率（％）,,,,,,,,,,,,,,,,,,
１段階,1,2.439024,,,,,,,,,,,,,,,,,,
0,0,0,,,,,,,,,,,,,,,,,,
1,0,0,,,,,,,,,,,,,,,,,,
2,0,0,,,,,,,,,,,,,,,,,,
3,0,0,,,,,,,,,,,,,,,,,,
4,0,0,,,,,,,,,,,,,,,,,,
5,0,0,,,,,,,,,,,,,,,,,,
6,0,0,,,,,,,,,,,,,,,,,,
7,0,0,,,,,,,,,,,,,,,,,,
8,0,0,,,,,,,,,,,,,,,,,,
9,0,0,,,,,,,,,,,,,,,,,,
10,0,0,,,,,,,,,,,,,,,,,,
11,0,0,,,,,,,,,,,,,,,,,,
12,0,0,,,,,,,,,,,,,,,,,,
13,0,0,,,,,,,,,,,,,,,,,,
14,0,0,,,,,,,,,,,,,,,,,,
15,0,0,,,,,,,,,,,,,,,,,,
16,1,2.44,***************,,,,,,,,,,,,,,,,,
17,0,0,,,,,,,,,,,,,,,,,,
18,0,0,,,,,,,,,,,,,,,,,,
19,0,0,,,,,,,,,,,,,,,,,,
20,0,0,,,,,,,,,,,,,,,,,,
21,0,0,,,,,,,,,,,,,,,,,,
22,0,0,,,,,,,,,,,,,,,,,,
23,0,0,,,,,,,,,,,,,,,,,,
24,0,0,,,,,,,,,,,,,,,,,,
25,0,0,,,,,,,,,,,,,,,,,,
26,0,0,,,,,,,,,,,,,,,,,,
27,0,0,,,,,,,,,,,,,,,,,,
28,0,0,,,,,,,,,,,,,,,,,,
２段階,3,7.317073,,,,,,,,,,,,,,,,,,
29,1,2.44,***************,,,,,,,,,,,,,,,,,
30,0,0,,,,,,,,,,,,,,,,,,
31,2,4.88,*****************************,,,,,,,,,,,,,,,,,
３段階,5,12.195121,,,,,,,,,,,,,,,,,,
32,1,2.44,***************,,,,,,,,,,,,,,,,,
33,0,0,,,,,,,,,,,,,,,,,,
34,1,2.44,***************,,,,,,,,,,,,,,,,,
35,0,0,,,,,,,,,,,,,,,,,,
36,0,0,,,,,,,,,,,,,,,,,,
37,0,0,,,,,,,,,,,,,,,,,,
38,0,0,,,,,,,,,,,,,,,,,,
39,3,7.32,****************************************,OV,,,,,,,,,,,,,,,,
40,0,0,,,,,,,,,,,,,,,,,,
41,0,0,,,,,,,,,,,,,,,,,,
４段階,4,9.756097,,,,,,,,,,,,,,,,,,
42,1,2.44,***************,,,,,,,,,,,,,,,,,
43,0,0,,,,,,,,,,,,,,,,,,
44,2,4.88,*****************************,,,,,,,,,,,,,,,,,
45,1,2.44,***************,,,,,,,,,,,,,,,,,
５段階,12,29.268292,,,,,,,,,,,,,,,,,,
46,4,9.76,****************************************,OV,,,,,,,,,,,,,,,,
47,1,2.44,***************,,,,,,,,,,,,,,,,,
48,0,0,,,,,,,,,,,,,,,,,,
49,1,2.44,***************,,,,,,,,,,,,,,,,,
50,1,2.44,***************,,,,,,,,,,,,,,,,,
51,2,4.88,*****************************,,,,,,,,,,,,,,,,,
52,0,0,,,,,,,,,,,,,,,,,,
53,1,2.44,***************,,,,,,,,,,,,,,,,,
54,0,0,,,,,,,,,,,,,,,,,,
55,0,0,,,,,,,,,,,,,,,,,,
56,0,0,,,,,,,,,,,,,,,,,,
57,0,0,,,,,,,,,,,,,,,,,,
58,2,4.88,*****************************,,,,,,,,,,,,,,,,,
59,0,0,,,,,,,,,,,,,,,,,,
60,0,0,,,,,,,,,,,,,,,,,,
61,0,0,,,,,,,,,,,,,,,,,,
62,0,0,,,,,,,,,,,,,,,,,,
63,0,0,,,,,,,,,,,,,,,,,,
64,0,0,,,,,,,,,,,,,,,,,,
65,0,0,,,,,,,,,,,,,,,,,,
６段階,5,12.195121,,,,,,,,,,,,,,,,,,
66,1,2.44,***************,,,,,,,,,,,,,,,,,
67,0,0,,,,,,,,,,,,,,,,,,
68,0,0,,,,,,,,,,,,,,,,,,
69,0,0,,,,,,,,,,,,,,,,,,
70,0,0,,,,,,,,,,,,,,,,,,
71,0,0,,,,,,,,,,,,,,,,,,
72,1,2.44,***************,,,,,,,,,,,,,,,,,
73,0,0,,,,,,,,,,,,,,,,,,
74,1,2.44,***************,,,,,,,,,,,,,,,,,
75,1,2.44,***************,,,,,,,,,,,,,,,,,
76,1,2.44,***************,,,,,,,,,,,,,,,,,
７段階,6,14.634146,,,,,,,,,,,,,,,,,,
77,2,4.88,*****************************,,,,,,,,,,,,,,,,,
78,2,4.88,*****************************,,,,,,,,,,,,,,,,,
79,2,4.88,*****************************,,,,,,,,,,,,,,,,,
80,0,0,,,,,,,,,,,,,,,,,,
81,0,0,,,,,,,,,,,,,,,,,,
８段階,3,7.317073,,,,,,,,,,,,,,,,,,
82,1,2.44,***************,,,,,,,,,,,,,,,,,
83,0,0,,,,,,,,,,,,,,,,,,
84,0,0,,,,,,,,,,,,,,,,,,
85,0,0,,,,,,,,,,,,,,,,,,
86,1,2.44,***************,,,,,,,,,,,,,,,,,
87,1,2.44,***************,,,,,,,,,,,,,,,,,
88,0,0,,,,,,,,,,,,,,,,,,
９段階,2,4.878048,,,,,,,,,,,,,,,,,,
89,1,2.44,***************,,,,,,,,,,,,,,,,,
90,0,0,,,,,,,,,,,,,,,,,,
91,1,2.44,***************,,,,,,,,,,,,,,,,,
92,0,0,,,,,,,,,,,,,,,,,,
93,0,0,,,,,,,,,,,,,,,,,,
94,0,0,,,,,,,,,,,,,,,,,,
95,0,0,,,,,,,,,,,,,,,,,,
96,0,0,,,,,,,,,,,,,,,,,,
97,0,0,,,,,,,,,,,,,,,,,,
98,0,0,,,,,,,,,,,,,,,,,,
99,0,0,,,,,,,,,,,,,,,,,,
100,0,0,,,,,,,,,,,,,,,,,,
令和７年度 教科別成績分布図（本試験）,,,,,,,,,,,,,,,,,,,,
教科名,満点,最高点,最低点,平均点,標準偏差,受験者数,得点率,５分値Ｆ１,５分値Ｆ２,５分値Ｆ３,５分値Ｆ４,,,,,,,,,
物理基礎／化学基礎／生物基礎／地学基礎,50,50,0,29.98,9.93,270132,0.5995,21,27,33,38,,,,,,,,,
点数,人数,比率（％）,,,,,,,,,,,,,,,,,,
0,490,0.18,*,,,,,,,,,,,,,,,,,
1,8,0,,,,,,,,,,,,,,,,,,
2,11,0,,,,,,,,,,,,,,,,,,
3,678,0.25,**,,,,,,,,,,,,,,,,,
4,187,0.07,,,,,,,,,,,,,,,,,,
5,60,0.02,,,,,,,,,,,,,,,,,,
6,1531,0.57,***,,,,,,,,,,,,,,,,,
7,918,0.34,**,,,,,,,,,,,,,,,,,
8,287,0.11,*,,,,,,,,,,,,,,,,,
9,2405,0.89,*****,,,,,,,,,,,,,,,,,
10,2120,0.78,*****,,,,,,,,,,,,,,,,,
11,820,0.3,**,,,,,,,,,,,,,,,,,
12,3231,1.2,*******,,,,,,,,,,,,,,,,,
13,4133,1.53,*********,,,,,,,,,,,,,,,,,
14,1762,0.65,****,,,,,,,,,,,,,,,,,
15,3931,1.46,*********,,,,,,,,,,,,,,,,,
16,6267,2.32,**************,,,,,,,,,,,,,,,,,
17,3211,1.19,*******,,,,,,,,,,,,,,,,,
18,4625,1.71,**********,,,,,,,,,,,,,,,,,
19,8326,3.08,******************,,,,,,,,,,,,,,,,,
20,4831,1.79,***********,,,,,,,,,,,,,,,,,
21,5486,2.03,************,,,,,,,,,,,,,,,,,
22,9813,3.63,**********************,,,,,,,,,,,,,,,,,
23,6413,2.37,**************,,,,,,,,,,,,,,,,,
24,6566,2.43,***************,,,,,,,,,,,,,,,,,
25,10701,3.96,************************,,,,,,,,,,,,,,,,,
26,7728,2.86,*****************,,,,,,,,,,,,,,,,,
27,7666,2.84,*****************,,,,,,,,,,,,,,,,,
28,11190,4.14,*************************,,,,,,,,,,,,,,,,,
29,9131,3.38,********************,,,,,,,,,,,,,,,,,
30,8735,3.23,*******************,,,,,,,,,,,,,,,,,
31,11127,4.12,*************************,,,,,,,,,,,,,,,,,
32,10081,3.73,**********************,,,,,,,,,,,,,,,,,
33,9018,3.34,********************,,,,,,,,,,,,,,,,,
34,10174,3.77,***********************,,,,,,,,,,,,,,,,,
35,11000,4.07,************************,,,,,,,,,,,,,,,,,
36,8235,3.05,******************,,,,,,,,,,,,,,,,,
37,8592,3.18,*******************,,,,,,,,,,,,,,,,,
38,11337,4.2,*************************,,,,,,,,,,,,,,,,,
39,6861,2.54,***************,,,,,,,,,,,,,,,,,
40,6563,2.43,***************,,,,,,,,,,,,,,,,,
41,11126,4.12,*************************,,,,,,,,,,,,,,,,,
42,3954,1.46,*********,,,,,,,,,,,,,,,,,
43,4343,1.61,**********,,,,,,,,,,,,,,,,,
44,10109,3.74,**********************,,,,,,,,,,,,,,,,,
45,1836,0.68,****,,,,,,,,,,,,,,,,,
46,1281,0.47,***,,,,,,,,,,,,,,,,,
47,7866,2.91,*****************,,,,,,,,,,,,,,,,,
48,478,0.18,*,,,,,,,,,,,,,,,,,
49,0,0,,,,,,,,,,,,,,,,,,
50,2890,1.07,******,,,,,,,,,,,,,,,,,
令和７年度 科目別成績分布図（本試験）,,,,,,,,,,,,,,,,,,,,
科目名,満点,最高点,最低点,平均点,標準偏差,受験者数,得点率,５分値Ｆ１,５分値Ｆ２,５分値Ｆ３,５分値Ｆ４,１段階,２段階,３段階,４段階,５段階,６段階,７段階,８段階,９段階
物理基礎,50,50,0,24.78,10.56,18379,0.4955,14,22,28,34,0～6,7～9,10～15,16～21,22～28,29～32,33～38,39～42,43～50
点数,人数,比率（％）,,,,,,,,,,,,,,,,,,
１段階,743,4.042657,,,,,,,,,,,,,,,,,,
0,79,0.43,***,,,,,,,,,,,,,,,,,
1,0,0,,,,,,,,,,,,,,,,,,
2,0,0,,,,,,,,,,,,,,,,,,
3,231,1.26,********,,,,,,,,,,,,,,,,,
4,80,0.44,***,,,,,,,,,,,,,,,,,
5,0,0,,,,,,,,,,,,,,,,,,
6,353,1.92,************,,,,,,,,,,,,,,,,,
２段階,762,4.146036,,,,,,,,,,,,,,,,,,
7,340,1.85,***********,,,,,,,,,,,,,,,,,
8,42,0.23,*,,,,,,,,,,,,,,,,,
9,380,2.07,************,,,,,,,,,,,,,,,,,
３段階,2334,12.699276,,,,,,,,,,,,,,,,,,
10,579,3.15,*******************,,,,,,,,,,,,,,,,,
11,130,0.71,****,,,,,,,,,,,,,,,,,
12,307,1.67,**********,,,,,,,,,,,,,,,,,
13,739,4.02,************************,,,,,,,,,,,,,,,,,
14,320,1.74,**********,,,,,,,,,,,,,,,,,
15,259,1.41,********,,,,,,,,,,,,,,,,,
４段階,3095,16.839871,,,,,,,,,,,,,,,,,,
16,772,4.2,*************************,,,,,,,,,,,,,,,,,
17,488,2.66,****************,,,,,,,,,,,,,,,,,
18,220,1.2,*******,,,,,,,,,,,,,,,,,
19,748,4.07,************************,,,,,,,,,,,,,,,,,
20,621,3.38,********************,,,,,,,,,,,,,,,,,
21,246,1.34,********,,,,,,,,,,,,,,,,,
５段階,4030,21.927199,,,,,,,,,,,,,,,,,,
22,715,3.89,***********************,,,,,,,,,,,,,,,,,
23,770,4.19,*************************,,,,,,,,,,,,,,,,,
24,245,1.33,********,,,,,,,,,,,,,,,,,
25,618,3.36,********************,,,,,,,,,,,,,,,,,
26,871,4.74,****************************,,,,,,,,,,,,,,,,,
27,368,2,************,,,,,,,,,,,,,,,,,
28,443,2.41,**************,,,,,,,,,,,,,,,,,
６段階,2761,15.02258,,,,,,,,,,,,,,,,,,
29,1048,5.7,**********************************,,,,,,,,,,,,,,,,,
30,525,2.86,*****************,,,,,,,,,,,,,,,,,
31,266,1.45,*********,,,,,,,,,,,,,,,,,
32,922,5.02,******************************,,,,,,,,,,,,,,,,,
７段階,2602,14.157462,,,,,,,,,,,,,,,,,,
33,722,3.93,************************,,,,,,,,,,,,,,,,,
34,191,1.04,******,,,,,,,,,,,,,,,,,
35,545,2.97,******************,,,,,,,,,,,,,,,,,
36,779,4.24,*************************,,,,,,,,,,,,,,,,,
37,201,1.09,*******,,,,,,,,,,,,,,,,,
38,164,0.89,*****,,,,,,,,,,,,,,,,,
８段階,1227,6.676097,,,,,,,,,,,,,,,,,,
39,631,3.43,*********************,,,,,,,,,,,,,,,,,
40,347,1.89,***********,,,,,,,,,,,,,,,,,
41,21,0.11,*,,,,,,,,,,,,,,,,,
42,228,1.24,*******,,,,,,,,,,,,,,,,,
９段階,825,4.488818,,,,,,,,,,,,,,,,,,
43,401,2.18,*************,,,,,,,,,,,,,,,,,
44,39,0.21,*,,,,,,,,,,,,,,,,,
45,0,0,,,,,,,,,,,,,,,,,,
46,183,1,******,,,,,,,,,,,,,,,,,
47,115,0.63,****,,,,,,,,,,,,,,,,,
48,0,0,,,,,,,,,,,,,,,,,,
49,0,0,,,,,,,,,,,,,,,,,,
50,87,0.47,***,,,,,,,,,,,,,,,,,
令和７年度 科目別成績分布図（本試験）,,,,,,,,,,,,,,,,,,,,
科目名,満点,最高点,最低点,平均点,標準偏差,受験者数,得点率,５分値Ｆ１,５分値Ｆ２,５分値Ｆ３,５分値Ｆ４,１段階,２段階,３段階,４段階,５段階,６段階,７段階,８段階,９段階
化学基礎,50,50,0,27,9.41,90939,0.5401,18,24,30,35,0～9,10～14,15～18,19～24,25～30,31～34,35～37,38～42,43～50
点数,人数,比率（％）,,,,,,,,,,,,,,,,,,
１段階,3425,3.76626,,,,,,,,,,,,,,,,,,
0,137,0.15,*,,,,,,,,,,,,,,,,,
1,0,0,,,,,,,,,,,,,,,,,,
2,0,0,,,,,,,,,,,,,,,,,,
3,382,0.42,***,,,,,,,,,,,,,,,,,
4,40,0.04,,,,,,,,,,,,,,,,,,
5,0,0,,,,,,,,,,,,,,,,,,
6,976,1.07,******,,,,,,,,,,,,,,,,,
7,297,0.33,**,,,,,,,,,,,,,,,,,
8,11,0.01,,,,,,,,,,,,,,,,,,
9,1582,1.74,**********,,,,,,,,,,,,,,,,,
２段階,5440,5.982031,,,,,,,,,,,,,,,,,,
10,893,0.98,******,,,,,,,,,,,,,,,,,
11,79,0.09,*,,,,,,,,,,,,,,,,,
12,2023,2.22,*************,,,,,,,,,,,,,,,,,
13,2193,2.41,**************,,,,,,,,,,,,,,,,,
14,252,0.28,**,,,,,,,,,,,,,,,,,
３段階,8291,9.1171,,,,,,,,,,,,,,,,,,
15,2145,2.36,**************,,,,,,,,,,,,,,,,,
16,3609,3.97,************************,,,,,,,,,,,,,,,,,
17,640,0.7,****,,,,,,,,,,,,,,,,,
18,1897,2.09,*************,,,,,,,,,,,,,,,,,
４段階,16628,18.284784,,,,,,,,,,,,,,,,,,
19,4966,5.46,*********************************,,,,,,,,,,,,,,,,,
20,1143,1.26,********,,,,,,,,,,,,,,,,,
21,1582,1.74,**********,,,,,,,,,,,,,,,,,
22,5902,6.49,***************************************,,,,,,,,,,,,,,,,,
23,1776,1.95,************,,,,,,,,,,,,,,,,,
24,1259,1.38,********,,,,,,,,,,,,,,,,,
５段階,20459,22.497498,,,,,,,,,,,,,,,,,,
25,6557,7.21,****************************************,OV,,,,,,,,,,,,,,,,
26,2358,2.59,****************,,,,,,,,,,,,,,,,,
27,993,1.09,*******,,,,,,,,,,,,,,,,,
28,6779,7.45,****************************************,OV,,,,,,,,,,,,,,,,
29,3045,3.35,********************,,,,,,,,,,,,,,,,,
30,727,0.8,*****,,,,,,,,,,,,,,,,,
６段階,15632,17.189544,,,,,,,,,,,,,,,,,,
31,6399,7.04,****************************************,OV,,,,,,,,,,,,,,,,
32,3855,4.24,*************************,,,,,,,,,,,,,,,,,
33,317,0.35,**,,,,,,,,,,,,,,,,,
34,5061,5.57,*********************************,,,,,,,,,,,,,,,,,
７段階,7764,8.537591,,,,,,,,,,,,,,,,,,
35,4660,5.12,*******************************,,,,,,,,,,,,,,,,,
36,100,0.11,*,,,,,,,,,,,,,,,,,
37,3004,3.3,********************,,,,,,,,,,,,,,,,,
８段階,9548,10.499345,,,,,,,,,,,,,,,,,,
38,4689,5.16,*******************************,,,,,,,,,,,,,,,,,
39,19,0.02,,,,,,,,,,,,,,,,,,
40,1166,1.28,********,,,,,,,,,,,,,,,,,
41,3670,4.04,************************,,,,,,,,,,,,,,,,,
42,4,0,,,,,,,,,,,,,,,,,,
９段階,3752,4.125842,,,,,,,,,,,,,,,,,,
43,281,0.31,**,,,,,,,,,,,,,,,,,
44,2217,2.44,***************,,,,,,,,,,,,,,,,,
45,0,0,,,,,,,,,,,,,,,,,,
46,35,0.04,,,,,,,,,,,,,,,,,,
47,950,1.04,******,,,,,,,,,,,,,,,,,
48,0,0,,,,,,,,,,,,,,,,,,
49,0,0,,,,,,,,,,,,,,,,,,
50,269,0.3,**,,,,,,,,,,,,,,,,,
令和７年度 科目別成績分布図（本試験）,,,,,,,,,,,,,,,,,,,,
科目名,満点,最高点,最低点,平均点,標準偏差,受験者数,得点率,５分値Ｆ１,５分値Ｆ２,５分値Ｆ３,５分値Ｆ４,１段階,２段階,３段階,４段階,５段階,６段階,７段階,８段階,９段階
生物基礎,50,50,0,31.39,9.23,114388,0.6277,23,29,34,39,0～14,15～18,19～23,24～29,30～34,35～38,39～42,43～46,47～50
点数,人数,比率（％）,,,,,,,,,,,,,,,,,,
１段階,4496,3.930482,,,,,,,,,,,,,,,,,,
0,81,0.07,,,,,,,,,,,,,,,,,,
1,8,0.01,,,,,,,,,,,,,,,,,,
2,11,0.01,,,,,,,,,,,,,,,,,,
3,29,0.03,,,,,,,,,,,,,,,,,,
4,43,0.04,,,,,,,,,,,,,,,,,,
5,60,0.05,,,,,,,,,,,,,,,,,,
6,122,0.11,*,,,,,,,,,,,,,,,,,
7,185,0.16,*,,,,,,,,,,,,,,,,,
8,206,0.18,*,,,,,,,,,,,,,,,,,
9,328,0.29,**,,,,,,,,,,,,,,,,,
10,439,0.38,**,,,,,,,,,,,,,,,,,
11,489,0.43,***,,,,,,,,,,,,,,,,,
12,770,0.67,****,,,,,,,,,,,,,,,,,
13,821,0.72,****,,,,,,,,,,,,,,,,,
14,904,0.79,*****,,,,,,,,,,,,,,,,,
２段階,6509,5.690282,,,,,,,,,,,,,,,,,,
15,1382,1.21,*******,,,,,,,,,,,,,,,,,
16,1399,1.22,*******,,,,,,,,,,,,,,,,,
17,1472,1.29,********,,,,,,,,,,,,,,,,,
18,2256,1.97,************,,,,,,,,,,,,,,,,,
３段階,12730,11.128789,,,,,,,,,,,,,,,,,,
19,2126,1.86,***********,,,,,,,,,,,,,,,,,
20,2142,1.87,***********,,,,,,,,,,,,,,,,,
21,3106,2.72,****************,,,,,,,,,,,,,,,,,
22,2680,2.34,**************,,,,,,,,,,,,,,,,,
23,2676,2.34,**************,,,,,,,,,,,,,,,,,
４段階,22307,19.501171,,,,,,,,,,,,,,,,,,
24,4113,3.6,**********************,,,,,,,,,,,,,,,,,
25,3018,2.64,****************,,,,,,,,,,,,,,,,,
26,3262,2.85,*****************,,,,,,,,,,,,,,,,,
27,4751,4.15,*************************,,,,,,,,,,,,,,,,,
28,3280,2.87,*****************,,,,,,,,,,,,,,,,,
29,3883,3.39,********************,,,,,,,,,,,,,,,,,
５段階,21743,19.008112,,,,,,,,,,,,,,,,,,
30,5399,4.72,****************************,,,,,,,,,,,,,,,,,
31,3273,2.86,*****************,,,,,,,,,,,,,,,,,
32,4361,3.81,***********************,,,,,,,,,,,,,,,,,
33,5708,4.99,******************************,,,,,,,,,,,,,,,,,
34,3002,2.62,****************,,,,,,,,,,,,,,,,,
６段階,18329,16.023533,,,,,,,,,,,,,,,,,,
35,5029,4.4,**************************,,,,,,,,,,,,,,,,,
36,5363,4.69,****************************,,,,,,,,,,,,,,,,,
37,2486,2.17,*************,,,,,,,,,,,,,,,,,
38,5451,4.77,*****************************,,,,,,,,,,,,,,,,,
７段階,15512,13.560863,,,,,,,,,,,,,,,,,,
39,4931,4.31,**************************,,,,,,,,,,,,,,,,,
40,1672,1.46,*********,,,,,,,,,,,,,,,,,
41,5474,4.79,*****************************,,,,,,,,,,,,,,,,,
42,3435,3,******************,,,,,,,,,,,,,,,,,
８段階,7815,6.83201,,,,,,,,,,,,,,,,,,
43,864,0.76,*****,,,,,,,,,,,,,,,,,
44,4885,4.27,**************************,,,,,,,,,,,,,,,,,
45,1836,1.61,**********,,,,,,,,,,,,,,,,,
46,230,0.2,*,,,,,,,,,,,,,,,,,
９段階,4947,4.324754,,,,,,,,,,,,,,,,,,
47,3272,2.86,*****************,,,,,,,,,,,,,,,,,
48,478,0.42,***,,,,,,,,,,,,,,,,,
49,0,0,,,,,,,,,,,,,,,,,,
50,1197,1.05,******,,,,,,,,,,,,,,,,,
令和７年度 科目別成績分布図（本試験）,,,,,,,,,,,,,,,,,,,,
科目名,満点,最高点,最低点,平均点,標準偏差,受験者数,得点率,５分値Ｆ１,５分値Ｆ２,５分値Ｆ３,５分値Ｆ４,１段階,２段階,３段階,４段階,５段階,６段階,７段階,８段階,９段階
地学基礎,50,50,0,34.49,9.54,46285,0.6897,26,33,38,43,0～15,16～21,22～26,27～32,33～37,38～42,43～45,46～46,47～50
点数,人数,比率（％）,,,,,,,,,,,,,,,,,,
１段階,1704,3.681538,,,,,,,,,,,,,,,,,,
0,52,0.11,*,,,,,,,,,,,,,,,,,
1,0,0,,,,,,,,,,,,,,,,,,
2,0,0,,,,,,,,,,,,,,,,,,
3,36,0.08,,,,,,,,,,,,,,,,,,
4,24,0.05,,,,,,,,,,,,,,,,,,
5,0,0,,,,,,,,,,,,,,,,,,
6,80,0.17,*,,,,,,,,,,,,,,,,,
7,96,0.21,*,,,,,,,,,,,,,,,,,
8,28,0.06,,,,,,,,,,,,,,,,,,
9,115,0.25,*,,,,,,,,,,,,,,,,,
10,209,0.45,***,,,,,,,,,,,,,,,,,
11,122,0.26,**,,,,,,,,,,,,,,,,,
12,131,0.28,**,,,,,,,,,,,,,,,,,
13,380,0.82,*****,,,,,,,,,,,,,,,,,
14,286,0.62,****,,,,,,,,,,,,,,,,,
15,145,0.31,**,,,,,,,,,,,,,,,,,
２段階,3313,7.157826,,,,,,,,,,,,,,,,,,
16,487,1.05,******,,,,,,,,,,,,,,,,,
17,611,1.32,********,,,,,,,,,,,,,,,,,
18,252,0.54,***,,,,,,,,,,,,,,,,,
19,486,1.05,******,,,,,,,,,,,,,,,,,
20,925,2,************,,,,,,,,,,,,,,,,,
21,552,1.19,*******,,,,,,,,,,,,,,,,,
３段階,4401,9.50848,,,,,,,,,,,,,,,,,,
22,516,1.11,*******,,,,,,,,,,,,,,,,,
23,1191,2.57,***************,,,,,,,,,,,,,,,,,
24,949,2.05,************,,,,,,,,,,,,,,,,,
25,508,1.1,*******,,,,,,,,,,,,,,,,,
26,1237,2.67,****************,,,,,,,,,,,,,,,,,
４段階,7613,16.448093,,,,,,,,,,,,,,,,,,
27,1554,3.36,********************,,,,,,,,,,,,,,,,,
28,688,1.49,*********,,,,,,,,,,,,,,,,,
29,1155,2.5,***************,,,,,,,,,,,,,,,,,
30,2084,4.5,***************************,,,,,,,,,,,,,,,,,
31,1189,2.57,***************,,,,,,,,,,,,,,,,,
32,943,2.04,************,,,,,,,,,,,,,,,,,
５段階,9851,21.283353,,,,,,,,,,,,,,,,,,
33,2271,4.91,*****************************,,,,,,,,,,,,,,,,,
34,1920,4.15,*************************,,,,,,,,,,,,,,,,,
35,766,1.65,**********,,,,,,,,,,,,,,,,,
36,1993,4.31,**************************,,,,,,,,,,,,,,,,,
37,2901,6.27,**************************************,,,,,,,,,,,,,,,,,
６段階,7939,17.152425,,,,,,,,,,,,,,,,,,
38,1033,2.23,*************,,,,,,,,,,,,,,,,,
39,1280,2.77,*****************,,,,,,,,,,,,,,,,,
40,3378,7.3,****************************************,OV,,,,,,,,,,,,,,,,
41,1961,4.24,*************************,,,,,,,,,,,,,,,,,
42,287,0.62,****,,,,,,,,,,,,,,,,,
７段階,5765,12.455439,,,,,,,,,,,,,,,,,,
43,2797,6.04,************************************,,,,,,,,,,,,,,,,,
44,2968,6.41,**************************************,,,,,,,,,,,,,,,,,
45,0,0,,,,,,,,,,,,,,,,,,
８段階,833,1.799719,,,,,,,,,,,,,,,,,,
46,833,1.8,***********,,,,,,,,,,,,,,,,,
９段階,4866,10.513125,,,,,,,,,,,,,,,,,,
47,3529,7.62,****************************************,OV,,,,,,,,,,,,,,,,
48,0,0,,,,,,,,,,,,,,,,,,
49,0,0,,,,,,,,,,,,,,,,,,
50,1337,2.89,*****************,,,,,,,,,,,,,,,,,
令和７年度 教科別成績分布図（本試験）,,,,,,,,,,,,,,,,,,,,
教科名,満点,最高点,最低点,平均点,標準偏差,受験者数,得点率,５分値Ｆ１,５分値Ｆ２,５分値Ｆ３,５分値Ｆ４,,,,,,,,,
理科,100,100,0,53.56,21.27,523967,0.5356,33,47,60,73,,,,,,,,,
点数,人数,比率（％）,,,,,,,,,,,,,,,,,,
0,925,0.18,*,,,,,,,,,,,,,,,,,
1,10,0,,,,,,,,,,,,,,,,,,
2,4,0,,,,,,,,,,,,,,,,,,
3,193,0.04,,,,,,,,,,,,,,,,,,
4,186,0.04,,,,,,,,,,,,,,,,,,
5,294,0.06,,,,,,,,,,,,,,,,,,
6,363,0.07,,,,,,,,,,,,,,,,,,
7,435,0.08,,,,,,,,,,,,,,,,,,
8,605,0.12,*,,,,,,,,,,,,,,,,,
9,825,0.16,*,,,,,,,,,,,,,,,,,
10,1198,0.23,*,,,,,,,,,,,,,,,,,
11,881,0.17,*,,,,,,,,,,,,,,,,,
12,1579,0.3,**,,,,,,,,,,,,,,,,,
13,2309,0.44,***,,,,,,,,,,,,,,,,,
14,1929,0.37,**,,,,,,,,,,,,,,,,,
15,2289,0.44,***,,,,,,,,,,,,,,,,,
16,3236,0.62,****,,,,,,,,,,,,,,,,,
17,3184,0.61,****,,,,,,,,,,,,,,,,,
18,3249,0.62,****,,,,,,,,,,,,,,,,,
19,4024,0.77,*****,,,,,,,,,,,,,,,,,
20,4385,0.84,*****,,,,,,,,,,,,,,,,,
21,4186,0.8,*****,,,,,,,,,,,,,,,,,
22,4971,0.95,******,,,,,,,,,,,,,,,,,
23,5396,1.03,******,,,,,,,,,,,,,,,,,
24,5083,0.97,******,,,,,,,,,,,,,,,,,
25,5326,1.02,******,,,,,,,,,,,,,,,,,
26,6053,1.16,*******,,,,,,,,,,,,,,,,,
27,5782,1.1,*******,,,,,,,,,,,,,,,,,
28,5876,1.12,*******,,,,,,,,,,,,,,,,,
29,6464,1.23,*******,,,,,,,,,,,,,,,,,
30,6463,1.23,*******,,,,,,,,,,,,,,,,,
31,6229,1.19,*******,,,,,,,,,,,,,,,,,
32,6648,1.27,********,,,,,,,,,,,,,,,,,
33,6776,1.29,********,,,,,,,,,,,,,,,,,
34,6663,1.27,********,,,,,,,,,,,,,,,,,
35,6858,1.31,********,,,,,,,,,,,,,,,,,
36,7133,1.36,********,,,,,,,,,,,,,,,,,
37,6928,1.32,********,,,,,,,,,,,,,,,,,
38,7026,1.34,********,,,,,,,,,,,,,,,,,
39,7534,1.44,*********,,,,,,,,,,,,,,,,,
40,7456,1.42,*********,,,,,,,,,,,,,,,,,
41,7130,1.36,********,,,,,,,,,,,,,,,,,
42,7548,1.44,*********,,,,,,,,,,,,,,,,,
43,7718,1.47,*********,,,,,,,,,,,,,,,,,
44,7632,1.46,*********,,,,,,,,,,,,,,,,,
45,7688,1.47,*********,,,,,,,,,,,,,,,,,
46,7964,1.52,*********,,,,,,,,,,,,,,,,,
47,7647,1.46,*********,,,,,,,,,,,,,,,,,
48,7755,1.48,*********,,,,,,,,,,,,,,,,,
49,8048,1.54,*********,,,,,,,,,,,,,,,,,
50,7962,1.52,*********,,,,,,,,,,,,,,,,,
51,7929,1.51,*********,,,,,,,,,,,,,,,,,
52,8298,1.58,**********,,,,,,,,,,,,,,,,,
53,8018,1.53,*********,,,,,,,,,,,,,,,,,
54,8158,1.56,*********,,,,,,,,,,,,,,,,,
55,8389,1.6,**********,,,,,,,,,,,,,,,,,
56,7986,1.52,*********,,,,,,,,,,,,,,,,,
57,7974,1.52,*********,,,,,,,,,,,,,,,,,
58,8314,1.59,**********,,,,,,,,,,,,,,,,,
59,8400,1.6,**********,,,,,,,,,,,,,,,,,
60,8223,1.57,*********,,,,,,,,,,,,,,,,,
61,8299,1.58,**********,,,,,,,,,,,,,,,,,
62,8152,1.56,*********,,,,,,,,,,,,,,,,,
63,8293,1.58,*********,,,,,,,,,,,,,,,,,
64,8338,1.59,**********,,,,,,,,,,,,,,,,,
65,7818,1.49,*********,,,,,,,,,,,,,,,,,
66,8252,1.57,*********,,,,,,,,,,,,,,,,,
67,7940,1.52,*********,,,,,,,,,,,,,,,,,
68,7583,1.45,*********,,,,,,,,,,,,,,,,,
69,8108,1.55,*********,,,,,,,,,,,,,,,,,
70,7915,1.51,*********,,,,,,,,,,,,,,,,,
71,7085,1.35,********,,,,,,,,,,,,,,,,,
72,7601,1.45,*********,,,,,,,,,,,,,,,,,
73,7462,1.42,*********,,,,,,,,,,,,,,,,,
74,6566,1.25,********,,,,,,,,,,,,,,,,,
75,6890,1.31,********,,,,,,,,,,,,,,,,,
76,7119,1.36,********,,,,,,,,,,,,,,,,,
77,6078,1.16,*******,,,,,,,,,,,,,,,,,
78,6136,1.17,*******,,,,,,,,,,,,,,,,,
79,6582,1.26,********,,,,,,,,,,,,,,,,,
80,5716,1.09,*******,,,,,,,,,,,,,,,,,
81,5166,0.99,******,,,,,,,,,,,,,,,,,
82,6026,1.15,*******,,,,,,,,,,,,,,,,,
83,4752,0.91,*****,,,,,,,,,,,,,,,,,
84,3802,0.73,****,,,,,,,,,,,,,,,,,
85,5341,1.02,******,,,,,,,,,,,,,,,,,
86,4361,0.83,*****,,,,,,,,,,,,,,,,,
87,4358,0.83,*****,,,,,,,,,,,,,,,,,
88,2868,0.55,***,,,,,,,,,,,,,,,,,
89,1991,0.38,**,,,,,,,,,,,,,,,,,
90,5522,1.05,******,,,,,,,,,,,,,,,,,
91,2871,0.55,***,,,,,,,,,,,,,,,,,
92,1952,0.37,**,,,,,,,,,,,,,,,,,
93,1059,0.2,*,,,,,,,,,,,,,,,,,
94,1421,0.27,**,,,,,,,,,,,,,,,,,
95,4884,0.93,******,,,,,,,,,,,,,,,,,
96,547,0.1,*,,,,,,,,,,,,,,,,,
97,1163,0.22,*,,,,,,,,,,,,,,,,,
98,33,0.01,,,,,,,,,,,,,,,,,,
99,2,0,,,,,,,,,,,,,,,,,,
100,2180,0.42,**,,,,,,,,,,,,,,,,,
令和７年度 科目別成績分布図（本試験）,,,,,,,,,,,,,,,,,,,,
科目名,満点,最高点,最低点,平均点,標準偏差,受験者数,得点率,５分値Ｆ１,５分値Ｆ２,５分値Ｆ３,５分値Ｆ４,１段階,２段階,３段階,４段階,５段階,６段階,７段階,８段階,９段階
物理基礎／化学基礎／生物基礎／地学基礎,100,100,0,59.95,17.59,135066,0.5995,43,55,65,76,0～27,28～36,37～45,46～55,56～65,66～74,75～81,82～87,88～100
点数,人数,比率（％）,,,,,,,,,,,,,,,,,,
１段階,4994,3.697451,,,,,,,,,,,,,,,,,,
0,25,0.02,,,,,,,,,,,,,,,,,,
1,0,0,,,,,,,,,,,,,,,,,,
2,1,0,,,,,,,,,,,,,,,,,,
3,6,0,,,,,,,,,,,,,,,,,,
4,4,0,,,,,,,,,,,,,,,,,,
5,0,0,,,,,,,,,,,,,,,,,,
6,22,0.02,,,,,,,,,,,,,,,,,,
7,19,0.01,,,,,,,,,,,,,,,,,,
8,13,0.01,,,,,,,,,,,,,,,,,,
9,29,0.02,,,,,,,,,,,,,,,,,,
10,38,0.03,,,,,,,,,,,,,,,,,,
11,25,0.02,,,,,,,,,,,,,,,,,,
12,64,0.05,,,,,,,,,,,,,,,,,,
13,87,0.06,,,,,,,,,,,,,,,,,,
14,62,0.05,,,,,,,,,,,,,,,,,,
15,112,0.08,,,,,,,,,,,,,,,,,,
16,170,0.13,*,,,,,,,,,,,,,,,,,
17,140,0.1,*,,,,,,,,,,,,,,,,,
18,204,0.15,*,,,,,,,,,,,,,,,,,
19,282,0.21,*,,,,,,,,,,,,,,,,,
20,255,0.19,*,,,,,,,,,,,,,,,,,
21,319,0.24,*,,,,,,,,,,,,,,,,,
22,405,0.3,**,,,,,,,,,,,,,,,,,
23,459,0.34,**,,,,,,,,,,,,,,,,,
24,442,0.33,**,,,,,,,,,,,,,,,,,
25,569,0.42,***,,,,,,,,,,,,,,,,,
26,610,0.45,***,,,,,,,,,,,,,,,,,
27,632,0.47,***,,,,,,,,,,,,,,,,,
２段階,9532,7.05729,,,,,,,,,,,,,,,,,,
28,778,0.58,***,,,,,,,,,,,,,,,,,
29,831,0.62,****,,,,,,,,,,,,,,,,,
30,867,0.64,****,,,,,,,,,,,,,,,,,
31,972,0.72,****,,,,,,,,,,,,,,,,,
32,1067,0.79,*****,,,,,,,,,,,,,,,,,
33,1119,0.83,*****,,,,,,,,,,,,,,,,,
34,1226,0.91,*****,,,,,,,,,,,,,,,,,
35,1287,0.95,******,,,,,,,,,,,,,,,,,
36,1385,1.03,******,,,,,,,,,,,,,,,,,
３段階,15511,11.484015,,,,,,,,,,,,,,,,,,
37,1442,1.07,******,,,,,,,,,,,,,,,,,
38,1515,1.12,*******,,,,,,,,,,,,,,,,,
39,1584,1.17,*******,,,,,,,,,,,,,,,,,
40,1717,1.27,********,,,,,,,,,,,,,,,,,
41,1731,1.28,********,,,,,,,,,,,,,,,,,
42,1797,1.33,********,,,,,,,,,,,,,,,,,
43,1883,1.39,********,,,,,,,,,,,,,,,,,
44,1847,1.37,********,,,,,,,,,,,,,,,,,
45,1995,1.48,*********,,,,,,,,,,,,,,,,,
４段階,22986,17.018346,,,,,,,,,,,,,,,,,,
46,2101,1.56,*********,,,,,,,,,,,,,,,,,
47,1995,1.48,*********,,,,,,,,,,,,,,,,,
48,2133,1.58,*********,,,,,,,,,,,,,,,,,
49,2327,1.72,**********,,,,,,,,,,,,,,,,,
50,2176,1.61,**********,,,,,,,,,,,,,,,,,
51,2320,1.72,**********,,,,,,,,,,,,,,,,,
52,2517,1.86,***********,,,,,,,,,,,,,,,,,
53,2304,1.71,**********,,,,,,,,,,,,,,,,,
54,2492,1.85,***********,,,,,,,,,,,,,,,,,
55,2621,1.94,************,,,,,,,,,,,,,,,,,
５段階,26861,19.887314,,,,,,,,,,,,,,,,,,
56,2235,1.65,**********,,,,,,,,,,,,,,,,,
57,2623,1.94,************,,,,,,,,,,,,,,,,,
58,2750,2.04,************,,,,,,,,,,,,,,,,,
59,2480,1.84,***********,,,,,,,,,,,,,,,,,
60,2753,2.04,************,,,,,,,,,,,,,,,,,
61,2965,2.2,*************,,,,,,,,,,,,,,,,,
62,2598,1.92,************,,,,,,,,,,,,,,,,,
63,2840,2.1,*************,,,,,,,,,,,,,,,,,
64,3086,2.28,**************,,,,,,,,,,,,,,,,,
65,2531,1.87,***********,,,,,,,,,,,,,,,,,
６段階,24314,18.001569,,,,,,,,,,,,,,,,,,
66,2879,2.13,*************,,,,,,,,,,,,,,,,,
67,2916,2.16,*************,,,,,,,,,,,,,,,,,
68,2592,1.92,************,,,,,,,,,,,,,,,,,
69,2817,2.09,*************,,,,,,,,,,,,,,,,,
70,2984,2.21,*************,,,,,,,,,,,,,,,,,
71,2377,1.76,***********,,,,,,,,,,,,,,,,,
72,2618,1.94,************,,,,,,,,,,,,,,,,,
73,2853,2.11,*************,,,,,,,,,,,,,,,,,
74,2278,1.69,**********,,,,,,,,,,,,,,,,,
７段階,15457,11.444034,,,,,,,,,,,,,,,,,,
75,2421,1.79,***********,,,,,,,,,,,,,,,,,
76,2715,2.01,************,,,,,,,,,,,,,,,,,
77,2120,1.57,*********,,,,,,,,,,,,,,,,,
78,2184,1.62,**********,,,,,,,,,,,,,,,,,
79,2439,1.81,***********,,,,,,,,,,,,,,,,,
80,1797,1.33,********,,,,,,,,,,,,,,,,,
81,1781,1.32,********,,,,,,,,,,,,,,,,,
８段階,8902,6.590851,,,,,,,,,,,,,,,,,,
82,2152,1.59,**********,,,,,,,,,,,,,,,,,
83,1332,0.99,******,,,,,,,,,,,,,,,,,
84,1428,1.06,******,,,,,,,,,,,,,,,,,
85,1974,1.46,*********,,,,,,,,,,,,,,,,,
86,990,0.73,****,,,,,,,,,,,,,,,,,
87,1026,0.76,*****,,,,,,,,,,,,,,,,,
９段階,6509,4.819125,,,,,,,,,,,,,,,,,,
88,1626,1.2,*******,,,,,,,,,,,,,,,,,
89,621,0.46,***,,,,,,,,,,,,,,,,,
90,644,0.48,***,,,,,,,,,,,,,,,,,
91,1233,0.91,*****,,,,,,,,,,,,,,,,,
92,290,0.21,*,,,,,,,,,,,,,,,,,
93,267,0.2,*,,,,,,,,,,,,,,,,,
94,976,0.72,****,,,,,,,,,,,,,,,,,
95,134,0.1,*,,,,,,,,,,,,,,,,,
96,66,0.05,,,,,,,,,,,,,,,,,,
97,500,0.37,**,,,,,,,,,,,,,,,,,
98,32,0.02,,,,,,,,,,,,,,,,,,
99,0,0,,,,,,,,,,,,,,,,,,
100,120,0.09,*,,,,,,,,,,,,,,,,,
令和７年度 科目別成績分布図（本試験）,,,,,,,,,,,,,,,,,,,,
科目名,満点,最高点,最低点,平均点,標準偏差,受験者数,得点率,５分値Ｆ１,５分値Ｆ２,５分値Ｆ３,５分値Ｆ４,１段階,２段階,３段階,４段階,５段階,６段階,７段階,８段階,９段階
物理,100,100,0,58.96,22.72,144761,0.5896,37,53,67,80,0～16,17～27,28～40,41～53,54～66,67～78,79～86,87～94,95～100
点数,人数,比率（％）,,,,,,,,,,,,,,,,,,
１段階,5150,3.557588,,,,,,,,,,,,,,,,,,
0,154,0.11,*,,,,,,,,,,,,,,,,,
1,0,0,,,,,,,,,,,,,,,,,,
2,0,0,,,,,,,,,,,,,,,,,,
3,93,0.06,,,,,,,,,,,,,,,,,,
4,101,0.07,,,,,,,,,,,,,,,,,,
5,254,0.18,*,,,,,,,,,,,,,,,,,
6,78,0.05,,,,,,,,,,,,,,,,,,
7,149,0.1,*,,,,,,,,,,,,,,,,,
8,415,0.29,**,,,,,,,,,,,,,,,,,
9,301,0.21,*,,,,,,,,,,,,,,,,,
10,406,0.28,**,,,,,,,,,,,,,,,,,
11,333,0.23,*,,,,,,,,,,,,,,,,,
12,449,0.31,**,,,,,,,,,,,,,,,,,
13,641,0.44,***,,,,,,,,,,,,,,,,,
14,559,0.39,**,,,,,,,,,,,,,,,,,
15,581,0.4,**,,,,,,,,,,,,,,,,,
16,636,0.44,***,,,,,,,,,,,,,,,,,
２段階,10020,6.921753,,,,,,,,,,,,,,,,,,
17,740,0.51,***,,,,,,,,,,,,,,,,,
18,777,0.54,***,,,,,,,,,,,,,,,,,
19,711,0.49,***,,,,,,,,,,,,,,,,,
20,793,0.55,***,,,,,,,,,,,,,,,,,
21,852,0.59,****,,,,,,,,,,,,,,,,,
22,947,0.65,****,,,,,,,,,,,,,,,,,
23,941,0.65,****,,,,,,,,,,,,,,,,,
24,1063,0.73,****,,,,,,,,,,,,,,,,,
25,1047,0.72,****,,,,,,,,,,,,,,,,,
26,1044,0.72,****,,,,,,,,,,,,,,,,,
27,1105,0.76,*****,,,,,,,,,,,,,,,,,
３段階,18151,12.538598,,,,,,,,,,,,,,,,,,
28,1121,0.77,*****,,,,,,,,,,,,,,,,,
29,1201,0.83,*****,,,,,,,,,,,,,,,,,
30,1278,0.88,*****,,,,,,,,,,,,,,,,,
31,1302,0.9,*****,,,,,,,,,,,,,,,,,
32,1265,0.87,*****,,,,,,,,,,,,,,,,,
33,1293,0.89,*****,,,,,,,,,,,,,,,,,
34,1361,0.94,******,,,,,,,,,,,,,,,,,
35,1511,1.04,******,,,,,,,,,,,,,,,,,
36,1467,1.01,******,,,,,,,,,,,,,,,,,
37,1422,0.98,******,,,,,,,,,,,,,,,,,
38,1608,1.11,*******,,,,,,,,,,,,,,,,,
39,1661,1.15,*******,,,,,,,,,,,,,,,,,
40,1661,1.15,*******,,,,,,,,,,,,,,,,,
４段階,24454,16.892671,,,,,,,,,,,,,,,,,,
41,1631,1.13,*******,,,,,,,,,,,,,,,,,
42,1795,1.24,*******,,,,,,,,,,,,,,,,,
43,1849,1.28,********,,,,,,,,,,,,,,,,,
44,1853,1.28,********,,,,,,,,,,,,,,,,,
45,1759,1.22,*******,,,,,,,,,,,,,,,,,
46,1835,1.27,********,,,,,,,,,,,,,,,,,
47,1960,1.35,********,,,,,,,,,,,,,,,,,
48,1952,1.35,********,,,,,,,,,,,,,,,,,
49,1944,1.34,********,,,,,,,,,,,,,,,,,
50,1943,1.34,********,,,,,,,,,,,,,,,,,
51,2022,1.4,********,,,,,,,,,,,,,,,,,
52,1949,1.35,********,,,,,,,,,,,,,,,,,
53,1962,1.36,********,,,,,,,,,,,,,,,,,
５段階,27768,19.181961,,,,,,,,,,,,,,,,,,
54,2061,1.42,*********,,,,,,,,,,,,,,,,,
55,2092,1.45,*********,,,,,,,,,,,,,,,,,
56,2053,1.42,*********,,,,,,,,,,,,,,,,,
57,2038,1.41,********,,,,,,,,,,,,,,,,,
58,2146,1.48,*********,,,,,,,,,,,,,,,,,
59,2233,1.54,*********,,,,,,,,,,,,,,,,,
60,2171,1.5,*********,,,,,,,,,,,,,,,,,
61,2124,1.47,*********,,,,,,,,,,,,,,,,,
62,2132,1.47,*********,,,,,,,,,,,,,,,,,
63,2144,1.48,*********,,,,,,,,,,,,,,,,,
64,2279,1.57,*********,,,,,,,,,,,,,,,,,
65,2148,1.48,*********,,,,,,,,,,,,,,,,,
66,2147,1.48,*********,,,,,,,,,,,,,,,,,
６段階,25676,17.736821,,,,,,,,,,,,,,,,,,
67,2156,1.49,*********,,,,,,,,,,,,,,,,,
68,2168,1.5,*********,,,,,,,,,,,,,,,,,
69,2169,1.5,*********,,,,,,,,,,,,,,,,,
70,2144,1.48,*********,,,,,,,,,,,,,,,,,
71,2197,1.52,*********,,,,,,,,,,,,,,,,,
72,2192,1.51,*********,,,,,,,,,,,,,,,,,
73,2075,1.43,*********,,,,,,,,,,,,,,,,,
74,2065,1.43,*********,,,,,,,,,,,,,,,,,
75,2261,1.56,*********,,,,,,,,,,,,,,,,,
76,2010,1.39,********,,,,,,,,,,,,,,,,,
77,2053,1.42,*********,,,,,,,,,,,,,,,,,
78,2186,1.51,*********,,,,,,,,,,,,,,,,,
７段階,15677,10.829574,,,,,,,,,,,,,,,,,,
79,1855,1.28,********,,,,,,,,,,,,,,,,,
80,2077,1.43,*********,,,,,,,,,,,,,,,,,
81,2086,1.44,*********,,,,,,,,,,,,,,,,,
82,2241,1.55,*********,,,,,,,,,,,,,,,,,
83,1678,1.16,*******,,,,,,,,,,,,,,,,,
84,1303,0.9,*****,,,,,,,,,,,,,,,,,
85,2462,1.7,**********,,,,,,,,,,,,,,,,,
86,1975,1.36,********,,,,,,,,,,,,,,,,,
８段階,10475,7.236064,,,,,,,,,,,,,,,,,,
87,2252,1.56,*********,,,,,,,,,,,,,,,,,
88,770,0.53,***,,,,,,,,,,,,,,,,,
89,565,0.39,**,,,,,,,,,,,,,,,,,
90,3894,2.69,****************,,,,,,,,,,,,,,,,,
91,1286,0.89,*****,,,,,,,,,,,,,,,,,
92,1457,1.01,******,,,,,,,,,,,,,,,,,
93,150,0.1,*,,,,,,,,,,,,,,,,,
94,101,0.07,,,,,,,,,,,,,,,,,,
９段階,7390,5.104966,,,,,,,,,,,,,,,,,,
95,4708,3.25,********************,,,,,,,,,,,,,,,,,
96,324,0.22,*,,,,,,,,,,,,,,,,,
97,389,0.27,**,,,,,,,,,,,,,,,,,
98,0,0,,,,,,,,,,,,,,,,,,
99,0,0,,,,,,,,,,,,,,,,,,
100,1969,1.36,********,,,,,,,,,,,,,,,,,
令和７年度 科目別成績分布図（本試験）,,,,,,,,,,,,,,,,,,,,
科目名,満点,最高点,最低点,平均点,標準偏差,受験者数,得点率,５分値Ｆ１,５分値Ｆ２,５分値Ｆ３,５分値Ｆ４,１段階,２段階,３段階,４段階,５段階,６段階,７段階,８段階,９段階
化学,100,100,0,45.34,20.02,183154,0.4534,26,37,50,64,0～15,16～20,21～27,28～36,37～49,50～61,62～72,73～81,82～100
点数,人数,比率（％）,,,,,,,,,,,,,,,,,,
１段階,7341,4.008102,,,,,,,,,,,,,,,,,,
0,59,0.03,,,,,,,,,,,,,,,,,,
1,10,0.01,,,,,,,,,,,,,,,,,,
2,2,0,,,,,,,,,,,,,,,,,,
3,89,0.05,,,,,,,,,,,,,,,,,,
4,66,0.04,,,,,,,,,,,,,,,,,,
5,24,0.01,,,,,,,,,,,,,,,,,,
6,251,0.14,*,,,,,,,,,,,,,,,,,
7,239,0.13,*,,,,,,,,,,,,,,,,,
8,136,0.07,,,,,,,,,,,,,,,,,,
9,459,0.25,**,,,,,,,,,,,,,,,,,
10,696,0.38,**,,,,,,,,,,,,,,,,,
11,424,0.23,*,,,,,,,,,,,,,,,,,
12,922,0.5,***,,,,,,,,,,,,,,,,,
13,1444,0.79,*****,,,,,,,,,,,,,,,,,
14,1136,0.62,****,,,,,,,,,,,,,,,,,
15,1384,0.76,*****,,,,,,,,,,,,,,,,,
２段階,11695,6.385336,,,,,,,,,,,,,,,,,,
16,2162,1.18,*******,,,,,,,,,,,,,,,,,
17,2020,1.1,*******,,,,,,,,,,,,,,,,,
18,1951,1.07,******,,,,,,,,,,,,,,,,,
19,2668,1.46,*********,,,,,,,,,,,,,,,,,
20,2894,1.58,*********,,,,,,,,,,,,,,,,,
３段階,22172,12.105659,,,,,,,,,,,,,,,,,,
21,2519,1.38,********,,,,,,,,,,,,,,,,,
22,3090,1.69,**********,,,,,,,,,,,,,,,,,
23,3480,1.9,***********,,,,,,,,,,,,,,,,,
24,3004,1.64,**********,,,,,,,,,,,,,,,,,
25,3083,1.68,**********,,,,,,,,,,,,,,,,,
26,3660,2,************,,,,,,,,,,,,,,,,,
27,3336,1.82,***********,,,,,,,,,,,,,,,,,
４段階,29698,16.21477,,,,,,,,,,,,,,,,,,
28,3225,1.76,***********,,,,,,,,,,,,,,,,,
29,3606,1.97,************,,,,,,,,,,,,,,,,,
30,3467,1.89,***********,,,,,,,,,,,,,,,,,
31,3075,1.68,**********,,,,,,,,,,,,,,,,,
32,3438,1.88,***********,,,,,,,,,,,,,,,,,
33,3370,1.84,***********,,,,,,,,,,,,,,,,,
34,3083,1.68,**********,,,,,,,,,,,,,,,,,
35,3129,1.71,**********,,,,,,,,,,,,,,,,,
36,3305,1.8,***********,,,,,,,,,,,,,,,,,
５段階,37475,20.460923,,,,,,,,,,,,,,,,,,
37,3073,1.68,**********,,,,,,,,,,,,,,,,,
38,2863,1.56,*********,,,,,,,,,,,,,,,,,
39,3199,1.75,**********,,,,,,,,,,,,,,,,,
40,3052,1.67,**********,,,,,,,,,,,,,,,,,
41,2787,1.52,*********,,,,,,,,,,,,,,,,,
42,2873,1.57,*********,,,,,,,,,,,,,,,,,
43,2967,1.62,**********,,,,,,,,,,,,,,,,,
44,2832,1.55,*********,,,,,,,,,,,,,,,,,
45,2814,1.54,*********,,,,,,,,,,,,,,,,,
46,2984,1.63,**********,,,,,,,,,,,,,,,,,
47,2658,1.45,*********,,,,,,,,,,,,,,,,,
48,2635,1.44,*********,,,,,,,,,,,,,,,,,
49,2738,1.49,*********,,,,,,,,,,,,,,,,,
６段階,31071,16.964412,,,,,,,,,,,,,,,,,,
50,2779,1.52,*********,,,,,,,,,,,,,,,,,
51,2555,1.4,********,,,,,,,,,,,,,,,,,
52,2818,1.54,*********,,,,,,,,,,,,,,,,,
53,2750,1.5,*********,,,,,,,,,,,,,,,,,
54,2599,1.42,*********,,,,,,,,,,,,,,,,,
55,2658,1.45,*********,,,,,,,,,,,,,,,,,
56,2693,1.47,*********,,,,,,,,,,,,,,,,,
57,2398,1.31,********,,,,,,,,,,,,,,,,,
58,2467,1.35,********,,,,,,,,,,,,,,,,,
59,2703,1.48,*********,,,,,,,,,,,,,,,,,
60,2385,1.3,********,,,,,,,,,,,,,,,,,
61,2266,1.24,*******,,,,,,,,,,,,,,,,,
７段階,23366,12.75757,,,,,,,,,,,,,,,,,,
62,2510,1.37,********,,,,,,,,,,,,,,,,,
63,2392,1.31,********,,,,,,,,,,,,,,,,,
64,2097,1.14,*******,,,,,,,,,,,,,,,,,
65,2252,1.23,*******,,,,,,,,,,,,,,,,,
66,2323,1.27,********,,,,,,,,,,,,,,,,,
67,1931,1.05,******,,,,,,,,,,,,,,,,,
68,1992,1.09,*******,,,,,,,,,,,,,,,,,
69,2292,1.25,********,,,,,,,,,,,,,,,,,
70,1935,1.06,******,,,,,,,,,,,,,,,,,
71,1647,0.9,*****,,,,,,,,,,,,,,,,,
72,1995,1.09,*******,,,,,,,,,,,,,,,,,
８段階,12503,6.826495,,,,,,,,,,,,,,,,,,
73,1755,0.96,******,,,,,,,,,,,,,,,,,
74,1461,0.8,*****,,,,,,,,,,,,,,,,,
75,1485,0.81,*****,,,,,,,,,,,,,,,,,
76,1716,0.94,******,,,,,,,,,,,,,,,,,
77,1284,0.7,****,,,,,,,,,,,,,,,,,
78,1128,0.62,****,,,,,,,,,,,,,,,,,
79,1592,0.87,*****,,,,,,,,,,,,,,,,,
80,1279,0.7,****,,,,,,,,,,,,,,,,,
81,803,0.44,***,,,,,,,,,,,,,,,,,
９段階,7833,4.276728,,,,,,,,,,,,,,,,,,
82,1078,0.59,****,,,,,,,,,,,,,,,,,
83,1221,0.67,****,,,,,,,,,,,,,,,,,
84,676,0.37,**,,,,,,,,,,,,,,,,,
85,533,0.29,**,,,,,,,,,,,,,,,,,
86,972,0.53,***,,,,,,,,,,,,,,,,,
87,715,0.39,**,,,,,,,,,,,,,,,,,
88,238,0.13,*,,,,,,,,,,,,,,,,,
89,552,0.3,**,,,,,,,,,,,,,,,,,
90,629,0.34,**,,,,,,,,,,,,,,,,,
91,202,0.11,*,,,,,,,,,,,,,,,,,
92,113,0.06,,,,,,,,,,,,,,,,,,
93,443,0.24,*,,,,,,,,,,,,,,,,,
94,180,0.1,*,,,,,,,,,,,,,,,,,
95,14,0.01,,,,,,,,,,,,,,,,,,
96,97,0.05,,,,,,,,,,,,,,,,,,
97,128,0.07,,,,,,,,,,,,,,,,,,
98,1,0,,,,,,,,,,,,,,,,,,
99,2,0,,,,,,,,,,,,,,,,,,
100,39,0.02,,,,,,,,,,,,,,,,,,
令和７年度 科目別成績分布図（本試験）,,,,,,,,,,,,,,,,,,,,
科目名,満点,最高点,最低点,平均点,標準偏差,受験者数,得点率,５分値Ｆ１,５分値Ｆ２,５分値Ｆ３,５分値Ｆ４,１段階,２段階,３段階,４段階,５段階,６段階,７段階,８段階,９段階
生物,100,100,0,52.21,19.44,57985,0.5221,33,45,57,70,0～19,20～27,28～35,36～45,46～57,58～68,69～77,78～85,86～100
点数,人数,比率（％）,,,,,,,,,,,,,,,,,,
１段階,2059,3.550918,,,,,,,,,,,,,,,,,,
0,39,0.07,,,,,,,,,,,,,,,,,,
1,0,0,,,,,,,,,,,,,,,,,,
2,1,0,,,,,,,,,,,,,,,,,,
3,5,0.01,,,,,,,,,,,,,,,,,,
4,13,0.02,,,,,,,,,,,,,,,,,,
5,16,0.03,,,,,,,,,,,,,,,,,,
6,11,0.02,,,,,,,,,,,,,,,,,,
7,25,0.04,,,,,,,,,,,,,,,,,,
8,35,0.06,,,,,,,,,,,,,,,,,,
9,36,0.06,,,,,,,,,,,,,,,,,,
10,51,0.09,*,,,,,,,,,,,,,,,,,
11,88,0.15,*,,,,,,,,,,,,,,,,,
12,136,0.23,*,,,,,,,,,,,,,,,,,
13,132,0.23,*,,,,,,,,,,,,,,,,,
14,154,0.27,**,,,,,,,,,,,,,,,,,
15,192,0.33,**,,,,,,,,,,,,,,,,,
16,256,0.44,***,,,,,,,,,,,,,,,,,
17,261,0.45,***,,,,,,,,,,,,,,,,,
18,275,0.47,***,,,,,,,,,,,,,,,,,
19,333,0.57,***,,,,,,,,,,,,,,,,,
２段階,4272,7.367422,,,,,,,,,,,,,,,,,,
20,428,0.74,****,,,,,,,,,,,,,,,,,
21,445,0.77,*****,,,,,,,,,,,,,,,,,
22,460,0.79,*****,,,,,,,,,,,,,,,,,
23,477,0.82,*****,,,,,,,,,,,,,,,,,
24,545,0.94,******,,,,,,,,,,,,,,,,,
25,581,1,******,,,,,,,,,,,,,,,,,
26,673,1.16,*******,,,,,,,,,,,,,,,,,
27,663,1.14,*******,,,,,,,,,,,,,,,,,
３段階,6624,11.423644,,,,,,,,,,,,,,,,,,
28,708,1.22,*******,,,,,,,,,,,,,,,,,
29,759,1.31,********,,,,,,,,,,,,,,,,,
30,774,1.33,********,,,,,,,,,,,,,,,,,
31,844,1.46,*********,,,,,,,,,,,,,,,,,
32,831,1.43,*********,,,,,,,,,,,,,,,,,
33,898,1.55,*********,,,,,,,,,,,,,,,,,
34,932,1.61,**********,,,,,,,,,,,,,,,,,
35,878,1.51,*********,,,,,,,,,,,,,,,,,
４段階,9903,17.078554,,,,,,,,,,,,,,,,,,
36,907,1.56,*********,,,,,,,,,,,,,,,,,
37,926,1.6,**********,,,,,,,,,,,,,,,,,
38,994,1.71,**********,,,,,,,,,,,,,,,,,
39,1047,1.81,***********,,,,,,,,,,,,,,,,,
40,958,1.65,**********,,,,,,,,,,,,,,,,,
41,924,1.59,**********,,,,,,,,,,,,,,,,,
42,1048,1.81,***********,,,,,,,,,,,,,,,,,
43,985,1.7,**********,,,,,,,,,,,,,,,,,
44,1043,1.8,***********,,,,,,,,,,,,,,,,,
45,1071,1.85,***********,,,,,,,,,,,,,,,,,
５段階,11863,20.458739,,,,,,,,,,,,,,,,,,
46,1014,1.75,**********,,,,,,,,,,,,,,,,,
47,1002,1.73,**********,,,,,,,,,,,,,,,,,
48,1001,1.73,**********,,,,,,,,,,,,,,,,,
49,1009,1.74,**********,,,,,,,,,,,,,,,,,
50,1039,1.79,***********,,,,,,,,,,,,,,,,,
51,994,1.71,**********,,,,,,,,,,,,,,,,,
52,975,1.68,**********,,,,,,,,,,,,,,,,,
53,981,1.69,**********,,,,,,,,,,,,,,,,,
54,986,1.7,**********,,,,,,,,,,,,,,,,,
55,986,1.7,**********,,,,,,,,,,,,,,,,,
56,974,1.68,**********,,,,,,,,,,,,,,,,,
57,902,1.56,*********,,,,,,,,,,,,,,,,,
６段階,9874,17.028541,,,,,,,,,,,,,,,,,,
58,937,1.62,**********,,,,,,,,,,,,,,,,,
59,961,1.66,**********,,,,,,,,,,,,,,,,,
60,893,1.54,*********,,,,,,,,,,,,,,,,,
61,926,1.6,**********,,,,,,,,,,,,,,,,,
62,896,1.55,*********,,,,,,,,,,,,,,,,,
63,899,1.55,*********,,,,,,,,,,,,,,,,,
64,859,1.48,*********,,,,,,,,,,,,,,,,,
65,875,1.51,*********,,,,,,,,,,,,,,,,,
66,888,1.53,*********,,,,,,,,,,,,,,,,,
67,916,1.58,*********,,,,,,,,,,,,,,,,,
68,824,1.42,*********,,,,,,,,,,,,,,,,,
７段階,6789,11.7082,,,,,,,,,,,,,,,,,,
69,821,1.42,********,,,,,,,,,,,,,,,,,
70,839,1.45,*********,,,,,,,,,,,,,,,,,
71,849,1.46,*********,,,,,,,,,,,,,,,,,
72,789,1.36,********,,,,,,,,,,,,,,,,,
73,759,1.31,********,,,,,,,,,,,,,,,,,
74,741,1.28,********,,,,,,,,,,,,,,,,,
75,709,1.22,*******,,,,,,,,,,,,,,,,,
76,674,1.16,*******,,,,,,,,,,,,,,,,,
77,608,1.05,******,,,,,,,,,,,,,,,,,
８段階,4134,7.12943,,,,,,,,,,,,,,,,,,
78,615,1.06,******,,,,,,,,,,,,,,,,,
79,687,1.18,*******,,,,,,,,,,,,,,,,,
80,550,0.95,******,,,,,,,,,,,,,,,,,
81,481,0.83,*****,,,,,,,,,,,,,,,,,
82,542,0.93,******,,,,,,,,,,,,,,,,,
83,519,0.9,*****,,,,,,,,,,,,,,,,,
84,384,0.66,****,,,,,,,,,,,,,,,,,
85,356,0.61,****,,,,,,,,,,,,,,,,,
９段階,2467,4.254548,,,,,,,,,,,,,,,,,,
86,416,0.72,****,,,,,,,,,,,,,,,,,
87,364,0.63,****,,,,,,,,,,,,,,,,,
88,226,0.39,**,,,,,,,,,,,,,,,,,
89,240,0.41,**,,,,,,,,,,,,,,,,,
90,350,0.6,****,,,,,,,,,,,,,,,,,
91,150,0.26,**,,,,,,,,,,,,,,,,,
92,89,0.15,*,,,,,,,,,,,,,,,,,
93,195,0.34,**,,,,,,,,,,,,,,,,,
94,164,0.28,**,,,,,,,,,,,,,,,,,
95,28,0.05,,,,,,,,,,,,,,,,,,
96,53,0.09,*,,,,,,,,,,,,,,,,,
97,142,0.24,*,,,,,,,,,,,,,,,,,
98,0,0,,,,,,,,,,,,,,,,,,
99,0,0,,,,,,,,,,,,,,,,,,
100,50,0.09,*,,,,,,,,,,,,,,,,,
令和７年度 科目別成績分布図（本試験）,,,,,,,,,,,,,,,,,,,,
科目名,満点,最高点,最低点,平均点,標準偏差,受験者数,得点率,５分値Ｆ１,５分値Ｆ２,５分値Ｆ３,５分値Ｆ４,１段階,２段階,３段階,４段階,５段階,６段階,７段階,８段階,９段階
地学,100,100,0,41.64,18.96,2365,0.4164,25,33,42,56,0～15,16～20,21～26,27～33,34～41,42～53,54～69,70～81,82～100
点数,人数,比率（％）,,,,,,,,,,,,,,,,,,
１段階,93,3.932346,,,,,,,,,,,,,,,,,,
0,12,0.51,***,,,,,,,,,,,,,,,,,
1,0,0,,,,,,,,,,,,,,,,,,
2,0,0,,,,,,,,,,,,,,,,,,
3,0,0,,,,,,,,,,,,,,,,,,
4,2,0.08,*,,,,,,,,,,,,,,,,,
5,0,0,,,,,,,,,,,,,,,,,,
6,1,0.04,,,,,,,,,,,,,,,,,,
7,3,0.13,*,,,,,,,,,,,,,,,,,
8,6,0.25,**,,,,,,,,,,,,,,,,,
9,0,0,,,,,,,,,,,,,,,,,,
10,7,0.3,**,,,,,,,,,,,,,,,,,
11,11,0.47,***,,,,,,,,,,,,,,,,,
12,8,0.34,**,,,,,,,,,,,,,,,,,
13,5,0.21,*,,,,,,,,,,,,,,,,,
14,18,0.76,*****,,,,,,,,,,,,,,,,,
15,20,0.85,*****,,,,,,,,,,,,,,,,,
２段階,122,5.158562,,,,,,,,,,,,,,,,,,
16,12,0.51,***,,,,,,,,,,,,,,,,,
17,23,0.97,******,,,,,,,,,,,,,,,,,
18,42,1.78,***********,,,,,,,,,,,,,,,,,
19,30,1.27,********,,,,,,,,,,,,,,,,,
20,15,0.63,****,,,,,,,,,,,,,,,,,
３段階,300,12.684989,,,,,,,,,,,,,,,,,,
21,51,2.16,*************,,,,,,,,,,,,,,,,,
22,69,2.92,******************,,,,,,,,,,,,,,,,,
23,39,1.65,**********,,,,,,,,,,,,,,,,,
24,29,1.23,*******,,,,,,,,,,,,,,,,,
25,46,1.95,************,,,,,,,,,,,,,,,,,
26,66,2.79,*****************,,,,,,,,,,,,,,,,,
４段階,413,17.463002,,,,,,,,,,,,,,,,,,
27,46,1.95,************,,,,,,,,,,,,,,,,,
28,44,1.86,***********,,,,,,,,,,,,,,,,,
29,67,2.83,*****************,,,,,,,,,,,,,,,,,
30,77,3.26,********************,,,,,,,,,,,,,,,,,
31,36,1.52,*********,,,,,,,,,,,,,,,,,
32,47,1.99,************,,,,,,,,,,,,,,,,,
33,96,4.06,************************,,,,,,,,,,,,,,,,,
５段階,462,19.534883,,,,,,,,,,,,,,,,,,
34,61,2.58,***************,,,,,,,,,,,,,,,,,
35,53,2.24,*************,,,,,,,,,,,,,,,,,
36,69,2.92,******************,,,,,,,,,,,,,,,,,
37,65,2.75,****************,,,,,,,,,,,,,,,,,
38,46,1.95,************,,,,,,,,,,,,,,,,,
39,43,1.82,***********,,,,,,,,,,,,,,,,,
40,68,2.88,*****************,,,,,,,,,,,,,,,,,
41,57,2.41,**************,,,,,,,,,,,,,,,,,
６段階,424,17.928118,,,,,,,,,,,,,,,,,,
42,35,1.48,*********,,,,,,,,,,,,,,,,,
43,34,1.44,*********,,,,,,,,,,,,,,,,,
44,57,2.41,**************,,,,,,,,,,,,,,,,,
45,49,2.07,************,,,,,,,,,,,,,,,,,
46,30,1.27,********,,,,,,,,,,,,,,,,,
47,32,1.35,********,,,,,,,,,,,,,,,,,
48,34,1.44,*********,,,,,,,,,,,,,,,,,
49,30,1.27,********,,,,,,,,,,,,,,,,,
50,25,1.06,******,,,,,,,,,,,,,,,,,
51,38,1.61,**********,,,,,,,,,,,,,,,,,
52,39,1.65,**********,,,,,,,,,,,,,,,,,
53,21,0.89,*****,,,,,,,,,,,,,,,,,
７段階,287,12.135306,,,,,,,,,,,,,,,,,,
54,20,0.85,*****,,,,,,,,,,,,,,,,,
55,32,1.35,********,,,,,,,,,,,,,,,,,
56,31,1.31,********,,,,,,,,,,,,,,,,,
57,13,0.55,***,,,,,,,,,,,,,,,,,
58,14,0.59,****,,,,,,,,,,,,,,,,,
59,23,0.97,******,,,,,,,,,,,,,,,,,
60,21,0.89,*****,,,,,,,,,,,,,,,,,
61,18,0.76,*****,,,,,,,,,,,,,,,,,
62,16,0.68,****,,,,,,,,,,,,,,,,,
63,18,0.76,*****,,,,,,,,,,,,,,,,,
64,17,0.72,****,,,,,,,,,,,,,,,,,
65,12,0.51,***,,,,,,,,,,,,,,,,,
66,15,0.63,****,,,,,,,,,,,,,,,,,
67,21,0.89,*****,,,,,,,,,,,,,,,,,
68,7,0.3,**,,,,,,,,,,,,,,,,,
69,9,0.38,**,,,,,,,,,,,,,,,,,
８段階,167,7.06131,,,,,,,,,,,,,,,,,,
70,13,0.55,***,,,,,,,,,,,,,,,,,
71,15,0.63,****,,,,,,,,,,,,,,,,,
72,7,0.3,**,,,,,,,,,,,,,,,,,
73,20,0.85,*****,,,,,,,,,,,,,,,,,
74,21,0.89,*****,,,,,,,,,,,,,,,,,
75,14,0.59,****,,,,,,,,,,,,,,,,,
76,4,0.17,*,,,,,,,,,,,,,,,,,
77,13,0.55,***,,,,,,,,,,,,,,,,,
78,23,0.97,******,,,,,,,,,,,,,,,,,
79,9,0.38,**,,,,,,,,,,,,,,,,,
80,13,0.55,***,,,,,,,,,,,,,,,,,
81,15,0.63,****,,,,,,,,,,,,,,,,,
９段階,97,4.101479,,,,,,,,,,,,,,,,,,
82,13,0.55,***,,,,,,,,,,,,,,,,,
83,2,0.08,*,,,,,,,,,,,,,,,,,
84,11,0.47,***,,,,,,,,,,,,,,,,,
85,16,0.68,****,,,,,,,,,,,,,,,,,
86,8,0.34,**,,,,,,,,,,,,,,,,,
87,1,0.04,,,,,,,,,,,,,,,,,,
88,8,0.34,**,,,,,,,,,,,,,,,,,
89,13,0.55,***,,,,,,,,,,,,,,,,,
90,5,0.21,*,,,,,,,,,,,,,,,,,
91,0,0,,,,,,,,,,,,,,,,,,
92,3,0.13,*,,,,,,,,,,,,,,,,,
93,4,0.17,*,,,,,,,,,,,,,,,,,
94,0,0,,,,,,,,,,,,,,,,,,
95,0,0,,,,,,,,,,,,,,,,,,
96,7,0.3,**,,,,,,,,,,,,,,,,,
97,4,0.17,*,,,,,,,,,,,,,,,,,
98,0,0,,,,,,,,,,,,,,,,,,
99,0,0,,,,,,,,,,,,,,,,,,
100,2,0.08,*,,,,,,,,,,,,,,,,,
令和７年度 教科別成績分布図（本試験）,,,,,,,,,,,,,,,,,,,,
教科名,満点,最高点,最低点,平均点,標準偏差,受験者数,得点率,５分値Ｆ１,５分値Ｆ２,５分値Ｆ３,５分値Ｆ４,,,,,,,,,
英語（リーディング）,100,100,0,57.69,23.92,453668,0.5769,33,49,65,81,,,,,,,,,
点数,人数,比率（％）,,,,,,,,,,,,,,,,,,
0,55,0.01,,,,,,,,,,,,,,,,,,
1,0,0,,,,,,,,,,,,,,,,,,
2,24,0.01,,,,,,,,,,,,,,,,,,
3,79,0.02,,,,,,,,,,,,,,,,,,
4,14,0,,,,,,,,,,,,,,,,,,
5,159,0.04,,,,,,,,,,,,,,,,,,
6,297,0.07,,,,,,,,,,,,,,,,,,
7,89,0.02,,,,,,,,,,,,,,,,,,
8,356,0.08,,,,,,,,,,,,,,,,,,
9,771,0.17,*,,,,,,,,,,,,,,,,,
10,318,0.07,,,,,,,,,,,,,,,,,,
11,916,0.2,*,,,,,,,,,,,,,,,,,
12,1540,0.34,**,,,,,,,,,,,,,,,,,
13,831,0.18,*,,,,,,,,,,,,,,,,,
14,1928,0.42,***,,,,,,,,,,,,,,,,,
15,2560,0.56,***,,,,,,,,,,,,,,,,,
16,1616,0.36,**,,,,,,,,,,,,,,,,,
17,2970,0.65,****,,,,,,,,,,,,,,,,,
18,3524,0.78,*****,,,,,,,,,,,,,,,,,
19,2580,0.57,***,,,,,,,,,,,,,,,,,
20,4163,0.92,******,,,,,,,,,,,,,,,,,
21,4194,0.92,******,,,,,,,,,,,,,,,,,
22,3644,0.8,*****,,,,,,,,,,,,,,,,,
23,5002,1.1,*******,,,,,,,,,,,,,,,,,
24,4829,1.06,******,,,,,,,,,,,,,,,,,
25,4436,0.98,******,,,,,,,,,,,,,,,,,
26,5410,1.19,*******,,,,,,,,,,,,,,,,,
27,5088,1.12,*******,,,,,,,,,,,,,,,,,
28,4971,1.1,*******,,,,,,,,,,,,,,,,,
29,5536,1.22,*******,,,,,,,,,,,,,,,,,
30,5254,1.16,*******,,,,,,,,,,,,,,,,,
31,5302,1.17,*******,,,,,,,,,,,,,,,,,
32,5638,1.24,*******,,,,,,,,,,,,,,,,,
33,5404,1.19,*******,,,,,,,,,,,,,,,,,
34,5645,1.24,*******,,,,,,,,,,,,,,,,,
35,5585,1.23,*******,,,,,,,,,,,,,,,,,
36,5475,1.21,*******,,,,,,,,,,,,,,,,,
37,5476,1.21,*******,,,,,,,,,,,,,,,,,
38,5523,1.22,*******,,,,,,,,,,,,,,,,,
39,5772,1.27,********,,,,,,,,,,,,,,,,,
40,5429,1.2,*******,,,,,,,,,,,,,,,,,
41,5558,1.23,*******,,,,,,,,,,,,,,,,,
42,5729,1.26,********,,,,,,,,,,,,,,,,,
43,5449,1.2,*******,,,,,,,,,,,,,,,,,
44,5649,1.25,*******,,,,,,,,,,,,,,,,,
45,6012,1.33,********,,,,,,,,,,,,,,,,,
46,5507,1.21,*******,,,,,,,,,,,,,,,,,
47,5698,1.26,********,,,,,,,,,,,,,,,,,
48,5800,1.28,********,,,,,,,,,,,,,,,,,
49,5432,1.2,*******,,,,,,,,,,,,,,,,,
50,5757,1.27,********,,,,,,,,,,,,,,,,,
51,5998,1.32,********,,,,,,,,,,,,,,,,,
52,5609,1.24,*******,,,,,,,,,,,,,,,,,
53,5836,1.29,********,,,,,,,,,,,,,,,,,
54,5933,1.31,********,,,,,,,,,,,,,,,,,
55,5650,1.25,*******,,,,,,,,,,,,,,,,,
56,5721,1.26,********,,,,,,,,,,,,,,,,,
57,5874,1.29,********,,,,,,,,,,,,,,,,,
58,5627,1.24,*******,,,,,,,,,,,,,,,,,
59,5866,1.29,********,,,,,,,,,,,,,,,,,
60,5898,1.3,********,,,,,,,,,,,,,,,,,
61,5552,1.22,*******,,,,,,,,,,,,,,,,,
62,5743,1.27,********,,,,,,,,,,,,,,,,,
63,5985,1.32,********,,,,,,,,,,,,,,,,,
64,5623,1.24,*******,,,,,,,,,,,,,,,,,
65,5629,1.24,*******,,,,,,,,,,,,,,,,,
66,5949,1.31,********,,,,,,,,,,,,,,,,,
67,5714,1.26,********,,,,,,,,,,,,,,,,,
68,5390,1.19,*******,,,,,,,,,,,,,,,,,
69,5862,1.29,********,,,,,,,,,,,,,,,,,
70,5651,1.25,*******,,,,,,,,,,,,,,,,,
71,5377,1.19,*******,,,,,,,,,,,,,,,,,
72,5891,1.3,********,,,,,,,,,,,,,,,,,
73,5679,1.25,********,,,,,,,,,,,,,,,,,
74,5170,1.14,*******,,,,,,,,,,,,,,,,,
75,5615,1.24,*******,,,,,,,,,,,,,,,,,
76,5754,1.27,********,,,,,,,,,,,,,,,,,
77,5221,1.15,*******,,,,,,,,,,,,,,,,,
78,5570,1.23,*******,,,,,,,,,,,,,,,,,
79,5760,1.27,********,,,,,,,,,,,,,,,,,
80,5000,1.1,*******,,,,,,,,,,,,,,,,,
81,5440,1.2,*******,,,,,,,,,,,,,,,,,
82,5846,1.29,********,,,,,,,,,,,,,,,,,
83,4946,1.09,*******,,,,,,,,,,,,,,,,,
84,5180,1.14,*******,,,,,,,,,,,,,,,,,
85,5768,1.27,********,,,,,,,,,,,,,,,,,
86,4678,1.03,******,,,,,,,,,,,,,,,,,
87,4972,1.1,*******,,,,,,,,,,,,,,,,,
88,5840,1.29,********,,,,,,,,,,,,,,,,,
89,4509,0.99,******,,,,,,,,,,,,,,,,,
90,4540,1,******,,,,,,,,,,,,,,,,,
91,5922,1.31,********,,,,,,,,,,,,,,,,,
92,4192,0.92,******,,,,,,,,,,,,,,,,,
93,3898,0.86,*****,,,,,,,,,,,,,,,,,
94,6357,1.4,********,,,,,,,,,,,,,,,,,
95,4161,0.92,******,,,,,,,,,,,,,,,,,
96,2690,0.59,****,,,,,,,,,,,,,,,,,
97,7173,1.58,*********,,,,,,,,,,,,,,,,,
98,3407,0.75,*****,,,,,,,,,,,,,,,,,
99,0,0,,,,,,,,,,,,,,,,,,
100,9008,1.99,************,,,,,,,,,,,,,,,,,
令和７年度 科目別成績分布図（本試験）,,,,,,,,,,,,,,,,,,,,
科目名,満点,最高点,最低点,平均点,標準偏差,受験者数,得点率,５分値Ｆ１,５分値Ｆ２,５分値Ｆ３,５分値Ｆ４,１段階,２段階,３段階,４段階,５段階,６段階,７段階,８段階,９段階
英語（リーディング）,100,100,0,57.69,23.92,453668,0.5769,33,49,65,81,0～18,19～25,26～35,36～49,50～65,66～79,80～89,90～96,97～100
点数,人数,比率（％）,,,,,,,,,,,,,,,,,,
１段階,18047,3.978019,,,,,,,,,,,,,,,,,,
0,55,0.01,,,,,,,,,,,,,,,,,,
1,0,0,,,,,,,,,,,,,,,,,,
2,24,0.01,,,,,,,,,,,,,,,,,,
3,79,0.02,,,,,,,,,,,,,,,,,,
4,14,0,,,,,,,,,,,,,,,,,,
5,159,0.04,,,,,,,,,,,,,,,,,,
6,297,0.07,,,,,,,,,,,,,,,,,,
7,89,0.02,,,,,,,,,,,,,,,,,,
8,356,0.08,,,,,,,,,,,,,,,,,,
9,771,0.17,*,,,,,,,,,,,,,,,,,
10,318,0.07,,,,,,,,,,,,,,,,,,
11,916,0.2,*,,,,,,,,,,,,,,,,,
12,1540,0.34,**,,,,,,,,,,,,,,,,,
13,831,0.18,*,,,,,,,,,,,,,,,,,
14,1928,0.42,***,,,,,,,,,,,,,,,,,
15,2560,0.56,***,,,,,,,,,,,,,,,,,
16,1616,0.36,**,,,,,,,,,,,,,,,,,
17,2970,0.65,****,,,,,,,,,,,,,,,,,
18,3524,0.78,*****,,,,,,,,,,,,,,,,,
２段階,28848,6.358835,,,,,,,,,,,,,,,,,,
19,2580,0.57,***,,,,,,,,,,,,,,,,,
20,4163,0.92,******,,,,,,,,,,,,,,,,,
21,4194,0.92,******,,,,,,,,,,,,,,,,,
22,3644,0.8,*****,,,,,,,,,,,,,,,,,
23,5002,1.1,*******,,,,,,,,,,,,,,,,,
24,4829,1.06,******,,,,,,,,,,,,,,,,,
25,4436,0.98,******,,,,,,,,,,,,,,,,,
３段階,53833,11.866166,,,,,,,,,,,,,,,,,,
26,5410,1.19,*******,,,,,,,,,,,,,,,,,
27,5088,1.12,*******,,,,,,,,,,,,,,,,,
28,4971,1.1,*******,,,,,,,,,,,,,,,,,
29,5536,1.22,*******,,,,,,,,,,,,,,,,,
30,5254,1.16,*******,,,,,,,,,,,,,,,,,
31,5302,1.17,*******,,,,,,,,,,,,,,,,,
32,5638,1.24,*******,,,,,,,,,,,,,,,,,
33,5404,1.19,*******,,,,,,,,,,,,,,,,,
34,5645,1.24,*******,,,,,,,,,,,,,,,,,
35,5585,1.23,*******,,,,,,,,,,,,,,,,,
４段階,78509,17.305386,,,,,,,,,,,,,,,,,,
36,5475,1.21,*******,,,,,,,,,,,,,,,,,
37,5476,1.21,*******,,,,,,,,,,,,,,,,,
38,5523,1.22,*******,,,,,,,,,,,,,,,,,
39,5772,1.27,********,,,,,,,,,,,,,,,,,
40,5429,1.2,*******,,,,,,,,,,,,,,,,,
41,5558,1.23,*******,,,,,,,,,,,,,,,,,
42,5729,1.26,********,,,,,,,,,,,,,,,,,
43,5449,1.2,*******,,,,,,,,,,,,,,,,,
44,5649,1.25,*******,,,,,,,,,,,,,,,,,
45,6012,1.33,********,,,,,,,,,,,,,,,,,
46,5507,1.21,*******,,,,,,,,,,,,,,,,,
47,5698,1.26,********,,,,,,,,,,,,,,,,,
48,5800,1.28,********,,,,,,,,,,,,,,,,,
49,5432,1.2,*******,,,,,,,,,,,,,,,,,
５段階,92301,20.345494,,,,,,,,,,,,,,,,,,
50,5757,1.27,********,,,,,,,,,,,,,,,,,
51,5998,1.32,********,,,,,,,,,,,,,,,,,
52,5609,1.24,*******,,,,,,,,,,,,,,,,,
53,5836,1.29,********,,,,,,,,,,,,,,,,,
54,5933,1.31,********,,,,,,,,,,,,,,,,,
55,5650,1.25,*******,,,,,,,,,,,,,,,,,
56,5721,1.26,********,,,,,,,,,,,,,,,,,
57,5874,1.29,********,,,,,,,,,,,,,,,,,
58,5627,1.24,*******,,,,,,,,,,,,,,,,,
59,5866,1.29,********,,,,,,,,,,,,,,,,,
60,5898,1.3,********,,,,,,,,,,,,,,,,,
61,5552,1.22,*******,,,,,,,,,,,,,,,,,
62,5743,1.27,********,,,,,,,,,,,,,,,,,
63,5985,1.32,********,,,,,,,,,,,,,,,,,
64,5623,1.24,*******,,,,,,,,,,,,,,,,,
65,5629,1.24,*******,,,,,,,,,,,,,,,,,
６段階,78603,17.326106,,,,,,,,,,,,,,,,,,
66,5949,1.31,********,,,,,,,,,,,,,,,,,
67,5714,1.26,********,,,,,,,,,,,,,,,,,
68,5390,1.19,*******,,,,,,,,,,,,,,,,,
69,5862,1.29,********,,,,,,,,,,,,,,,,,
70,5651,1.25,*******,,,,,,,,,,,,,,,,,
71,5377,1.19,*******,,,,,,,,,,,,,,,,,
72,5891,1.3,********,,,,,,,,,,,,,,,,,
73,5679,1.25,********,,,,,,,,,,,,,,,,,
74,5170,1.14,*******,,,,,,,,,,,,,,,,,
75,5615,1.24,*******,,,,,,,,,,,,,,,,,
76,5754,1.27,********,,,,,,,,,,,,,,,,,
77,5221,1.15,*******,,,,,,,,,,,,,,,,,
78,5570,1.23,*******,,,,,,,,,,,,,,,,,
79,5760,1.27,********,,,,,,,,,,,,,,,,,
７段階,52179,11.501582,,,,,,,,,,,,,,,,,,
80,5000,1.1,*******,,,,,,,,,,,,,,,,,
81,5440,1.2,*******,,,,,,,,,,,,,,,,,
82,5846,1.29,********,,,,,,,,,,,,,,,,,
83,4946,1.09,*******,,,,,,,,,,,,,,,,,
84,5180,1.14,*******,,,,,,,,,,,,,,,,,
85,5768,1.27,********,,,,,,,,,,,,,,,,,
86,4678,1.03,******,,,,,,,,,,,,,,,,,
87,4972,1.1,*******,,,,,,,,,,,,,,,,,
88,5840,1.29,********,,,,,,,,,,,,,,,,,
89,4509,0.99,******,,,,,,,,,,,,,,,,,
８段階,31760,7.000714,,,,,,,,,,,,,,,,,,
90,4540,1,******,,,,,,,,,,,,,,,,,
91,5922,1.31,********,,,,,,,,,,,,,,,,,
92,4192,0.92,******,,,,,,,,,,,,,,,,,
93,3898,0.86,*****,,,,,,,,,,,,,,,,,
94,6357,1.4,********,,,,,,,,,,,,,,,,,
95,4161,0.92,******,,,,,,,,,,,,,,,,,
96,2690,0.59,****,,,,,,,,,,,,,,,,,
９段階,19588,4.317694,,,,,,,,,,,,,,,,,,
97,7173,1.58,*********,,,,,,,,,,,,,,,,,
98,3407,0.75,*****,,,,,,,,,,,,,,,,,
99,0,0,,,,,,,,,,,,,,,,,,
100,9008,1.99,************,,,,,,,,,,,,,,,,,
令和７年度 教科別成績分布図（本試験）,,,,,,,,,,,,,,,,,,,,
教科名,満点,最高点,最低点,平均点,標準偏差,受験者数,得点率,５分値Ｆ１,５分値Ｆ２,５分値Ｆ３,５分値Ｆ４,,,,,,,,,
外国語,200,200,17,156.69,39.29,1321,0.7835,129,161,177,187,,,,,,,,,
点数,人数,比率（％）,,,,,,,,,,,,,,,,,,
0,0,0,,,,,,,,,,,,,,,,,,
1,0,0,,,,,,,,,,,,,,,,,,
2,0,0,,,,,,,,,,,,,,,,,,
3,0,0,,,,,,,,,,,,,,,,,,
4,0,0,,,,,,,,,,,,,,,,,,
5,0,0,,,,,,,,,,,,,,,,,,
6,0,0,,,,,,,,,,,,,,,,,,
7,0,0,,,,,,,,,,,,,,,,,,
8,0,0,,,,,,,,,,,,,,,,,,
9,0,0,,,,,,,,,,,,,,,,,,
10,0,0,,,,,,,,,,,,,,,,,,
11,0,0,,,,,,,,,,,,,,,,,,
12,0,0,,,,,,,,,,,,,,,,,,
13,0,0,,,,,,,,,,,,,,,,,,
14,0,0,,,,,,,,,,,,,,,,,,
15,0,0,,,,,,,,,,,,,,,,,,
16,0,0,,,,,,,,,,,,,,,,,,
17,1,0.08,,,,,,,,,,,,,,,,,,
18,0,0,,,,,,,,,,,,,,,,,,
19,0,0,,,,,,,,,,,,,,,,,,
20,0,0,,,,,,,,,,,,,,,,,,
21,0,0,,,,,,,,,,,,,,,,,,
22,0,0,,,,,,,,,,,,,,,,,,
23,1,0.08,,,,,,,,,,,,,,,,,,
24,1,0.08,,,,,,,,,,,,,,,,,,
25,0,0,,,,,,,,,,,,,,,,,,
26,0,0,,,,,,,,,,,,,,,,,,
27,0,0,,,,,,,,,,,,,,,,,,
28,0,0,,,,,,,,,,,,,,,,,,
29,0,0,,,,,,,,,,,,,,,,,,
30,0,0,,,,,,,,,,,,,,,,,,
31,0,0,,,,,,,,,,,,,,,,,,
32,0,0,,,,,,,,,,,,,,,,,,
33,0,0,,,,,,,,,,,,,,,,,,
34,0,0,,,,,,,,,,,,,,,,,,
35,0,0,,,,,,,,,,,,,,,,,,
36,1,0.08,,,,,,,,,,,,,,,,,,
37,0,0,,,,,,,,,,,,,,,,,,
38,4,0.3,**,,,,,,,,,,,,,,,,,
39,1,0.08,,,,,,,,,,,,,,,,,,
40,1,0.08,,,,,,,,,,,,,,,,,,
41,1,0.08,,,,,,,,,,,,,,,,,,
42,2,0.15,*,,,,,,,,,,,,,,,,,
43,0,0,,,,,,,,,,,,,,,,,,
44,0,0,,,,,,,,,,,,,,,,,,
45,1,0.08,,,,,,,,,,,,,,,,,,
46,2,0.15,*,,,,,,,,,,,,,,,,,
47,3,0.23,*,,,,,,,,,,,,,,,,,
48,1,0.08,,,,,,,,,,,,,,,,,,
49,0,0,,,,,,,,,,,,,,,,,,
50,2,0.15,*,,,,,,,,,,,,,,,,,
51,0,0,,,,,,,,,,,,,,,,,,
52,2,0.15,*,,,,,,,,,,,,,,,,,
53,1,0.08,,,,,,,,,,,,,,,,,,
54,2,0.15,*,,,,,,,,,,,,,,,,,
55,3,0.23,*,,,,,,,,,,,,,,,,,
56,1,0.08,,,,,,,,,,,,,,,,,,
57,3,0.23,*,,,,,,,,,,,,,,,,,
58,4,0.3,**,,,,,,,,,,,,,,,,,
59,4,0.3,**,,,,,,,,,,,,,,,,,
60,1,0.08,,,,,,,,,,,,,,,,,,
61,1,0.08,,,,,,,,,,,,,,,,,,
62,3,0.23,*,,,,,,,,,,,,,,,,,
63,4,0.3,**,,,,,,,,,,,,,,,,,
64,4,0.3,**,,,,,,,,,,,,,,,,,
65,3,0.23,*,,,,,,,,,,,,,,,,,
66,3,0.23,*,,,,,,,,,,,,,,,,,
67,3,0.23,*,,,,,,,,,,,,,,,,,
68,2,0.15,*,,,,,,,,,,,,,,,,,
69,1,0.08,,,,,,,,,,,,,,,,,,
70,3,0.23,*,,,,,,,,,,,,,,,,,
71,1,0.08,,,,,,,,,,,,,,,,,,
72,1,0.08,,,,,,,,,,,,,,,,,,
73,2,0.15,*,,,,,,,,,,,,,,,,,
74,2,0.15,*,,,,,,,,,,,,,,,,,
75,6,0.45,***,,,,,,,,,,,,,,,,,
76,3,0.23,*,,,,,,,,,,,,,,,,,
77,1,0.08,,,,,,,,,,,,,,,,,,
78,6,0.45,***,,,,,,,,,,,,,,,,,
79,4,0.3,**,,,,,,,,,,,,,,,,,
80,5,0.38,**,,,,,,,,,,,,,,,,,
81,0,0,,,,,,,,,,,,,,,,,,
82,5,0.38,**,,,,,,,,,,,,,,,,,
83,3,0.23,*,,,,,,,,,,,,,,,,,
84,8,0.61,****,,,,,,,,,,,,,,,,,
85,4,0.3,**,,,,,,,,,,,,,,,,,
86,1,0.08,,,,,,,,,,,,,,,,,,
87,1,0.08,,,,,,,,,,,,,,,,,,
88,6,0.45,***,,,,,,,,,,,,,,,,,
89,2,0.15,*,,,,,,,,,,,,,,,,,
90,5,0.38,**,,,,,,,,,,,,,,,,,
91,2,0.15,*,,,,,,,,,,,,,,,,,
92,4,0.3,**,,,,,,,,,,,,,,,,,
93,1,0.08,,,,,,,,,,,,,,,,,,
94,6,0.45,***,,,,,,,,,,,,,,,,,
95,1,0.08,,,,,,,,,,,,,,,,,,
96,4,0.3,**,,,,,,,,,,,,,,,,,
97,1,0.08,,,,,,,,,,,,,,,,,,
98,0,0,,,,,,,,,,,,,,,,,,
99,2,0.15,*,,,,,,,,,,,,,,,,,
100,5,0.38,**,,,,,,,,,,,,,,,,,
101,2,0.15,*,,,,,,,,,,,,,,,,,
102,5,0.38,**,,,,,,,,,,,,,,,,,
103,3,0.23,*,,,,,,,,,,,,,,,,,
104,2,0.15,*,,,,,,,,,,,,,,,,,
105,4,0.3,**,,,,,,,,,,,,,,,,,
106,0,0,,,,,,,,,,,,,,,,,,
107,2,0.15,*,,,,,,,,,,,,,,,,,
108,9,0.68,****,,,,,,,,,,,,,,,,,
109,6,0.45,***,,,,,,,,,,,,,,,,,
110,4,0.3,**,,,,,,,,,,,,,,,,,
111,2,0.15,*,,,,,,,,,,,,,,,,,
112,6,0.45,***,,,,,,,,,,,,,,,,,
113,2,0.15,*,,,,,,,,,,,,,,,,,
114,2,0.15,*,,,,,,,,,,,,,,,,,
115,4,0.3,**,,,,,,,,,,,,,,,,,
116,1,0.08,,,,,,,,,,,,,,,,,,
117,2,0.15,*,,,,,,,,,,,,,,,,,
118,5,0.38,**,,,,,,,,,,,,,,,,,
119,2,0.15,*,,,,,,,,,,,,,,,,,
120,4,0.3,**,,,,,,,,,,,,,,,,,
121,1,0.08,,,,,,,,,,,,,,,,,,
122,6,0.45,***,,,,,,,,,,,,,,,,,
123,5,0.38,**,,,,,,,,,,,,,,,,,
124,6,0.45,***,,,,,,,,,,,,,,,,,
125,0,0,,,,,,,,,,,,,,,,,,
126,1,0.08,,,,,,,,,,,,,,,,,,
127,4,0.3,**,,,,,,,,,,,,,,,,,
128,6,0.45,***,,,,,,,,,,,,,,,,,
129,5,0.38,**,,,,,,,,,,,,,,,,,
130,5,0.38,**,,,,,,,,,,,,,,,,,
131,7,0.53,***,,,,,,,,,,,,,,,,,
132,9,0.68,****,,,,,,,,,,,,,,,,,
133,9,0.68,****,,,,,,,,,,,,,,,,,
134,7,0.53,***,,,,,,,,,,,,,,,,,
135,7,0.53,***,,,,,,,,,,,,,,,,,
136,4,0.3,**,,,,,,,,,,,,,,,,,
137,11,0.83,*****,,,,,,,,,,,,,,,,,
138,6,0.45,***,,,,,,,,,,,,,,,,,
139,6,0.45,***,,,,,,,,,,,,,,,,,
140,4,0.3,**,,,,,,,,,,,,,,,,,
141,10,0.76,*****,,,,,,,,,,,,,,,,,
142,9,0.68,****,,,,,,,,,,,,,,,,,
143,6,0.45,***,,,,,,,,,,,,,,,,,
144,2,0.15,*,,,,,,,,,,,,,,,,,
145,6,0.45,***,,,,,,,,,,,,,,,,,
146,11,0.83,*****,,,,,,,,,,,,,,,,,
147,6,0.45,***,,,,,,,,,,,,,,,,,
148,8,0.61,****,,,,,,,,,,,,,,,,,
149,10,0.76,*****,,,,,,,,,,,,,,,,,
150,7,0.53,***,,,,,,,,,,,,,,,,,
151,2,0.15,*,,,,,,,,,,,,,,,,,
152,9,0.68,****,,,,,,,,,,,,,,,,,
153,7,0.53,***,,,,,,,,,,,,,,,,,
154,8,0.61,****,,,,,,,,,,,,,,,,,
155,10,0.76,*****,,,,,,,,,,,,,,,,,
156,5,0.38,**,,,,,,,,,,,,,,,,,
157,12,0.91,*****,,,,,,,,,,,,,,,,,
158,15,1.14,*******,,,,,,,,,,,,,,,,,
159,10,0.76,*****,,,,,,,,,,,,,,,,,
160,18,1.36,********,,,,,,,,,,,,,,,,,
161,16,1.21,*******,,,,,,,,,,,,,,,,,
162,15,1.14,*******,,,,,,,,,,,,,,,,,
163,6,0.45,***,,,,,,,,,,,,,,,,,
164,9,0.68,****,,,,,,,,,,,,,,,,,
165,17,1.29,********,,,,,,,,,,,,,,,,,
166,29,2.2,*************,,,,,,,,,,,,,,,,,
167,9,0.68,****,,,,,,,,,,,,,,,,,
168,13,0.98,******,,,,,,,,,,,,,,,,,
169,13,0.98,******,,,,,,,,,,,,,,,,,
170,13,0.98,******,,,,,,,,,,,,,,,,,
171,9,0.68,****,,,,,,,,,,,,,,,,,
172,19,1.44,*********,,,,,,,,,,,,,,,,,
173,24,1.82,***********,,,,,,,,,,,,,,,,,
174,28,2.12,*************,,,,,,,,,,,,,,,,,
175,16,1.21,*******,,,,,,,,,,,,,,,,,
176,22,1.67,**********,,,,,,,,,,,,,,,,,
177,26,1.97,************,,,,,,,,,,,,,,,,,
178,44,3.33,********************,,,,,,,,,,,,,,,,,
179,19,1.44,*********,,,,,,,,,,,,,,,,,
180,17,1.29,********,,,,,,,,,,,,,,,,,
181,12,0.91,*****,,,,,,,,,,,,,,,,,
182,54,4.09,*************************,,,,,,,,,,,,,,,,,
183,15,1.14,*******,,,,,,,,,,,,,,,,,
184,29,2.2,*************,,,,,,,,,,,,,,,,,
185,2,0.15,*,,,,,,,,,,,,,,,,,
186,42,3.18,*******************,,,,,,,,,,,,,,,,,
187,20,1.51,*********,,,,,,,,,,,,,,,,,
188,37,2.8,*****************,,,,,,,,,,,,,,,,,
189,5,0.38,**,,,,,,,,,,,,,,,,,
190,20,1.51,*********,,,,,,,,,,,,,,,,,
191,26,1.97,************,,,,,,,,,,,,,,,,,
192,55,4.16,*************************,,,,,,,,,,,,,,,,,
193,1,0.08,,,,,,,,,,,,,,,,,,
194,12,0.91,*****,,,,,,,,,,,,,,,,,
195,14,1.06,******,,,,,,,,,,,,,,,,,
196,59,4.47,***************************,,,,,,,,,,,,,,,,,
197,6,0.45,***,,,,,,,,,,,,,,,,,
198,0,0,,,,,,,,,,,,,,,,,,
199,0,0,,,,,,,,,,,,,,,,,,
200,39,2.95,******************,,,,,,,,,,,,,,,,,
令和７年度 科目別成績分布図（本試験）,,,,,,,,,,,,,,,,,,,,
科目名,満点,最高点,最低点,平均点,標準偏差,受験者数,得点率,５分値Ｆ１,５分値Ｆ２,５分値Ｆ３,５分値Ｆ４,１段階,２段階,３段階,４段階,５段階,６段階,７段階,８段階,９段階
ドイツ語,200,200,41,127.24,47.14,96,0.6362,79,113,141,181,0～52,53～58,59～83,84～114,115～140,141～173,174～193,194～199,200～200
点数,人数,比率（％）,,,,,,,,,,,,,,,,,,
１段階,3,3.125,,,,,,,,,,,,,,,,,,
0,0,0,,,,,,,,,,,,,,,,,,
1,0,0,,,,,,,,,,,,,,,,,,
2,0,0,,,,,,,,,,,,,,,,,,
3,0,0,,,,,,,,,,,,,,,,,,
4,0,0,,,,,,,,,,,,,,,,,,
5,0,0,,,,,,,,,,,,,,,,,,
6,0,0,,,,,,,,,,,,,,,,,,
7,0,0,,,,,,,,,,,,,,,,,,
8,0,0,,,,,,,,,,,,,,,,,,
9,0,0,,,,,,,,,,,,,,,,,,
10,0,0,,,,,,,,,,,,,,,,,,
11,0,0,,,,,,,,,,,,,,,,,,
12,0,0,,,,,,,,,,,,,,,,,,
13,0,0,,,,,,,,,,,,,,,,,,
14,0,0,,,,,,,,,,,,,,,,,,
15,0,0,,,,,,,,,,,,,,,,,,
16,0,0,,,,,,,,,,,,,,,,,,
17,0,0,,,,,,,,,,,,,,,,,,
18,0,0,,,,,,,,,,,,,,,,,,
19,0,0,,,,,,,,,,,,,,,,,,
20,0,0,,,,,,,,,,,,,,,,,,
21,0,0,,,,,,,,,,,,,,,,,,
22,0,0,,,,,,,,,,,,,,,,,,
23,0,0,,,,,,,,,,,,,,,,,,
24,0,0,,,,,,,,,,,,,,,,,,
25,0,0,,,,,,,,,,,,,,,,,,
26,0,0,,,,,,,,,,,,,,,,,,
27,0,0,,,,,,,,,,,,,,,,,,
28,0,0,,,,,,,,,,,,,,,,,,
29,0,0,,,,,,,,,,,,,,,,,,
30,0,0,,,,,,,,,,,,,,,,,,
31,0,0,,,,,,,,,,,,,,,,,,
32,0,0,,,,,,,,,,,,,,,,,,
33,0,0,,,,,,,,,,,,,,,,,,
34,0,0,,,,,,,,,,,,,,,,,,
35,0,0,,,,,,,,,,,,,,,,,,
36,0,0,,,,,,,,,,,,,,,,,,
37,0,0,,,,,,,,,,,,,,,,,,
38,0,0,,,,,,,,,,,,,,,,,,
39,0,0,,,,,,,,,,,,,,,,,,
40,0,0,,,,,,,,,,,,,,,,,,
41,1,1.04,******,,,,,,,,,,,,,,,,,
42,0,0,,,,,,,,,,,,,,,,,,
43,0,0,,,,,,,,,,,,,,,,,,
44,0,0,,,,,,,,,,,,,,,,,,
45,0,0,,,,,,,,,,,,,,,,,,
46,1,1.04,******,,,,,,,,,,,,,,,,,
47,1,1.04,******,,,,,,,,,,,,,,,,,
48,0,0,,,,,,,,,,,,,,,,,,
49,0,0,,,,,,,,,,,,,,,,,,
50,0,0,,,,,,,,,,,,,,,,,,
51,0,0,,,,,,,,,,,,,,,,,,
52,0,0,,,,,,,,,,,,,,,,,,
２段階,6,6.25,,,,,,,,,,,,,,,,,,
53,1,1.04,******,,,,,,,,,,,,,,,,,
54,1,1.04,******,,,,,,,,,,,,,,,,,
55,1,1.04,******,,,,,,,,,,,,,,,,,
56,0,0,,,,,,,,,,,,,,,,,,
57,2,2.08,*************,,,,,,,,,,,,,,,,,
58,1,1.04,******,,,,,,,,,,,,,,,,,
３段階,12,12.5,,,,,,,,,,,,,,,,,,
59,2,2.08,*************,,,,,,,,,,,,,,,,,
60,0,0,,,,,,,,,,,,,,,,,,
61,0,0,,,,,,,,,,,,,,,,,,
62,1,1.04,******,,,,,,,,,,,,,,,,,
63,1,1.04,******,,,,,,,,,,,,,,,,,
64,1,1.04,******,,,,,,,,,,,,,,,,,
65,0,0,,,,,,,,,,,,,,,,,,
66,0,0,,,,,,,,,,,,,,,,,,
67,0,0,,,,,,,,,,,,,,,,,,
68,0,0,,,,,,,,,,,,,,,,,,
69,1,1.04,******,,,,,,,,,,,,,,,,,
70,1,1.04,******,,,,,,,,,,,,,,,,,
71,0,0,,,,,,,,,,,,,,,,,,
72,0,0,,,,,,,,,,,,,,,,,,
73,0,0,,,,,,,,,,,,,,,,,,
74,1,1.04,******,,,,,,,,,,,,,,,,,
75,1,1.04,******,,,,,,,,,,,,,,,,,
76,0,0,,,,,,,,,,,,,,,,,,
77,0,0,,,,,,,,,,,,,,,,,,
78,0,0,,,,,,,,,,,,,,,,,,
79,1,1.04,******,,,,,,,,,,,,,,,,,
80,0,0,,,,,,,,,,,,,,,,,,
81,0,0,,,,,,,,,,,,,,,,,,
82,2,2.08,*************,,,,,,,,,,,,,,,,,
83,0,0,,,,,,,,,,,,,,,,,,
４段階,17,17.708333,,,,,,,,,,,,,,,,,,
84,1,1.04,******,,,,,,,,,,,,,,,,,
85,0,0,,,,,,,,,,,,,,,,,,
86,0,0,,,,,,,,,,,,,,,,,,
87,0,0,,,,,,,,,,,,,,,,,,
88,2,2.08,*************,,,,,,,,,,,,,,,,,
89,0,0,,,,,,,,,,,,,,,,,,
90,2,2.08,*************,,,,,,,,,,,,,,,,,
91,1,1.04,******,,,,,,,,,,,,,,,,,
92,0,0,,,,,,,,,,,,,,,,,,
93,0,0,,,,,,,,,,,,,,,,,,
94,1,1.04,******,,,,,,,,,,,,,,,,,
95,0,0,,,,,,,,,,,,,,,,,,
96,1,1.04,******,,,,,,,,,,,,,,,,,
97,0,0,,,,,,,,,,,,,,,,,,
98,0,0,,,,,,,,,,,,,,,,,,
99,0,0,,,,,,,,,,,,,,,,,,
100,0,0,,,,,,,,,,,,,,,,,,
101,0,0,,,,,,,,,,,,,,,,,,
102,1,1.04,******,,,,,,,,,,,,,,,,,
103,1,1.04,******,,,,,,,,,,,,,,,,,
104,0,0,,,,,,,,,,,,,,,,,,
105,1,1.04,******,,,,,,,,,,,,,,,,,
106,0,0,,,,,,,,,,,,,,,,,,
107,2,2.08,*************,,,,,,,,,,,,,,,,,
108,0,0,,,,,,,,,,,,,,,,,,
109,0,0,,,,,,,,,,,,,,,,,,
110,2,2.08,*************,,,,,,,,,,,,,,,,,
111,0,0,,,,,,,,,,,,,,,,,,
112,1,1.04,******,,,,,,,,,,,,,,,,,
113,1,1.04,******,,,,,,,,,,,,,,,,,
114,0,0,,,,,,,,,,,,,,,,,,
５段階,19,19.791666,,,,,,,,,,,,,,,,,,
115,1,1.04,******,,,,,,,,,,,,,,,,,
116,0,0,,,,,,,,,,,,,,,,,,
117,1,1.04,******,,,,,,,,,,,,,,,,,
118,4,4.17,*************************,,,,,,,,,,,,,,,,,
119,0,0,,,,,,,,,,,,,,,,,,
120,2,2.08,*************,,,,,,,,,,,,,,,,,
121,0,0,,,,,,,,,,,,,,,,,,
122,2,2.08,*************,,,,,,,,,,,,,,,,,
123,0,0,,,,,,,,,,,,,,,,,,
124,1,1.04,******,,,,,,,,,,,,,,,,,
125,0,0,,,,,,,,,,,,,,,,,,
126,0,0,,,,,,,,,,,,,,,,,,
127,0,0,,,,,,,,,,,,,,,,,,
128,1,1.04,******,,,,,,,,,,,,,,,,,
129,1,1.04,******,,,,,,,,,,,,,,,,,
130,0,0,,,,,,,,,,,,,,,,,,
131,0,0,,,,,,,,,,,,,,,,,,
132,1,1.04,******,,,,,,,,,,,,,,,,,
133,1,1.04,******,,,,,,,,,,,,,,,,,
134,0,0,,,,,,,,,,,,,,,,,,
135,1,1.04,******,,,,,,,,,,,,,,,,,
136,0,0,,,,,,,,,,,,,,,,,,
137,2,2.08,*************,,,,,,,,,,,,,,,,,
138,0,0,,,,,,,,,,,,,,,,,,
139,1,1.04,******,,,,,,,,,,,,,,,,,
140,0,0,,,,,,,,,,,,,,,,,,
６段階,15,15.625,,,,,,,,,,,,,,,,,,
141,1,1.04,******,,,,,,,,,,,,,,,,,
142,1,1.04,******,,,,,,,,,,,,,,,,,
143,1,1.04,******,,,,,,,,,,,,,,,,,
144,0,0,,,,,,,,,,,,,,,,,,
145,1,1.04,******,,,,,,,,,,,,,,,,,
146,1,1.04,******,,,,,,,,,,,,,,,,,
147,0,0,,,,,,,,,,,,,,,,,,
148,0,0,,,,,,,,,,,,,,,,,,
149,2,2.08,*************,,,,,,,,,,,,,,,,,
150,1,1.04,******,,,,,,,,,,,,,,,,,
151,0,0,,,,,,,,,,,,,,,,,,
152,1,1.04,******,,,,,,,,,,,,,,,,,
153,0,0,,,,,,,,,,,,,,,,,,
154,1,1.04,******,,,,,,,,,,,,,,,,,
155,1,1.04,******,,,,,,,,,,,,,,,,,
156,0,0,,,,,,,,,,,,,,,,,,
157,0,0,,,,,,,,,,,,,,,,,,
158,0,0,,,,,,,,,,,,,,,,,,
159,0,0,,,,,,,,,,,,,,,,,,
160,1,1.04,******,,,,,,,,,,,,,,,,,
161,0,0,,,,,,,,,,,,,,,,,,
162,0,0,,,,,,,,,,,,,,,,,,
163,1,1.04,******,,,,,,,,,,,,,,,,,
164,0,0,,,,,,,,,,,,,,,,,,
165,0,0,,,,,,,,,,,,,,,,,,
166,0,0,,,,,,,,,,,,,,,,,,
167,1,1.04,******,,,,,,,,,,,,,,,,,
168,1,1.04,******,,,,,,,,,,,,,,,,,
169,0,0,,,,,,,,,,,,,,,,,,
170,0,0,,,,,,,,,,,,,,,,,,
171,0,0,,,,,,,,,,,,,,,,,,
172,0,0,,,,,,,,,,,,,,,,,,
173,0,0,,,,,,,,,,,,,,,,,,
７段階,13,13.541666,,,,,,,,,,,,,,,,,,
174,2,2.08,*************,,,,,,,,,,,,,,,,,
175,0,0,,,,,,,,,,,,,,,,,,
176,0,0,,,,,,,,,,,,,,,,,,
177,1,1.04,******,,,,,,,,,,,,,,,,,
178,1,1.04,******,,,,,,,,,,,,,,,,,
179,0,0,,,,,,,,,,,,,,,,,,
180,0,0,,,,,,,,,,,,,,,,,,
181,1,1.04,******,,,,,,,,,,,,,,,,,
182,1,1.04,******,,,,,,,,,,,,,,,,,
183,1,1.04,******,,,,,,,,,,,,,,,,,
184,1,1.04,******,,,,,,,,,,,,,,,,,
185,0,0,,,,,,,,,,,,,,,,,,
186,0,0,,,,,,,,,,,,,,,,,,
187,1,1.04,******,,,,,,,,,,,,,,,,,
188,0,0,,,,,,,,,,,,,,,,,,
189,2,2.08,*************,,,,,,,,,,,,,,,,,
190,1,1.04,******,,,,,,,,,,,,,,,,,
191,0,0,,,,,,,,,,,,,,,,,,
192,1,1.04,******,,,,,,,,,,,,,,,,,
193,0,0,,,,,,,,,,,,,,,,,,
８段階,6,6.25,,,,,,,,,,,,,,,,,,
194,1,1.04,******,,,,,,,,,,,,,,,,,
195,3,3.13,*******************,,,,,,,,,,,,,,,,,
196,0,0,,,,,,,,,,,,,,,,,,
197,2,2.08,*************,,,,,,,,,,,,,,,,,
198,0,0,,,,,,,,,,,,,,,,,,
199,0,0,,,,,,,,,,,,,,,,,,
９段階,5,5.208333,,,,,,,,,,,,,,,,,,
200,5,5.21,*******************************,,,,,,,,,,,,,,,,,
令和７年度 科目別成績分布図（本試験）,,,,,,,,,,,,,,,,,,,,
科目名,満点,最高点,最低点,平均点,標準偏差,受験者数,得点率,５分値Ｆ１,５分値Ｆ２,５分値Ｆ３,５分値Ｆ４,１段階,２段階,３段階,４段階,５段階,６段階,７段階,８段階,９段階
フランス語,200,200,17,130.59,48.76,116,0.653,83,115,156,177,0～41,42～63,64～88,89～121,122～156,157～175,176～186,187～196,197～200
点数,人数,比率（％）,,,,,,,,,,,,,,,,,,
１段階,4,3.448275,,,,,,,,,,,,,,,,,,
0,0,0,,,,,,,,,,,,,,,,,,
1,0,0,,,,,,,,,,,,,,,,,,
2,0,0,,,,,,,,,,,,,,,,,,
3,0,0,,,,,,,,,,,,,,,,,,
4,0,0,,,,,,,,,,,,,,,,,,
5,0,0,,,,,,,,,,,,,,,,,,
6,0,0,,,,,,,,,,,,,,,,,,
7,0,0,,,,,,,,,,,,,,,,,,
8,0,0,,,,,,,,,,,,,,,,,,
9,0,0,,,,,,,,,,,,,,,,,,
10,0,0,,,,,,,,,,,,,,,,,,
11,0,0,,,,,,,,,,,,,,,,,,
12,0,0,,,,,,,,,,,,,,,,,,
13,0,0,,,,,,,,,,,,,,,,,,
14,0,0,,,,,,,,,,,,,,,,,,
15,0,0,,,,,,,,,,,,,,,,,,
16,0,0,,,,,,,,,,,,,,,,,,
17,1,0.86,*****,,,,,,,,,,,,,,,,,
18,0,0,,,,,,,,,,,,,,,,,,
19,0,0,,,,,,,,,,,,,,,,,,
20,0,0,,,,,,,,,,,,,,,,,,
21,0,0,,,,,,,,,,,,,,,,,,
22,0,0,,,,,,,,,,,,,,,,,,
23,1,0.86,*****,,,,,,,,,,,,,,,,,
24,0,0,,,,,,,,,,,,,,,,,,
25,0,0,,,,,,,,,,,,,,,,,,
26,0,0,,,,,,,,,,,,,,,,,,
27,0,0,,,,,,,,,,,,,,,,,,
28,0,0,,,,,,,,,,,,,,,,,,
29,0,0,,,,,,,,,,,,,,,,,,
30,0,0,,,,,,,,,,,,,,,,,,
31,0,0,,,,,,,,,,,,,,,,,,
32,0,0,,,,,,,,,,,,,,,,,,
33,0,0,,,,,,,,,,,,,,,,,,
34,0,0,,,,,,,,,,,,,,,,,,
35,0,0,,,,,,,,,,,,,,,,,,
36,0,0,,,,,,,,,,,,,,,,,,
37,0,0,,,,,,,,,,,,,,,,,,
38,1,0.86,*****,,,,,,,,,,,,,,,,,
39,0,0,,,,,,,,,,,,,,,,,,
40,1,0.86,*****,,,,,,,,,,,,,,,,,
41,0,0,,,,,,,,,,,,,,,,,,
２段階,9,7.75862,,,,,,,,,,,,,,,,,,
42,1,0.86,*****,,,,,,,,,,,,,,,,,
43,0,0,,,,,,,,,,,,,,,,,,
44,0,0,,,,,,,,,,,,,,,,,,
45,1,0.86,*****,,,,,,,,,,,,,,,,,
46,1,0.86,*****,,,,,,,,,,,,,,,,,
47,0,0,,,,,,,,,,,,,,,,,,
48,0,0,,,,,,,,,,,,,,,,,,
49,0,0,,,,,,,,,,,,,,,,,,
50,2,1.72,**********,,,,,,,,,,,,,,,,,
51,0,0,,,,,,,,,,,,,,,,,,
52,0,0,,,,,,,,,,,,,,,,,,
53,0,0,,,,,,,,,,,,,,,,,,
54,0,0,,,,,,,,,,,,,,,,,,
55,1,0.86,*****,,,,,,,,,,,,,,,,,
56,0,0,,,,,,,,,,,,,,,,,,
57,0,0,,,,,,,,,,,,,,,,,,
58,1,0.86,*****,,,,,,,,,,,,,,,,,
59,1,0.86,*****,,,,,,,,,,,,,,,,,
60,0,0,,,,,,,,,,,,,,,,,,
61,0,0,,,,,,,,,,,,,,,,,,
62,0,0,,,,,,,,,,,,,,,,,,
63,1,0.86,*****,,,,,,,,,,,,,,,,,
３段階,14,12.068965,,,,,,,,,,,,,,,,,,
64,1,0.86,*****,,,,,,,,,,,,,,,,,
65,1,0.86,*****,,,,,,,,,,,,,,,,,
66,0,0,,,,,,,,,,,,,,,,,,
67,2,1.72,**********,,,,,,,,,,,,,,,,,
68,1,0.86,*****,,,,,,,,,,,,,,,,,
69,0,0,,,,,,,,,,,,,,,,,,
70,0,0,,,,,,,,,,,,,,,,,,
71,0,0,,,,,,,,,,,,,,,,,,
72,0,0,,,,,,,,,,,,,,,,,,
73,0,0,,,,,,,,,,,,,,,,,,
74,0,0,,,,,,,,,,,,,,,,,,
75,1,0.86,*****,,,,,,,,,,,,,,,,,
76,1,0.86,*****,,,,,,,,,,,,,,,,,
77,0,0,,,,,,,,,,,,,,,,,,
78,0,0,,,,,,,,,,,,,,,,,,
79,0,0,,,,,,,,,,,,,,,,,,
80,2,1.72,**********,,,,,,,,,,,,,,,,,
81,0,0,,,,,,,,,,,,,,,,,,
82,0,0,,,,,,,,,,,,,,,,,,
83,1,0.86,*****,,,,,,,,,,,,,,,,,
84,1,0.86,*****,,,,,,,,,,,,,,,,,
85,1,0.86,*****,,,,,,,,,,,,,,,,,
86,0,0,,,,,,,,,,,,,,,,,,
87,1,0.86,*****,,,,,,,,,,,,,,,,,
88,1,0.86,*****,,,,,,,,,,,,,,,,,
４段階,20,17.241379,,,,,,,,,,,,,,,,,,
89,2,1.72,**********,,,,,,,,,,,,,,,,,
90,0,0,,,,,,,,,,,,,,,,,,
91,0,0,,,,,,,,,,,,,,,,,,
92,0,0,,,,,,,,,,,,,,,,,,
93,0,0,,,,,,,,,,,,,,,,,,
94,2,1.72,**********,,,,,,,,,,,,,,,,,
95,0,0,,,,,,,,,,,,,,,,,,
96,2,1.72,**********,,,,,,,,,,,,,,,,,
97,0,0,,,,,,,,,,,,,,,,,,
98,0,0,,,,,,,,,,,,,,,,,,
99,1,0.86,*****,,,,,,,,,,,,,,,,,
100,2,1.72,**********,,,,,,,,,,,,,,,,,
101,0,0,,,,,,,,,,,,,,,,,,
102,1,0.86,*****,,,,,,,,,,,,,,,,,
103,0,0,,,,,,,,,,,,,,,,,,
104,1,0.86,*****,,,,,,,,,,,,,,,,,
105,1,0.86,*****,,,,,,,,,,,,,,,,,
106,0,0,,,,,,,,,,,,,,,,,,
107,0,0,,,,,,,,,,,,,,,,,,
108,3,2.59,****************,,,,,,,,,,,,,,,,,
109,0,0,,,,,,,,,,,,,,,,,,
110,1,0.86,*****,,,,,,,,,,,,,,,,,
111,0,0,,,,,,,,,,,,,,,,,,
112,1,0.86,*****,,,,,,,,,,,,,,,,,
113,0,0,,,,,,,,,,,,,,,,,,
114,1,0.86,*****,,,,,,,,,,,,,,,,,
115,1,0.86,*****,,,,,,,,,,,,,,,,,
116,0,0,,,,,,,,,,,,,,,,,,
117,1,0.86,*****,,,,,,,,,,,,,,,,,
118,0,0,,,,,,,,,,,,,,,,,,
119,0,0,,,,,,,,,,,,,,,,,,
120,0,0,,,,,,,,,,,,,,,,,,
121,0,0,,,,,,,,,,,,,,,,,,
５段階,22,18.965517,,,,,,,,,,,,,,,,,,
122,1,0.86,*****,,,,,,,,,,,,,,,,,
123,1,0.86,*****,,,,,,,,,,,,,,,,,
124,1,0.86,*****,,,,,,,,,,,,,,,,,
125,0,0,,,,,,,,,,,,,,,,,,
126,0,0,,,,,,,,,,,,,,,,,,
127,0,0,,,,,,,,,,,,,,,,,,
128,0,0,,,,,,,,,,,,,,,,,,
129,0,0,,,,,,,,,,,,,,,,,,
130,3,2.59,****************,,,,,,,,,,,,,,,,,
131,1,0.86,*****,,,,,,,,,,,,,,,,,
132,0,0,,,,,,,,,,,,,,,,,,
133,0,0,,,,,,,,,,,,,,,,,,
134,1,0.86,*****,,,,,,,,,,,,,,,,,
135,0,0,,,,,,,,,,,,,,,,,,
136,0,0,,,,,,,,,,,,,,,,,,
137,1,0.86,*****,,,,,,,,,,,,,,,,,
138,2,1.72,**********,,,,,,,,,,,,,,,,,
139,2,1.72,**********,,,,,,,,,,,,,,,,,
140,1,0.86,*****,,,,,,,,,,,,,,,,,
141,1,0.86,*****,,,,,,,,,,,,,,,,,
142,1,0.86,*****,,,,,,,,,,,,,,,,,
143,0,0,,,,,,,,,,,,,,,,,,
144,1,0.86,*****,,,,,,,,,,,,,,,,,
145,0,0,,,,,,,,,,,,,,,,,,
146,0,0,,,,,,,,,,,,,,,,,,
147,1,0.86,*****,,,,,,,,,,,,,,,,,
148,1,0.86,*****,,,,,,,,,,,,,,,,,
149,2,1.72,**********,,,,,,,,,,,,,,,,,
150,1,0.86,*****,,,,,,,,,,,,,,,,,
151,0,0,,,,,,,,,,,,,,,,,,
152,0,0,,,,,,,,,,,,,,,,,,
153,0,0,,,,,,,,,,,,,,,,,,
154,0,0,,,,,,,,,,,,,,,,,,
155,0,0,,,,,,,,,,,,,,,,,,
156,0,0,,,,,,,,,,,,,,,,,,
６段階,18,15.517241,,,,,,,,,,,,,,,,,,
157,2,1.72,**********,,,,,,,,,,,,,,,,,
158,1,0.86,*****,,,,,,,,,,,,,,,,,
159,1,0.86,*****,,,,,,,,,,,,,,,,,
160,2,1.72,**********,,,,,,,,,,,,,,,,,
161,0,0,,,,,,,,,,,,,,,,,,
162,0,0,,,,,,,,,,,,,,,,,,
163,0,0,,,,,,,,,,,,,,,,,,
164,0,0,,,,,,,,,,,,,,,,,,
165,1,0.86,*****,,,,,,,,,,,,,,,,,
166,2,1.72,**********,,,,,,,,,,,,,,,,,
167,1,0.86,*****,,,,,,,,,,,,,,,,,
168,1,0.86,*****,,,,,,,,,,,,,,,,,
169,0,0,,,,,,,,,,,,,,,,,,
170,2,1.72,**********,,,,,,,,,,,,,,,,,
171,1,0.86,*****,,,,,,,,,,,,,,,,,
172,1,0.86,*****,,,,,,,,,,,,,,,,,
173,1,0.86,*****,,,,,,,,,,,,,,,,,
174,0,0,,,,,,,,,,,,,,,,,,
175,2,1.72,**********,,,,,,,,,,,,,,,,,
７段階,16,13.793103,,,,,,,,,,,,,,,,,,
176,4,3.45,*********************,,,,,,,,,,,,,,,,,
177,1,0.86,*****,,,,,,,,,,,,,,,,,
178,2,1.72,**********,,,,,,,,,,,,,,,,,
179,0,0,,,,,,,,,,,,,,,,,,
180,0,0,,,,,,,,,,,,,,,,,,
181,1,0.86,*****,,,,,,,,,,,,,,,,,
182,3,2.59,****************,,,,,,,,,,,,,,,,,
183,1,0.86,*****,,,,,,,,,,,,,,,,,
184,3,2.59,****************,,,,,,,,,,,,,,,,,
185,0,0,,,,,,,,,,,,,,,,,,
186,1,0.86,*****,,,,,,,,,,,,,,,,,
８段階,7,6.034482,,,,,,,,,,,,,,,,,,
187,1,0.86,*****,,,,,,,,,,,,,,,,,
188,0,0,,,,,,,,,,,,,,,,,,
189,0,0,,,,,,,,,,,,,,,,,,
190,0,0,,,,,,,,,,,,,,,,,,
191,1,0.86,*****,,,,,,,,,,,,,,,,,
192,1,0.86,*****,,,,,,,,,,,,,,,,,
193,1,0.86,*****,,,,,,,,,,,,,,,,,
194,1,0.86,*****,,,,,,,,,,,,,,,,,
195,2,1.72,**********,,,,,,,,,,,,,,,,,
196,0,0,,,,,,,,,,,,,,,,,,
９段階,6,5.172413,,,,,,,,,,,,,,,,,,
197,4,3.45,*********************,,,,,,,,,,,,,,,,,
198,0,0,,,,,,,,,,,,,,,,,,
199,0,0,,,,,,,,,,,,,,,,,,
200,2,1.72,**********,,,,,,,,,,,,,,,,,
令和７年度 科目別成績分布図（本試験）,,,,,,,,,,,,,,,,,,,,
科目名,満点,最高点,最低点,平均点,標準偏差,受験者数,得点率,５分値Ｆ１,５分値Ｆ２,５分値Ｆ３,５分値Ｆ４,１段階,２段階,３段階,４段階,５段階,６段階,７段階,８段階,９段階
中国語,200,200,36,166.02,30.18,874,0.8301,149,169,179,188,0～82,83～127,128～153,154～168,169～178,179～186,187～191,192～195,196～200
点数,人数,比率（％）,,,,,,,,,,,,,,,,,,
１段階,31,3.54691,,,,,,,,,,,,,,,,,,
0,0,0,,,,,,,,,,,,,,,,,,
1,0,0,,,,,,,,,,,,,,,,,,
2,0,0,,,,,,,,,,,,,,,,,,
3,0,0,,,,,,,,,,,,,,,,,,
4,0,0,,,,,,,,,,,,,,,,,,
5,0,0,,,,,,,,,,,,,,,,,,
6,0,0,,,,,,,,,,,,,,,,,,
7,0,0,,,,,,,,,,,,,,,,,,
8,0,0,,,,,,,,,,,,,,,,,,
9,0,0,,,,,,,,,,,,,,,,,,
10,0,0,,,,,,,,,,,,,,,,,,
11,0,0,,,,,,,,,,,,,,,,,,
12,0,0,,,,,,,,,,,,,,,,,,
13,0,0,,,,,,,,,,,,,,,,,,
14,0,0,,,,,,,,,,,,,,,,,,
15,0,0,,,,,,,,,,,,,,,,,,
16,0,0,,,,,,,,,,,,,,,,,,
17,0,0,,,,,,,,,,,,,,,,,,
18,0,0,,,,,,,,,,,,,,,,,,
19,0,0,,,,,,,,,,,,,,,,,,
20,0,0,,,,,,,,,,,,,,,,,,
21,0,0,,,,,,,,,,,,,,,,,,
22,0,0,,,,,,,,,,,,,,,,,,
23,0,0,,,,,,,,,,,,,,,,,,
24,0,0,,,,,,,,,,,,,,,,,,
25,0,0,,,,,,,,,,,,,,,,,,
26,0,0,,,,,,,,,,,,,,,,,,
27,0,0,,,,,,,,,,,,,,,,,,
28,0,0,,,,,,,,,,,,,,,,,,
29,0,0,,,,,,,,,,,,,,,,,,
30,0,0,,,,,,,,,,,,,,,,,,
31,0,0,,,,,,,,,,,,,,,,,,
32,0,0,,,,,,,,,,,,,,,,,,
33,0,0,,,,,,,,,,,,,,,,,,
34,0,0,,,,,,,,,,,,,,,,,,
35,0,0,,,,,,,,,,,,,,,,,,
36,1,0.11,*,,,,,,,,,,,,,,,,,
37,0,0,,,,,,,,,,,,,,,,,,
38,0,0,,,,,,,,,,,,,,,,,,
39,0,0,,,,,,,,,,,,,,,,,,
40,0,0,,,,,,,,,,,,,,,,,,
41,0,0,,,,,,,,,,,,,,,,,,
42,1,0.11,*,,,,,,,,,,,,,,,,,
43,0,0,,,,,,,,,,,,,,,,,,
44,0,0,,,,,,,,,,,,,,,,,,
45,0,0,,,,,,,,,,,,,,,,,,
46,0,0,,,,,,,,,,,,,,,,,,
47,0,0,,,,,,,,,,,,,,,,,,
48,0,0,,,,,,,,,,,,,,,,,,
49,0,0,,,,,,,,,,,,,,,,,,
50,0,0,,,,,,,,,,,,,,,,,,
51,0,0,,,,,,,,,,,,,,,,,,
52,1,0.11,*,,,,,,,,,,,,,,,,,
53,0,0,,,,,,,,,,,,,,,,,,
54,0,0,,,,,,,,,,,,,,,,,,
55,1,0.11,*,,,,,,,,,,,,,,,,,
56,0,0,,,,,,,,,,,,,,,,,,
57,0,0,,,,,,,,,,,,,,,,,,
58,1,0.11,*,,,,,,,,,,,,,,,,,
59,0,0,,,,,,,,,,,,,,,,,,
60,1,0.11,*,,,,,,,,,,,,,,,,,
61,1,0.11,*,,,,,,,,,,,,,,,,,
62,2,0.23,*,,,,,,,,,,,,,,,,,
63,1,0.11,*,,,,,,,,,,,,,,,,,
64,1,0.11,*,,,,,,,,,,,,,,,,,
65,1,0.11,*,,,,,,,,,,,,,,,,,
66,0,0,,,,,,,,,,,,,,,,,,
67,1,0.11,*,,,,,,,,,,,,,,,,,
68,1,0.11,*,,,,,,,,,,,,,,,,,
69,0,0,,,,,,,,,,,,,,,,,,
70,1,0.11,*,,,,,,,,,,,,,,,,,
71,0,0,,,,,,,,,,,,,,,,,,
72,0,0,,,,,,,,,,,,,,,,,,
73,2,0.23,*,,,,,,,,,,,,,,,,,
74,1,0.11,*,,,,,,,,,,,,,,,,,
75,2,0.23,*,,,,,,,,,,,,,,,,,
76,1,0.11,*,,,,,,,,,,,,,,,,,
77,1,0.11,*,,,,,,,,,,,,,,,,,
78,4,0.46,***,,,,,,,,,,,,,,,,,
79,0,0,,,,,,,,,,,,,,,,,,
80,3,0.34,**,,,,,,,,,,,,,,,,,
81,0,0,,,,,,,,,,,,,,,,,,
82,2,0.23,*,,,,,,,,,,,,,,,,,
２段階,58,6.636155,,,,,,,,,,,,,,,,,,
83,2,0.23,*,,,,,,,,,,,,,,,,,
84,1,0.11,*,,,,,,,,,,,,,,,,,
85,2,0.23,*,,,,,,,,,,,,,,,,,
86,1,0.11,*,,,,,,,,,,,,,,,,,
87,0,0,,,,,,,,,,,,,,,,,,
88,2,0.23,*,,,,,,,,,,,,,,,,,
89,0,0,,,,,,,,,,,,,,,,,,
90,0,0,,,,,,,,,,,,,,,,,,
91,1,0.11,*,,,,,,,,,,,,,,,,,
92,3,0.34,**,,,,,,,,,,,,,,,,,
93,0,0,,,,,,,,,,,,,,,,,,
94,0,0,,,,,,,,,,,,,,,,,,
95,1,0.11,*,,,,,,,,,,,,,,,,,
96,1,0.11,*,,,,,,,,,,,,,,,,,
97,1,0.11,*,,,,,,,,,,,,,,,,,
98,0,0,,,,,,,,,,,,,,,,,,
99,1,0.11,*,,,,,,,,,,,,,,,,,
100,3,0.34,**,,,,,,,,,,,,,,,,,
101,2,0.23,*,,,,,,,,,,,,,,,,,
102,3,0.34,**,,,,,,,,,,,,,,,,,
103,1,0.11,*,,,,,,,,,,,,,,,,,
104,1,0.11,*,,,,,,,,,,,,,,,,,
105,1,0.11,*,,,,,,,,,,,,,,,,,
106,0,0,,,,,,,,,,,,,,,,,,
107,0,0,,,,,,,,,,,,,,,,,,
108,5,0.57,***,,,,,,,,,,,,,,,,,
109,1,0.11,*,,,,,,,,,,,,,,,,,
110,1,0.11,*,,,,,,,,,,,,,,,,,
111,1,0.11,*,,,,,,,,,,,,,,,,,
112,2,0.23,*,,,,,,,,,,,,,,,,,
113,0,0,,,,,,,,,,,,,,,,,,
114,1,0.11,*,,,,,,,,,,,,,,,,,
115,1,0.11,*,,,,,,,,,,,,,,,,,
116,1,0.11,*,,,,,,,,,,,,,,,,,
117,0,0,,,,,,,,,,,,,,,,,,
118,1,0.11,*,,,,,,,,,,,,,,,,,
119,2,0.23,*,,,,,,,,,,,,,,,,,
120,2,0.23,*,,,,,,,,,,,,,,,,,
121,1,0.11,*,,,,,,,,,,,,,,,,,
122,1,0.11,*,,,,,,,,,,,,,,,,,
123,4,0.46,***,,,,,,,,,,,,,,,,,
124,2,0.23,*,,,,,,,,,,,,,,,,,
125,0,0,,,,,,,,,,,,,,,,,,
126,1,0.11,*,,,,,,,,,,,,,,,,,
127,4,0.46,***,,,,,,,,,,,,,,,,,
３段階,105,12.013729,,,,,,,,,,,,,,,,,,
128,5,0.57,***,,,,,,,,,,,,,,,,,
129,2,0.23,*,,,,,,,,,,,,,,,,,
130,0,0,,,,,,,,,,,,,,,,,,
131,3,0.34,**,,,,,,,,,,,,,,,,,
132,5,0.57,***,,,,,,,,,,,,,,,,,
133,5,0.57,***,,,,,,,,,,,,,,,,,
134,6,0.69,****,,,,,,,,,,,,,,,,,
135,3,0.34,**,,,,,,,,,,,,,,,,,
136,3,0.34,**,,,,,,,,,,,,,,,,,
137,6,0.69,****,,,,,,,,,,,,,,,,,
138,3,0.34,**,,,,,,,,,,,,,,,,,
139,1,0.11,*,,,,,,,,,,,,,,,,,
140,2,0.23,*,,,,,,,,,,,,,,,,,
141,7,0.8,*****,,,,,,,,,,,,,,,,,
142,4,0.46,***,,,,,,,,,,,,,,,,,
143,4,0.46,***,,,,,,,,,,,,,,,,,
144,1,0.11,*,,,,,,,,,,,,,,,,,
145,4,0.46,***,,,,,,,,,,,,,,,,,
146,8,0.92,*****,,,,,,,,,,,,,,,,,
147,4,0.46,***,,,,,,,,,,,,,,,,,
148,6,0.69,****,,,,,,,,,,,,,,,,,
149,6,0.69,****,,,,,,,,,,,,,,,,,
150,5,0.57,***,,,,,,,,,,,,,,,,,
151,1,0.11,*,,,,,,,,,,,,,,,,,
152,5,0.57,***,,,,,,,,,,,,,,,,,
153,6,0.69,****,,,,,,,,,,,,,,,,,
４段階,147,16.819221,,,,,,,,,,,,,,,,,,
154,5,0.57,***,,,,,,,,,,,,,,,,,
155,6,0.69,****,,,,,,,,,,,,,,,,,
156,4,0.46,***,,,,,,,,,,,,,,,,,
157,10,1.14,*******,,,,,,,,,,,,,,,,,
158,13,1.49,*********,,,,,,,,,,,,,,,,,
159,7,0.8,*****,,,,,,,,,,,,,,,,,
160,13,1.49,*********,,,,,,,,,,,,,,,,,
161,11,1.26,********,,,,,,,,,,,,,,,,,
162,14,1.6,**********,,,,,,,,,,,,,,,,,
163,4,0.46,***,,,,,,,,,,,,,,,,,
164,7,0.8,*****,,,,,,,,,,,,,,,,,
165,14,1.6,**********,,,,,,,,,,,,,,,,,
166,24,2.75,****************,,,,,,,,,,,,,,,,,
167,6,0.69,****,,,,,,,,,,,,,,,,,
168,9,1.03,******,,,,,,,,,,,,,,,,,
５段階,168,19.221967,,,,,,,,,,,,,,,,,,
169,11,1.26,********,,,,,,,,,,,,,,,,,
170,11,1.26,********,,,,,,,,,,,,,,,,,
171,8,0.92,*****,,,,,,,,,,,,,,,,,
172,17,1.95,************,,,,,,,,,,,,,,,,,
173,13,1.49,*********,,,,,,,,,,,,,,,,,
174,23,2.63,****************,,,,,,,,,,,,,,,,,
175,13,1.49,*********,,,,,,,,,,,,,,,,,
176,18,2.06,************,,,,,,,,,,,,,,,,,
177,18,2.06,************,,,,,,,,,,,,,,,,,
178,36,4.12,*************************,,,,,,,,,,,,,,,,,
６段階,152,17.391304,,,,,,,,,,,,,,,,,,
179,14,1.6,**********,,,,,,,,,,,,,,,,,
180,17,1.95,************,,,,,,,,,,,,,,,,,
181,8,0.92,*****,,,,,,,,,,,,,,,,,
182,40,4.58,***************************,,,,,,,,,,,,,,,,,
183,10,1.14,*******,,,,,,,,,,,,,,,,,
184,25,2.86,*****************,,,,,,,,,,,,,,,,,
185,2,0.23,*,,,,,,,,,,,,,,,,,
186,36,4.12,*************************,,,,,,,,,,,,,,,,,
７段階,83,9.496567,,,,,,,,,,,,,,,,,,
187,15,1.72,**********,,,,,,,,,,,,,,,,,
188,34,3.89,***********************,,,,,,,,,,,,,,,,,
189,3,0.34,**,,,,,,,,,,,,,,,,,
190,18,2.06,************,,,,,,,,,,,,,,,,,
191,13,1.49,*********,,,,,,,,,,,,,,,,,
８段階,61,6.979405,,,,,,,,,,,,,,,,,,
192,47,5.38,********************************,,,,,,,,,,,,,,,,,
193,0,0,,,,,,,,,,,,,,,,,,
194,10,1.14,*******,,,,,,,,,,,,,,,,,
195,4,0.46,***,,,,,,,,,,,,,,,,,
９段階,69,7.894736,,,,,,,,,,,,,,,,,,
196,46,5.26,********************************,,,,,,,,,,,,,,,,,
197,0,0,,,,,,,,,,,,,,,,,,
198,0,0,,,,,,,,,,,,,,,,,,
199,0,0,,,,,,,,,,,,,,,,,,
200,23,2.63,****************,,,,,,,,,,,,,,,,,
令和７年度 科目別成績分布図（本試験）,,,,,,,,,,,,,,,,,,,,
科目名,満点,最高点,最低点,平均点,標準偏差,受験者数,得点率,５分値Ｆ１,５分値Ｆ２,５分値Ｆ３,５分値Ｆ４,１段階,２段階,３段階,４段階,５段階,６段階,７段階,８段階,９段階
韓国語,200,200,24,146.91,45.81,235,0.7346,94,145,173,188,0～53,54～74,75～108,109～144,145～172,173～185,186～194,195～195,196～200
点数,人数,比率（％）,,,,,,,,,,,,,,,,,,
１段階,9,3.829787,,,,,,,,,,,,,,,,,,
0,0,0,,,,,,,,,,,,,,,,,,
1,0,0,,,,,,,,,,,,,,,,,,
2,0,0,,,,,,,,,,,,,,,,,,
3,0,0,,,,,,,,,,,,,,,,,,
4,0,0,,,,,,,,,,,,,,,,,,
5,0,0,,,,,,,,,,,,,,,,,,
6,0,0,,,,,,,,,,,,,,,,,,
7,0,0,,,,,,,,,,,,,,,,,,
8,0,0,,,,,,,,,,,,,,,,,,
9,0,0,,,,,,,,,,,,,,,,,,
10,0,0,,,,,,,,,,,,,,,,,,
11,0,0,,,,,,,,,,,,,,,,,,
12,0,0,,,,,,,,,,,,,,,,,,
13,0,0,,,,,,,,,,,,,,,,,,
14,0,0,,,,,,,,,,,,,,,,,,
15,0,0,,,,,,,,,,,,,,,,,,
16,0,0,,,,,,,,,,,,,,,,,,
17,0,0,,,,,,,,,,,,,,,,,,
18,0,0,,,,,,,,,,,,,,,,,,
19,0,0,,,,,,,,,,,,,,,,,,
20,0,0,,,,,,,,,,,,,,,,,,
21,0,0,,,,,,,,,,,,,,,,,,
22,0,0,,,,,,,,,,,,,,,,,,
23,0,0,,,,,,,,,,,,,,,,,,
24,1,0.43,***,,,,,,,,,,,,,,,,,
25,0,0,,,,,,,,,,,,,,,,,,
26,0,0,,,,,,,,,,,,,,,,,,
27,0,0,,,,,,,,,,,,,,,,,,
28,0,0,,,,,,,,,,,,,,,,,,
29,0,0,,,,,,,,,,,,,,,,,,
30,0,0,,,,,,,,,,,,,,,,,,
31,0,0,,,,,,,,,,,,,,,,,,
32,0,0,,,,,,,,,,,,,,,,,,
33,0,0,,,,,,,,,,,,,,,,,,
34,0,0,,,,,,,,,,,,,,,,,,
35,0,0,,,,,,,,,,,,,,,,,,
36,0,0,,,,,,,,,,,,,,,,,,
37,0,0,,,,,,,,,,,,,,,,,,
38,3,1.28,********,,,,,,,,,,,,,,,,,
39,1,0.43,***,,,,,,,,,,,,,,,,,
40,0,0,,,,,,,,,,,,,,,,,,
41,0,0,,,,,,,,,,,,,,,,,,
42,0,0,,,,,,,,,,,,,,,,,,
43,0,0,,,,,,,,,,,,,,,,,,
44,0,0,,,,,,,,,,,,,,,,,,
45,0,0,,,,,,,,,,,,,,,,,,
46,0,0,,,,,,,,,,,,,,,,,,
47,2,0.85,*****,,,,,,,,,,,,,,,,,
48,1,0.43,***,,,,,,,,,,,,,,,,,
49,0,0,,,,,,,,,,,,,,,,,,
50,0,0,,,,,,,,,,,,,,,,,,
51,0,0,,,,,,,,,,,,,,,,,,
52,1,0.43,***,,,,,,,,,,,,,,,,,
53,0,0,,,,,,,,,,,,,,,,,,
２段階,14,5.957446,,,,,,,,,,,,,,,,,,
54,1,0.43,***,,,,,,,,,,,,,,,,,
55,0,0,,,,,,,,,,,,,,,,,,
56,1,0.43,***,,,,,,,,,,,,,,,,,
57,1,0.43,***,,,,,,,,,,,,,,,,,
58,1,0.43,***,,,,,,,,,,,,,,,,,
59,1,0.43,***,,,,,,,,,,,,,,,,,
60,0,0,,,,,,,,,,,,,,,,,,
61,0,0,,,,,,,,,,,,,,,,,,
62,0,0,,,,,,,,,,,,,,,,,,
63,1,0.43,***,,,,,,,,,,,,,,,,,
64,1,0.43,***,,,,,,,,,,,,,,,,,
65,1,0.43,***,,,,,,,,,,,,,,,,,
66,3,1.28,********,,,,,,,,,,,,,,,,,
67,0,0,,,,,,,,,,,,,,,,,,
68,0,0,,,,,,,,,,,,,,,,,,
69,0,0,,,,,,,,,,,,,,,,,,
70,1,0.43,***,,,,,,,,,,,,,,,,,
71,1,0.43,***,,,,,,,,,,,,,,,,,
72,1,0.43,***,,,,,,,,,,,,,,,,,
73,0,0,,,,,,,,,,,,,,,,,,
74,0,0,,,,,,,,,,,,,,,,,,
３段階,27,11.489361,,,,,,,,,,,,,,,,,,
75,2,0.85,*****,,,,,,,,,,,,,,,,,
76,1,0.43,***,,,,,,,,,,,,,,,,,
77,0,0,,,,,,,,,,,,,,,,,,
78,2,0.85,*****,,,,,,,,,,,,,,,,,
79,3,1.28,********,,,,,,,,,,,,,,,,,
80,0,0,,,,,,,,,,,,,,,,,,
81,0,0,,,,,,,,,,,,,,,,,,
82,1,0.43,***,,,,,,,,,,,,,,,,,
83,0,0,,,,,,,,,,,,,,,,,,
84,5,2.13,*************,,,,,,,,,,,,,,,,,
85,1,0.43,***,,,,,,,,,,,,,,,,,
86,0,0,,,,,,,,,,,,,,,,,,
87,0,0,,,,,,,,,,,,,,,,,,
88,1,0.43,***,,,,,,,,,,,,,,,,,
89,0,0,,,,,,,,,,,,,,,,,,
90,3,1.28,********,,,,,,,,,,,,,,,,,
91,0,0,,,,,,,,,,,,,,,,,,
92,1,0.43,***,,,,,,,,,,,,,,,,,
93,1,0.43,***,,,,,,,,,,,,,,,,,
94,3,1.28,********,,,,,,,,,,,,,,,,,
95,0,0,,,,,,,,,,,,,,,,,,
96,0,0,,,,,,,,,,,,,,,,,,
97,0,0,,,,,,,,,,,,,,,,,,
98,0,0,,,,,,,,,,,,,,,,,,
99,0,0,,,,,,,,,,,,,,,,,,
100,0,0,,,,,,,,,,,,,,,,,,
101,0,0,,,,,,,,,,,,,,,,,,
102,0,0,,,,,,,,,,,,,,,,,,
103,1,0.43,***,,,,,,,,,,,,,,,,,
104,0,0,,,,,,,,,,,,,,,,,,
105,1,0.43,***,,,,,,,,,,,,,,,,,
106,0,0,,,,,,,,,,,,,,,,,,
107,0,0,,,,,,,,,,,,,,,,,,
108,1,0.43,***,,,,,,,,,,,,,,,,,
４段階,42,17.87234,,,,,,,,,,,,,,,,,,
109,5,2.13,*************,,,,,,,,,,,,,,,,,
110,0,0,,,,,,,,,,,,,,,,,,
111,1,0.43,***,,,,,,,,,,,,,,,,,
112,2,0.85,*****,,,,,,,,,,,,,,,,,
113,1,0.43,***,,,,,,,,,,,,,,,,,
114,0,0,,,,,,,,,,,,,,,,,,
115,1,0.43,***,,,,,,,,,,,,,,,,,
116,0,0,,,,,,,,,,,,,,,,,,
117,0,0,,,,,,,,,,,,,,,,,,
118,0,0,,,,,,,,,,,,,,,,,,
119,0,0,,,,,,,,,,,,,,,,,,
120,0,0,,,,,,,,,,,,,,,,,,
121,0,0,,,,,,,,,,,,,,,,,,
122,2,0.85,*****,,,,,,,,,,,,,,,,,
123,0,0,,,,,,,,,,,,,,,,,,
124,2,0.85,*****,,,,,,,,,,,,,,,,,
125,0,0,,,,,,,,,,,,,,,,,,
126,0,0,,,,,,,,,,,,,,,,,,
127,0,0,,,,,,,,,,,,,,,,,,
128,0,0,,,,,,,,,,,,,,,,,,
129,2,0.85,*****,,,,,,,,,,,,,,,,,
130,2,0.85,*****,,,,,,,,,,,,,,,,,
131,3,1.28,********,,,,,,,,,,,,,,,,,
132,3,1.28,********,,,,,,,,,,,,,,,,,
133,3,1.28,********,,,,,,,,,,,,,,,,,
134,0,0,,,,,,,,,,,,,,,,,,
135,3,1.28,********,,,,,,,,,,,,,,,,,
136,1,0.43,***,,,,,,,,,,,,,,,,,
137,2,0.85,*****,,,,,,,,,,,,,,,,,
138,1,0.43,***,,,,,,,,,,,,,,,,,
139,2,0.85,*****,,,,,,,,,,,,,,,,,
140,1,0.43,***,,,,,,,,,,,,,,,,,
141,1,0.43,***,,,,,,,,,,,,,,,,,
142,3,1.28,********,,,,,,,,,,,,,,,,,
143,1,0.43,***,,,,,,,,,,,,,,,,,
144,0,0,,,,,,,,,,,,,,,,,,
５段階,41,17.446808,,,,,,,,,,,,,,,,,,
145,1,0.43,***,,,,,,,,,,,,,,,,,
146,2,0.85,*****,,,,,,,,,,,,,,,,,
147,1,0.43,***,,,,,,,,,,,,,,,,,
148,1,0.43,***,,,,,,,,,,,,,,,,,
149,0,0,,,,,,,,,,,,,,,,,,
150,0,0,,,,,,,,,,,,,,,,,,
151,1,0.43,***,,,,,,,,,,,,,,,,,
152,3,1.28,********,,,,,,,,,,,,,,,,,
153,1,0.43,***,,,,,,,,,,,,,,,,,
154,2,0.85,*****,,,,,,,,,,,,,,,,,
155,3,1.28,********,,,,,,,,,,,,,,,,,
156,1,0.43,***,,,,,,,,,,,,,,,,,
157,0,0,,,,,,,,,,,,,,,,,,
158,1,0.43,***,,,,,,,,,,,,,,,,,
159,2,0.85,*****,,,,,,,,,,,,,,,,,
160,2,0.85,*****,,,,,,,,,,,,,,,,,
161,5,2.13,*************,,,,,,,,,,,,,,,,,
162,1,0.43,***,,,,,,,,,,,,,,,,,
163,1,0.43,***,,,,,,,,,,,,,,,,,
164,2,0.85,*****,,,,,,,,,,,,,,,,,
165,2,0.85,*****,,,,,,,,,,,,,,,,,
166,3,1.28,********,,,,,,,,,,,,,,,,,
167,1,0.43,***,,,,,,,,,,,,,,,,,
168,2,0.85,*****,,,,,,,,,,,,,,,,,
169,2,0.85,*****,,,,,,,,,,,,,,,,,
170,0,0,,,,,,,,,,,,,,,,,,
171,0,0,,,,,,,,,,,,,,,,,,
172,1,0.43,***,,,,,,,,,,,,,,,,,
６段階,45,19.148936,,,,,,,,,,,,,,,,,,
173,10,4.26,**************************,,,,,,,,,,,,,,,,,
174,3,1.28,********,,,,,,,,,,,,,,,,,
175,1,0.43,***,,,,,,,,,,,,,,,,,
176,0,0,,,,,,,,,,,,,,,,,,
177,6,2.55,***************,,,,,,,,,,,,,,,,,
178,5,2.13,*************,,,,,,,,,,,,,,,,,
179,5,2.13,*************,,,,,,,,,,,,,,,,,
180,0,0,,,,,,,,,,,,,,,,,,
181,2,0.85,*****,,,,,,,,,,,,,,,,,
182,10,4.26,**************************,,,,,,,,,,,,,,,,,
183,3,1.28,********,,,,,,,,,,,,,,,,,
184,0,0,,,,,,,,,,,,,,,,,,
185,0,0,,,,,,,,,,,,,,,,,,
７段階,30,12.765957,,,,,,,,,,,,,,,,,,
186,5,2.13,*************,,,,,,,,,,,,,,,,,
187,3,1.28,********,,,,,,,,,,,,,,,,,
188,3,1.28,********,,,,,,,,,,,,,,,,,
189,0,0,,,,,,,,,,,,,,,,,,
190,1,0.43,***,,,,,,,,,,,,,,,,,
191,12,5.11,*******************************,,,,,,,,,,,,,,,,,
192,6,2.55,***************,,,,,,,,,,,,,,,,,
193,0,0,,,,,,,,,,,,,,,,,,
194,0,0,,,,,,,,,,,,,,,,,,
８段階,5,2.127659,,,,,,,,,,,,,,,,,,
195,5,2.13,*************,,,,,,,,,,,,,,,,,
９段階,22,9.361702,,,,,,,,,,,,,,,,,,
196,13,5.53,*********************************,,,,,,,,,,,,,,,,,
197,0,0,,,,,,,,,,,,,,,,,,
198,0,0,,,,,,,,,,,,,,,,,,
199,0,0,,,,,,,,,,,,,,,,,,
200,9,3.83,***********************,,,,,,,,,,,,,,,,,
令和７年度 教科別成績分布図（本試験）,,,,,,,,,,,,,,,,,,,,
教科名,満点,最高点,最低点,平均点,標準偏差,受験者数,得点率,５分値Ｆ１,５分値Ｆ２,５分値Ｆ３,５分値Ｆ４,,,,,,,,,
リスニング,100,100,0,61.31,20.06,451864,0.6131,42,56,68,80,,,,,,,,,
点数,人数,比率（％）,,,,,,,,,,,,,,,,,,
0,48,0.01,,,,,,,,,,,,,,,,,,
1,0,0,,,,,,,,,,,,,,,,,,
2,0,0,,,,,,,,,,,,,,,,,,
3,9,0,,,,,,,,,,,,,,,,,,
4,32,0.01,,,,,,,,,,,,,,,,,,
5,21,0,,,,,,,,,,,,,,,,,,
6,26,0.01,,,,,,,,,,,,,,,,,,
7,76,0.02,,,,,,,,,,,,,,,,,,
8,95,0.02,,,,,,,,,,,,,,,,,,
9,66,0.01,,,,,,,,,,,,,,,,,,
10,115,0.03,,,,,,,,,,,,,,,,,,
11,251,0.06,,,,,,,,,,,,,,,,,,
12,274,0.06,,,,,,,,,,,,,,,,,,
13,310,0.07,,,,,,,,,,,,,,,,,,
14,452,0.1,*,,,,,,,,,,,,,,,,,
15,655,0.14,*,,,,,,,,,,,,,,,,,
16,659,0.15,*,,,,,,,,,,,,,,,,,
17,738,0.16,*,,,,,,,,,,,,,,,,,
18,1065,0.24,*,,,,,,,,,,,,,,,,,
19,1355,0.3,**,,,,,,,,,,,,,,,,,
20,1353,0.3,**,,,,,,,,,,,,,,,,,
21,1623,0.36,**,,,,,,,,,,,,,,,,,
22,1978,0.44,***,,,,,,,,,,,,,,,,,
23,2215,0.49,***,,,,,,,,,,,,,,,,,
24,2276,0.5,***,,,,,,,,,,,,,,,,,
25,2459,0.54,***,,,,,,,,,,,,,,,,,
26,2909,0.64,****,,,,,,,,,,,,,,,,,
27,3060,0.68,****,,,,,,,,,,,,,,,,,
28,3242,0.72,****,,,,,,,,,,,,,,,,,
29,3522,0.78,*****,,,,,,,,,,,,,,,,,
30,3770,0.83,*****,,,,,,,,,,,,,,,,,
31,3947,0.87,*****,,,,,,,,,,,,,,,,,
32,4020,0.89,*****,,,,,,,,,,,,,,,,,
33,4424,0.98,******,,,,,,,,,,,,,,,,,
34,4552,1.01,******,,,,,,,,,,,,,,,,,
35,4633,1.03,******,,,,,,,,,,,,,,,,,
36,4823,1.07,******,,,,,,,,,,,,,,,,,
37,4976,1.1,*******,,,,,,,,,,,,,,,,,
38,5190,1.15,*******,,,,,,,,,,,,,,,,,
39,5185,1.15,*******,,,,,,,,,,,,,,,,,
40,5136,1.14,*******,,,,,,,,,,,,,,,,,
41,5476,1.21,*******,,,,,,,,,,,,,,,,,
42,5595,1.24,*******,,,,,,,,,,,,,,,,,
43,5572,1.23,*******,,,,,,,,,,,,,,,,,
44,5652,1.25,********,,,,,,,,,,,,,,,,,
45,5728,1.27,********,,,,,,,,,,,,,,,,,
46,5925,1.31,********,,,,,,,,,,,,,,,,,
47,6002,1.33,********,,,,,,,,,,,,,,,,,
48,6108,1.35,********,,,,,,,,,,,,,,,,,
49,6226,1.38,********,,,,,,,,,,,,,,,,,
50,6342,1.4,********,,,,,,,,,,,,,,,,,
51,6435,1.42,*********,,,,,,,,,,,,,,,,,
52,6583,1.46,*********,,,,,,,,,,,,,,,,,
53,6560,1.45,*********,,,,,,,,,,,,,,,,,
54,6714,1.49,*********,,,,,,,,,,,,,,,,,
55,6619,1.46,*********,,,,,,,,,,,,,,,,,
56,7030,1.56,*********,,,,,,,,,,,,,,,,,
57,7142,1.58,*********,,,,,,,,,,,,,,,,,
58,7125,1.58,*********,,,,,,,,,,,,,,,,,
59,7149,1.58,*********,,,,,,,,,,,,,,,,,
60,7362,1.63,**********,,,,,,,,,,,,,,,,,
61,7343,1.63,**********,,,,,,,,,,,,,,,,,
62,7164,1.59,**********,,,,,,,,,,,,,,,,,
63,7744,1.71,**********,,,,,,,,,,,,,,,,,
64,7646,1.69,**********,,,,,,,,,,,,,,,,,
65,7495,1.66,**********,,,,,,,,,,,,,,,,,
66,7559,1.67,**********,,,,,,,,,,,,,,,,,
67,7767,1.72,**********,,,,,,,,,,,,,,,,,
68,7774,1.72,**********,,,,,,,,,,,,,,,,,
69,7766,1.72,**********,,,,,,,,,,,,,,,,,
70,7979,1.77,***********,,,,,,,,,,,,,,,,,
71,8062,1.78,***********,,,,,,,,,,,,,,,,,
72,8013,1.77,***********,,,,,,,,,,,,,,,,,
73,7841,1.74,**********,,,,,,,,,,,,,,,,,
74,8161,1.81,***********,,,,,,,,,,,,,,,,,
75,7984,1.77,***********,,,,,,,,,,,,,,,,,
76,7640,1.69,**********,,,,,,,,,,,,,,,,,
77,7644,1.69,**********,,,,,,,,,,,,,,,,,
78,7838,1.73,**********,,,,,,,,,,,,,,,,,
79,7714,1.71,**********,,,,,,,,,,,,,,,,,
80,7191,1.59,**********,,,,,,,,,,,,,,,,,
81,7317,1.62,**********,,,,,,,,,,,,,,,,,
82,7236,1.6,**********,,,,,,,,,,,,,,,,,
83,6633,1.47,*********,,,,,,,,,,,,,,,,,
84,6134,1.36,********,,,,,,,,,,,,,,,,,
85,6667,1.48,*********,,,,,,,,,,,,,,,,,
86,6244,1.38,********,,,,,,,,,,,,,,,,,
87,5231,1.16,*******,,,,,,,,,,,,,,,,,
88,5339,1.18,*******,,,,,,,,,,,,,,,,,
89,5586,1.24,*******,,,,,,,,,,,,,,,,,
90,4422,0.98,******,,,,,,,,,,,,,,,,,
91,4061,0.9,*****,,,,,,,,,,,,,,,,,
92,4243,0.94,******,,,,,,,,,,,,,,,,,
93,3787,0.84,*****,,,,,,,,,,,,,,,,,
94,2869,0.63,****,,,,,,,,,,,,,,,,,
95,3251,0.72,****,,,,,,,,,,,,,,,,,
96,2318,0.51,***,,,,,,,,,,,,,,,,,
97,1995,0.44,***,,,,,,,,,,,,,,,,,
98,2486,0.55,***,,,,,,,,,,,,,,,,,
99,132,0.03,,,,,,,,,,,,,,,,,,
100,2703,0.6,****,,,,,,,,,,,,,,,,,
令和７年度 科目別成績分布図（本試験）,,,,,,,,,,,,,,,,,,,,
科目名,満点,最高点,最低点,平均点,標準偏差,受験者数,得点率,５分値Ｆ１,５分値Ｆ２,５分値Ｆ３,５分値Ｆ４,１段階,２段階,３段階,４段階,５段階,６段階,７段階,８段階,９段階
英語（リスニング）,100,100,0,61.31,20.06,451864,0.6131,42,56,68,80,0～25,26～33,34～44,45～56,57～68,69～78,79～85,86～92,93～100
点数,人数,比率（％）,,,,,,,,,,,,,,,,,,
１段階,18151,4.016916,,,,,,,,,,,,,,,,,,
0,48,0.01,,,,,,,,,,,,,,,,,,
1,0,0,,,,,,,,,,,,,,,,,,
2,0,0,,,,,,,,,,,,,,,,,,
3,9,0,,,,,,,,,,,,,,,,,,
4,32,0.01,,,,,,,,,,,,,,,,,,
5,21,0,,,,,,,,,,,,,,,,,,
6,26,0.01,,,,,,,,,,,,,,,,,,
7,76,0.02,,,,,,,,,,,,,,,,,,
8,95,0.02,,,,,,,,,,,,,,,,,,
9,66,0.01,,,,,,,,,,,,,,,,,,
10,115,0.03,,,,,,,,,,,,,,,,,,
11,251,0.06,,,,,,,,,,,,,,,,,,
12,274,0.06,,,,,,,,,,,,,,,,,,
13,310,0.07,,,,,,,,,,,,,,,,,,
14,452,0.1,*,,,,,,,,,,,,,,,,,
15,655,0.14,*,,,,,,,,,,,,,,,,,
16,659,0.15,*,,,,,,,,,,,,,,,,,
17,738,0.16,*,,,,,,,,,,,,,,,,,
18,1065,0.24,*,,,,,,,,,,,,,,,,,
19,1355,0.3,**,,,,,,,,,,,,,,,,,
20,1353,0.3,**,,,,,,,,,,,,,,,,,
21,1623,0.36,**,,,,,,,,,,,,,,,,,
22,1978,0.44,***,,,,,,,,,,,,,,,,,
23,2215,0.49,***,,,,,,,,,,,,,,,,,
24,2276,0.5,***,,,,,,,,,,,,,,,,,
25,2459,0.54,***,,,,,,,,,,,,,,,,,
２段階,28894,6.394401,,,,,,,,,,,,,,,,,,
26,2909,0.64,****,,,,,,,,,,,,,,,,,
27,3060,0.68,****,,,,,,,,,,,,,,,,,
28,3242,0.72,****,,,,,,,,,,,,,,,,,
29,3522,0.78,*****,,,,,,,,,,,,,,,,,
30,3770,0.83,*****,,,,,,,,,,,,,,,,,
31,3947,0.87,*****,,,,,,,,,,,,,,,,,
32,4020,0.89,*****,,,,,,,,,,,,,,,,,
33,4424,0.98,******,,,,,,,,,,,,,,,,,
３段階,56790,12.56794,,,,,,,,,,,,,,,,,,
34,4552,1.01,******,,,,,,,,,,,,,,,,,
35,4633,1.03,******,,,,,,,,,,,,,,,,,
36,4823,1.07,******,,,,,,,,,,,,,,,,,
37,4976,1.1,*******,,,,,,,,,,,,,,,,,
38,5190,1.15,*******,,,,,,,,,,,,,,,,,
39,5185,1.15,*******,,,,,,,,,,,,,,,,,
40,5136,1.14,*******,,,,,,,,,,,,,,,,,
41,5476,1.21,*******,,,,,,,,,,,,,,,,,
42,5595,1.24,*******,,,,,,,,,,,,,,,,,
43,5572,1.23,*******,,,,,,,,,,,,,,,,,
44,5652,1.25,********,,,,,,,,,,,,,,,,,
４段階,76272,16.879415,,,,,,,,,,,,,,,,,,
45,5728,1.27,********,,,,,,,,,,,,,,,,,
46,5925,1.31,********,,,,,,,,,,,,,,,,,
47,6002,1.33,********,,,,,,,,,,,,,,,,,
48,6108,1.35,********,,,,,,,,,,,,,,,,,
49,6226,1.38,********,,,,,,,,,,,,,,,,,
50,6342,1.4,********,,,,,,,,,,,,,,,,,
51,6435,1.42,*********,,,,,,,,,,,,,,,,,
52,6583,1.46,*********,,,,,,,,,,,,,,,,,
53,6560,1.45,*********,,,,,,,,,,,,,,,,,
54,6714,1.49,*********,,,,,,,,,,,,,,,,,
55,6619,1.46,*********,,,,,,,,,,,,,,,,,
56,7030,1.56,*********,,,,,,,,,,,,,,,,,
５段階,89270,19.755944,,,,,,,,,,,,,,,,,,
57,7142,1.58,*********,,,,,,,,,,,,,,,,,
58,7125,1.58,*********,,,,,,,,,,,,,,,,,
59,7149,1.58,*********,,,,,,,,,,,,,,,,,
60,7362,1.63,**********,,,,,,,,,,,,,,,,,
61,7343,1.63,**********,,,,,,,,,,,,,,,,,
62,7164,1.59,**********,,,,,,,,,,,,,,,,,
63,7744,1.71,**********,,,,,,,,,,,,,,,,,
64,7646,1.69,**********,,,,,,,,,,,,,,,,,
65,7495,1.66,**********,,,,,,,,,,,,,,,,,
66,7559,1.67,**********,,,,,,,,,,,,,,,,,
67,7767,1.72,**********,,,,,,,,,,,,,,,,,
68,7774,1.72,**********,,,,,,,,,,,,,,,,,
６段階,78928,17.467202,,,,,,,,,,,,,,,,,,
69,7766,1.72,**********,,,,,,,,,,,,,,,,,
70,7979,1.77,***********,,,,,,,,,,,,,,,,,
71,8062,1.78,***********,,,,,,,,,,,,,,,,,
72,8013,1.77,***********,,,,,,,,,,,,,,,,,
73,7841,1.74,**********,,,,,,,,,,,,,,,,,
74,8161,1.81,***********,,,,,,,,,,,,,,,,,
75,7984,1.77,***********,,,,,,,,,,,,,,,,,
76,7640,1.69,**********,,,,,,,,,,,,,,,,,
77,7644,1.69,**********,,,,,,,,,,,,,,,,,
78,7838,1.73,**********,,,,,,,,,,,,,,,,,
７段階,48892,10.820069,,,,,,,,,,,,,,,,,,
79,7714,1.71,**********,,,,,,,,,,,,,,,,,
80,7191,1.59,**********,,,,,,,,,,,,,,,,,
81,7317,1.62,**********,,,,,,,,,,,,,,,,,
82,7236,1.6,**********,,,,,,,,,,,,,,,,,
83,6633,1.47,*********,,,,,,,,,,,,,,,,,
84,6134,1.36,********,,,,,,,,,,,,,,,,,
85,6667,1.48,*********,,,,,,,,,,,,,,,,,
８段階,35126,7.773577,,,,,,,,,,,,,,,,,,
86,6244,1.38,********,,,,,,,,,,,,,,,,,
87,5231,1.16,*******,,,,,,,,,,,,,,,,,
88,5339,1.18,*******,,,,,,,,,,,,,,,,,
89,5586,1.24,*******,,,,,,,,,,,,,,,,,
90,4422,0.98,******,,,,,,,,,,,,,,,,,
91,4061,0.9,*****,,,,,,,,,,,,,,,,,
92,4243,0.94,******,,,,,,,,,,,,,,,,,
９段階,19541,4.324531,,,,,,,,,,,,,,,,,,
93,3787,0.84,*****,,,,,,,,,,,,,,,,,
94,2869,0.63,****,,,,,,,,,,,,,,,,,
95,3251,0.72,****,,,,,,,,,,,,,,,,,
96,2318,0.51,***,,,,,,,,,,,,,,,,,
97,1995,0.44,***,,,,,,,,,,,,,,,,,
98,2486,0.55,***,,,,,,,,,,,,,,,,,
99,132,0.03,,,,,,,,,,,,,,,,,,
100,2703,0.6,****,,,,,,,,,,,,,,,,,
令和７年度 教科別成績分布図（本試験）,,,,,,,,,,,,,,,,,,,,
教科名,満点,最高点,最低点,平均点,標準偏差,受験者数,得点率,５分値Ｆ１,５分値Ｆ２,５分値Ｆ３,５分値Ｆ４,,,,,,,,,
情報,100,100,0,69.52,16.01,301896,0.6952,56,66,74,84,,,,,,,,,
点数,人数,比率（％）,,,,,,,,,,,,,,,,,,
0,36,0.01,,,,,,,,,,,,,,,,,,
1,0,0,,,,,,,,,,,,,,,,,,
2,9,0,,,,,,,,,,,,,,,,,,
3,6,0,,,,,,,,,,,,,,,,,,
4,8,0,,,,,,,,,,,,,,,,,,
5,12,0,,,,,,,,,,,,,,,,,,
6,5,0,,,,,,,,,,,,,,,,,,
7,9,0,,,,,,,,,,,,,,,,,,
8,14,0,,,,,,,,,,,,,,,,,,
9,23,0.01,,,,,,,,,,,,,,,,,,
10,14,0,,,,,,,,,,,,,,,,,,
11,32,0.01,,,,,,,,,,,,,,,,,,
12,42,0.01,,,,,,,,,,,,,,,,,,
13,63,0.02,,,,,,,,,,,,,,,,,,
14,68,0.02,,,,,,,,,,,,,,,,,,
15,91,0.03,,,,,,,,,,,,,,,,,,
16,93,0.03,,,,,,,,,,,,,,,,,,
17,117,0.04,,,,,,,,,,,,,,,,,,
18,138,0.05,,,,,,,,,,,,,,,,,,
19,170,0.06,,,,,,,,,,,,,,,,,,
20,209,0.07,,,,,,,,,,,,,,,,,,
21,206,0.07,,,,,,,,,,,,,,,,,,
22,264,0.09,*,,,,,,,,,,,,,,,,,
23,265,0.09,*,,,,,,,,,,,,,,,,,
24,306,0.1,*,,,,,,,,,,,,,,,,,
25,338,0.11,*,,,,,,,,,,,,,,,,,
26,405,0.13,*,,,,,,,,,,,,,,,,,
27,447,0.15,*,,,,,,,,,,,,,,,,,
28,456,0.15,*,,,,,,,,,,,,,,,,,
29,494,0.16,*,,,,,,,,,,,,,,,,,
30,573,0.19,*,,,,,,,,,,,,,,,,,
31,640,0.21,*,,,,,,,,,,,,,,,,,
32,701,0.23,*,,,,,,,,,,,,,,,,,
33,699,0.23,*,,,,,,,,,,,,,,,,,
34,773,0.26,**,,,,,,,,,,,,,,,,,
35,861,0.29,**,,,,,,,,,,,,,,,,,
36,940,0.31,**,,,,,,,,,,,,,,,,,
37,1001,0.33,**,,,,,,,,,,,,,,,,,
38,1166,0.39,**,,,,,,,,,,,,,,,,,
39,1219,0.4,**,,,,,,,,,,,,,,,,,
40,1370,0.45,***,,,,,,,,,,,,,,,,,
41,1544,0.51,***,,,,,,,,,,,,,,,,,
42,1661,0.55,***,,,,,,,,,,,,,,,,,
43,1798,0.6,****,,,,,,,,,,,,,,,,,
44,1975,0.65,****,,,,,,,,,,,,,,,,,
45,2148,0.71,****,,,,,,,,,,,,,,,,,
46,2276,0.75,*****,,,,,,,,,,,,,,,,,
47,2527,0.84,*****,,,,,,,,,,,,,,,,,
48,2680,0.89,*****,,,,,,,,,,,,,,,,,
49,2901,0.96,******,,,,,,,,,,,,,,,,,
50,3135,1.04,******,,,,,,,,,,,,,,,,,
51,3357,1.11,*******,,,,,,,,,,,,,,,,,
52,3625,1.2,*******,,,,,,,,,,,,,,,,,
53,3982,1.32,********,,,,,,,,,,,,,,,,,
54,4146,1.37,********,,,,,,,,,,,,,,,,,
55,4467,1.48,*********,,,,,,,,,,,,,,,,,
56,4637,1.54,*********,,,,,,,,,,,,,,,,,
57,4964,1.64,**********,,,,,,,,,,,,,,,,,
58,5321,1.76,***********,,,,,,,,,,,,,,,,,
59,5454,1.81,***********,,,,,,,,,,,,,,,,,
60,5591,1.85,***********,,,,,,,,,,,,,,,,,
61,5994,1.99,************,,,,,,,,,,,,,,,,,
62,6129,2.03,************,,,,,,,,,,,,,,,,,
63,6362,2.11,*************,,,,,,,,,,,,,,,,,
64,6460,2.14,*************,,,,,,,,,,,,,,,,,
65,6777,2.24,*************,,,,,,,,,,,,,,,,,
66,6910,2.29,**************,,,,,,,,,,,,,,,,,
67,7089,2.35,**************,,,,,,,,,,,,,,,,,
68,7126,2.36,**************,,,,,,,,,,,,,,,,,
69,7102,2.35,**************,,,,,,,,,,,,,,,,,
70,7222,2.39,**************,,,,,,,,,,,,,,,,,
71,7378,2.44,***************,,,,,,,,,,,,,,,,,
72,7374,2.44,***************,,,,,,,,,,,,,,,,,
73,7398,2.45,***************,,,,,,,,,,,,,,,,,
74,7241,2.4,**************,,,,,,,,,,,,,,,,,
75,7172,2.38,**************,,,,,,,,,,,,,,,,,
76,6858,2.27,**************,,,,,,,,,,,,,,,,,
77,6882,2.28,**************,,,,,,,,,,,,,,,,,
78,6841,2.27,**************,,,,,,,,,,,,,,,,,
79,6366,2.11,*************,,,,,,,,,,,,,,,,,
80,6588,2.18,*************,,,,,,,,,,,,,,,,,
81,6333,2.1,*************,,,,,,,,,,,,,,,,,
82,6068,2.01,************,,,,,,,,,,,,,,,,,
83,6094,2.02,************,,,,,,,,,,,,,,,,,
84,5586,1.85,***********,,,,,,,,,,,,,,,,,
85,5680,1.88,***********,,,,,,,,,,,,,,,,,
86,5547,1.84,***********,,,,,,,,,,,,,,,,,
87,5176,1.71,**********,,,,,,,,,,,,,,,,,
88,5386,1.78,***********,,,,,,,,,,,,,,,,,
89,4577,1.52,*********,,,,,,,,,,,,,,,,,
90,4865,1.61,**********,,,,,,,,,,,,,,,,,
91,4507,1.49,*********,,,,,,,,,,,,,,,,,
92,3642,1.21,*******,,,,,,,,,,,,,,,,,
93,4710,1.56,*********,,,,,,,,,,,,,,,,,
94,2642,0.88,*****,,,,,,,,,,,,,,,,,
95,3504,1.16,*******,,,,,,,,,,,,,,,,,
96,2458,0.81,*****,,,,,,,,,,,,,,,,,
97,1454,0.48,***,,,,,,,,,,,,,,,,,
98,2549,0.84,*****,,,,,,,,,,,,,,,,,
99,8,0,,,,,,,,,,,,,,,,,,
100,1369,0.45,***,,,,,,,,,,,,,,,,,
令和７年度 科目別成績分布図（本試験）,,,,,,,,,,,,,,,,,,,,
科目名,満点,最高点,最低点,平均点,標準偏差,受験者数,得点率,５分値Ｆ１,５分値Ｆ２,５分値Ｆ３,５分値Ｆ４,１段階,２段階,３段階,４段階,５段階,６段階,７段階,８段階,９段階
情報Ⅰ,100,100,0,69.26,16.09,279718,0.6926,55,66,74,83,0～38,39～48,49～57,58～65,66～74,75～82,83～88,89～93,94～100
点数,人数,比率（％）,,,,,,,,,,,,,,,,,,
１段階,11177,3.99581,,,,,,,,,,,,,,,,,,
0,23,0.01,,,,,,,,,,,,,,,,,,
1,0,0,,,,,,,,,,,,,,,,,,
2,9,0,,,,,,,,,,,,,,,,,,
3,3,0,,,,,,,,,,,,,,,,,,
4,8,0,,,,,,,,,,,,,,,,,,
5,8,0,,,,,,,,,,,,,,,,,,
6,3,0,,,,,,,,,,,,,,,,,,
7,7,0,,,,,,,,,,,,,,,,,,
8,12,0,,,,,,,,,,,,,,,,,,
9,18,0.01,,,,,,,,,,,,,,,,,,
10,11,0,,,,,,,,,,,,,,,,,,
11,28,0.01,,,,,,,,,,,,,,,,,,
12,37,0.01,,,,,,,,,,,,,,,,,,
13,53,0.02,,,,,,,,,,,,,,,,,,
14,61,0.02,,,,,,,,,,,,,,,,,,
15,90,0.03,,,,,,,,,,,,,,,,,,
16,86,0.03,,,,,,,,,,,,,,,,,,
17,110,0.04,,,,,,,,,,,,,,,,,,
18,132,0.05,,,,,,,,,,,,,,,,,,
19,163,0.06,,,,,,,,,,,,,,,,,,
20,202,0.07,,,,,,,,,,,,,,,,,,
21,192,0.07,,,,,,,,,,,,,,,,,,
22,255,0.09,*,,,,,,,,,,,,,,,,,
23,257,0.09,*,,,,,,,,,,,,,,,,,
24,297,0.11,*,,,,,,,,,,,,,,,,,
25,321,0.11,*,,,,,,,,,,,,,,,,,
26,394,0.14,*,,,,,,,,,,,,,,,,,
27,432,0.15,*,,,,,,,,,,,,,,,,,
28,437,0.16,*,,,,,,,,,,,,,,,,,
29,472,0.17,*,,,,,,,,,,,,,,,,,
30,551,0.2,*,,,,,,,,,,,,,,,,,
31,612,0.22,*,,,,,,,,,,,,,,,,,
32,668,0.24,*,,,,,,,,,,,,,,,,,
33,668,0.24,*,,,,,,,,,,,,,,,,,
34,745,0.27,**,,,,,,,,,,,,,,,,,
35,823,0.29,**,,,,,,,,,,,,,,,,,
36,904,0.32,**,,,,,,,,,,,,,,,,,
37,964,0.34,**,,,,,,,,,,,,,,,,,
38,1121,0.4,**,,,,,,,,,,,,,,,,,
２段階,18355,6.561965,,,,,,,,,,,,,,,,,,
39,1173,0.42,***,,,,,,,,,,,,,,,,,
40,1314,0.47,***,,,,,,,,,,,,,,,,,
41,1475,0.53,***,,,,,,,,,,,,,,,,,
42,1574,0.56,***,,,,,,,,,,,,,,,,,
43,1728,0.62,****,,,,,,,,,,,,,,,,,
44,1888,0.67,****,,,,,,,,,,,,,,,,,
45,2056,0.74,****,,,,,,,,,,,,,,,,,
46,2179,0.78,*****,,,,,,,,,,,,,,,,,
47,2413,0.86,*****,,,,,,,,,,,,,,,,,
48,2555,0.91,*****,,,,,,,,,,,,,,,,,
３段階,33413,11.945244,,,,,,,,,,,,,,,,,,
49,2765,0.99,******,,,,,,,,,,,,,,,,,
50,2974,1.06,******,,,,,,,,,,,,,,,,,
51,3187,1.14,*******,,,,,,,,,,,,,,,,,
52,3455,1.24,*******,,,,,,,,,,,,,,,,,
53,3792,1.36,********,,,,,,,,,,,,,,,,,
54,3937,1.41,********,,,,,,,,,,,,,,,,,
55,4227,1.51,*********,,,,,,,,,,,,,,,,,
56,4386,1.57,*********,,,,,,,,,,,,,,,,,
57,4690,1.68,**********,,,,,,,,,,,,,,,,,
４段階,45301,16.195239,,,,,,,,,,,,,,,,,,
58,5058,1.81,***********,,,,,,,,,,,,,,,,,
59,5155,1.84,***********,,,,,,,,,,,,,,,,,
60,5266,1.88,***********,,,,,,,,,,,,,,,,,
61,5644,2.02,************,,,,,,,,,,,,,,,,,
62,5760,2.06,************,,,,,,,,,,,,,,,,,
63,5979,2.14,*************,,,,,,,,,,,,,,,,,
64,6075,2.17,*************,,,,,,,,,,,,,,,,,
65,6364,2.28,**************,,,,,,,,,,,,,,,,,
５段階,59917,21.420502,,,,,,,,,,,,,,,,,,
66,6469,2.31,**************,,,,,,,,,,,,,,,,,
67,6579,2.35,**************,,,,,,,,,,,,,,,,,
68,6616,2.37,**************,,,,,,,,,,,,,,,,,
69,6602,2.36,**************,,,,,,,,,,,,,,,,,
70,6694,2.39,**************,,,,,,,,,,,,,,,,,
71,6799,2.43,***************,,,,,,,,,,,,,,,,,
72,6773,2.42,***************,,,,,,,,,,,,,,,,,
73,6756,2.42,**************,,,,,,,,,,,,,,,,,
74,6629,2.37,**************,,,,,,,,,,,,,,,,,
６段階,47851,17.106871,,,,,,,,,,,,,,,,,,
75,6528,2.33,**************,,,,,,,,,,,,,,,,,
76,6199,2.22,*************,,,,,,,,,,,,,,,,,
77,6201,2.22,*************,,,,,,,,,,,,,,,,,
78,6187,2.21,*************,,,,,,,,,,,,,,,,,
79,5760,2.06,************,,,,,,,,,,,,,,,,,
80,5916,2.11,*************,,,,,,,,,,,,,,,,,
81,5653,2.02,************,,,,,,,,,,,,,,,,,
82,5407,1.93,************,,,,,,,,,,,,,,,,,
７段階,30088,10.756547,,,,,,,,,,,,,,,,,,
83,5443,1.95,************,,,,,,,,,,,,,,,,,
84,4989,1.78,***********,,,,,,,,,,,,,,,,,
85,5126,1.83,***********,,,,,,,,,,,,,,,,,
86,4974,1.78,***********,,,,,,,,,,,,,,,,,
87,4662,1.67,**********,,,,,,,,,,,,,,,,,
88,4894,1.75,**********,,,,,,,,,,,,,,,,,
８段階,20507,7.331312,,,,,,,,,,,,,,,,,,
89,4122,1.47,*********,,,,,,,,,,,,,,,,,
90,4456,1.59,**********,,,,,,,,,,,,,,,,,
91,4157,1.49,*********,,,,,,,,,,,,,,,,,
92,3286,1.17,*******,,,,,,,,,,,,,,,,,
93,4486,1.6,**********,,,,,,,,,,,,,,,,,
９段階,13109,4.686505,,,,,,,,,,,,,,,,,,
94,2365,0.85,*****,,,,,,,,,,,,,,,,,
95,3363,1.2,*******,,,,,,,,,,,,,,,,,
96,2250,0.8,*****,,,,,,,,,,,,,,,,,
97,1400,0.5,***,,,,,,,,,,,,,,,,,
98,2409,0.86,*****,,,,,,,,,,,,,,,,,
99,4,0,,,,,,,,,,,,,,,,,,
100,1318,0.47,***,,,,,,,,,,,,,,,,,
令和７年度 科目別成績分布図（本試験）,,,,,,,,,,,,,,,,,,,,
科目名,満点,最高点,最低点,平均点,標準偏差,受験者数,得点率,５分値Ｆ１,５分値Ｆ２,５分値Ｆ３,５分値Ｆ４,１段階,２段階,３段階,４段階,５段階,６段階,７段階,８段階,９段階
旧情報,100,100,0,72.82,14.43,22171,0.7282,61,71,78,85,0～43,44～54,55～62,63～70,71～77,78～83,84～88,89～93,94～100
点数,人数,比率（％）,,,,,,,,,,,,,,,,,,
１段階,838,3.779712,,,,,,,,,,,,,,,,,,
0,6,0.03,,,,,,,,,,,,,,,,,,
1,0,0,,,,,,,,,,,,,,,,,,
2,0,0,,,,,,,,,,,,,,,,,,
3,3,0.01,,,,,,,,,,,,,,,,,,
4,0,0,,,,,,,,,,,,,,,,,,
5,4,0.02,,,,,,,,,,,,,,,,,,
6,2,0.01,,,,,,,,,,,,,,,,,,
7,2,0.01,,,,,,,,,,,,,,,,,,
8,2,0.01,,,,,,,,,,,,,,,,,,
9,5,0.02,,,,,,,,,,,,,,,,,,
10,3,0.01,,,,,,,,,,,,,,,,,,
11,4,0.02,,,,,,,,,,,,,,,,,,
12,5,0.02,,,,,,,,,,,,,,,,,,
13,10,0.05,,,,,,,,,,,,,,,,,,
14,7,0.03,,,,,,,,,,,,,,,,,,
15,1,0,,,,,,,,,,,,,,,,,,
16,7,0.03,,,,,,,,,,,,,,,,,,
17,7,0.03,,,,,,,,,,,,,,,,,,
18,6,0.03,,,,,,,,,,,,,,,,,,
19,7,0.03,,,,,,,,,,,,,,,,,,
20,7,0.03,,,,,,,,,,,,,,,,,,
21,14,0.06,,,,,,,,,,,,,,,,,,
22,9,0.04,,,,,,,,,,,,,,,,,,
23,8,0.04,,,,,,,,,,,,,,,,,,
24,9,0.04,,,,,,,,,,,,,,,,,,
25,17,0.08,,,,,,,,,,,,,,,,,,
26,11,0.05,,,,,,,,,,,,,,,,,,
27,15,0.07,,,,,,,,,,,,,,,,,,
28,19,0.09,*,,,,,,,,,,,,,,,,,
29,22,0.1,*,,,,,,,,,,,,,,,,,
30,22,0.1,*,,,,,,,,,,,,,,,,,
31,28,0.13,*,,,,,,,,,,,,,,,,,
32,33,0.15,*,,,,,,,,,,,,,,,,,
33,31,0.14,*,,,,,,,,,,,,,,,,,
34,28,0.13,*,,,,,,,,,,,,,,,,,
35,38,0.17,*,,,,,,,,,,,,,,,,,
36,36,0.16,*,,,,,,,,,,,,,,,,,
37,37,0.17,*,,,,,,,,,,,,,,,,,
38,45,0.2,*,,,,,,,,,,,,,,,,,
39,46,0.21,*,,,,,,,,,,,,,,,,,
40,56,0.25,**,,,,,,,,,,,,,,,,,
41,69,0.31,**,,,,,,,,,,,,,,,,,
42,87,0.39,**,,,,,,,,,,,,,,,,,
43,70,0.32,**,,,,,,,,,,,,,,,,,
２段階,1551,6.995624,,,,,,,,,,,,,,,,,,
44,87,0.39,**,,,,,,,,,,,,,,,,,
45,92,0.41,**,,,,,,,,,,,,,,,,,
46,97,0.44,***,,,,,,,,,,,,,,,,,
47,114,0.51,***,,,,,,,,,,,,,,,,,
48,125,0.56,***,,,,,,,,,,,,,,,,,
49,136,0.61,****,,,,,,,,,,,,,,,,,
50,161,0.73,****,,,,,,,,,,,,,,,,,
51,170,0.77,*****,,,,,,,,,,,,,,,,,
52,170,0.77,*****,,,,,,,,,,,,,,,,,
53,190,0.86,*****,,,,,,,,,,,,,,,,,
54,209,0.94,******,,,,,,,,,,,,,,,,,
３段階,2371,10.69415,,,,,,,,,,,,,,,,,,
55,240,1.08,******,,,,,,,,,,,,,,,,,
56,251,1.13,*******,,,,,,,,,,,,,,,,,
57,274,1.24,*******,,,,,,,,,,,,,,,,,
58,263,1.19,*******,,,,,,,,,,,,,,,,,
59,299,1.35,********,,,,,,,,,,,,,,,,,
60,325,1.47,*********,,,,,,,,,,,,,,,,,
61,350,1.58,*********,,,,,,,,,,,,,,,,,
62,369,1.66,**********,,,,,,,,,,,,,,,,,
４段階,3670,16.553155,,,,,,,,,,,,,,,,,,
63,383,1.73,**********,,,,,,,,,,,,,,,,,
64,385,1.74,**********,,,,,,,,,,,,,,,,,
65,413,1.86,***********,,,,,,,,,,,,,,,,,
66,441,1.99,************,,,,,,,,,,,,,,,,,
67,510,2.3,**************,,,,,,,,,,,,,,,,,
68,510,2.3,**************,,,,,,,,,,,,,,,,,
69,500,2.26,**************,,,,,,,,,,,,,,,,,
70,528,2.38,**************,,,,,,,,,,,,,,,,,
５段階,4418,19.926931,,,,,,,,,,,,,,,,,,
71,579,2.61,****************,,,,,,,,,,,,,,,,,
72,601,2.71,****************,,,,,,,,,,,,,,,,,
73,642,2.9,*****************,,,,,,,,,,,,,,,,,
74,612,2.76,*****************,,,,,,,,,,,,,,,,,
75,644,2.9,*****************,,,,,,,,,,,,,,,,,
76,659,2.97,******************,,,,,,,,,,,,,,,,,
77,681,3.07,******************,,,,,,,,,,,,,,,,,
６段階,3924,17.698795,,,,,,,,,,,,,,,,,,
78,654,2.95,******************,,,,,,,,,,,,,,,,,
79,606,2.73,****************,,,,,,,,,,,,,,,,,
80,672,3.03,******************,,,,,,,,,,,,,,,,,
81,680,3.07,******************,,,,,,,,,,,,,,,,,
82,661,2.98,******************,,,,,,,,,,,,,,,,,
83,651,2.94,******************,,,,,,,,,,,,,,,,,
７段階,2730,12.313382,,,,,,,,,,,,,,,,,,
84,597,2.69,****************,,,,,,,,,,,,,,,,,
85,554,2.5,***************,,,,,,,,,,,,,,,,,
86,573,2.58,****************,,,,,,,,,,,,,,,,,
87,514,2.32,**************,,,,,,,,,,,,,,,,,
88,492,2.22,*************,,,,,,,,,,,,,,,,,
８段階,1794,8.091651,,,,,,,,,,,,,,,,,,
89,455,2.05,************,,,,,,,,,,,,,,,,,
90,409,1.84,***********,,,,,,,,,,,,,,,,,
91,350,1.58,*********,,,,,,,,,,,,,,,,,
92,356,1.61,**********,,,,,,,,,,,,,,,,,
93,224,1.01,******,,,,,,,,,,,,,,,,,
９段階,875,3.946596,,,,,,,,,,,,,,,,,,
94,277,1.25,*******,,,,,,,,,,,,,,,,,
95,141,0.64,****,,,,,,,,,,,,,,,,,
96,208,0.94,******,,,,,,,,,,,,,,,,,
97,54,0.24,*,,,,,,,,,,,,,,,,,
98,140,0.63,****,,,,,,,,,,,,,,,,,
99,4,0.02,,,,,,,,,,,,,,,,,,
100,51,0.23,*,,,,,,,,,,,,,,,,,
