óﬂòaÇWîNìx ã≥â»ï ê¨ê—ï™ïzê}Åiñ{ééå±Åj,,,,,,,,,,,,,,,,,,,,
ã≥â»ñº,ñûì_,ç≈çÇì_,ç≈í·ì_,ïΩãœì_,ïWèÄïŒç∑,éÛå±é“êî,ìæì_ó¶,ÇTï™ílÇeÇP,ÇTï™ílÇeÇQ,ÇTï™ílÇeÇR,ÇTï™ílÇeÇS,,,,,,,,,
çëÅ@åÍ,200,200,0,116.37,32.87,438156,0.5819,86,107,126,146,,,,,,,,,
ì_êî,êlêî,î‰ó¶ÅiÅìÅj,,,,,,,,,,,,,,,,,,
0,23,0.01,,,,,,,,,,,,,,,,,,
1,0,0,,,,,,,,,,,,,,,,,,
2,1,0,,,,,,,,,,,,,,,,,,
3,0,0,,,,,,,,,,,,,,,,,,
4,4,0,,,,,,,,,,,,,,,,,,
5,0,0,,,,,,,,,,,,,,,,,,
6,7,0,,,,,,,,,,,,,,,,,,
7,2,0,,,,,,,,,,,,,,,,,,
8,7,0,,,,,,,,,,,,,,,,,,
9,0,0,,,,,,,,,,,,,,,,,,
10,7,0,,,,,,,,,,,,,,,,,,
11,7,0,,,,,,,,,,,,,,,,,,
12,4,0,,,,,,,,,,,,,,,,,,
13,6,0,,,,,,,,,,,,,,,,,,
14,6,0,,,,,,,,,,,,,,,,,,
15,25,0.01,,,,,,,,,,,,,,,,,,
16,10,0,,,,,,,,,,,,,,,,,,
17,20,0,,,,,,,,,,,,,,,,,,
18,27,0.01,,,,,,,,,,,,,,,,,,
19,25,0.01,,,,,,,,,,,,,,,,,,
20,31,0.01,,,,,,,,,,,,,,,,,,
21,31,0.01,,,,,,,,,,,,,,,,,,
22,43,0.01,,,,,,,,,,,,,,,,,,
23,38,0.01,,,,,,,,,,,,,,,,,,
24,51,0.01,,,,,,,,,,,,,,,,,,
25,53,0.01,,,,,,,,,,,,,,,,,,
26,69,0.02,,,,,,,,,,,,,,,,,,
27,82,0.02,,,,,,,,,,,,,,,,,,
28,89,0.02,,,,,,,,,,,,,,,,,,
29,110,0.03,,,,,,,,,,,,,,,,,,
30,124,0.03,,,,,,,,,,,,,,,,,,
31,154,0.04,,,,,,,,,,,,,,,,,,
32,146,0.03,,,,,,,,,,,,,,,,,,
33,162,0.04,,,,,,,,,,,,,,,,,,
34,185,0.04,,,,,,,,,,,,,,,,,,
35,220,0.05,,,,,,,,,,,,,,,,,,
36,231,0.05,,,,,,,,,,,,,,,,,,
37,251,0.06,,,,,,,,,,,,,,,,,,
38,242,0.06,,,,,,,,,,,,,,,,,,
39,306,0.07,,,,,,,,,,,,,,,,,,
40,353,0.08,,,,,,,,,,,,,,,,,,
41,353,0.08,,,,,,,,,,,,,,,,,,
42,406,0.09,*,,,,,,,,,,,,,,,,,
43,470,0.11,*,,,,,,,,,,,,,,,,,
44,495,0.11,*,,,,,,,,,,,,,,,,,
45,541,0.12,*,,,,,,,,,,,,,,,,,
46,548,0.13,*,,,,,,,,,,,,,,,,,
47,609,0.14,*,,,,,,,,,,,,,,,,,
48,643,0.15,*,,,,,,,,,,,,,,,,,
49,762,0.17,*,,,,,,,,,,,,,,,,,
50,807,0.18,*,,,,,,,,,,,,,,,,,
51,857,0.2,*,,,,,,,,,,,,,,,,,
52,937,0.21,*,,,,,,,,,,,,,,,,,
53,931,0.21,*,,,,,,,,,,,,,,,,,
54,1027,0.23,*,,,,,,,,,,,,,,,,,
55,1103,0.25,**,,,,,,,,,,,,,,,,,
56,1162,0.27,**,,,,,,,,,,,,,,,,,
57,1268,0.29,**,,,,,,,,,,,,,,,,,
58,1303,0.3,**,,,,,,,,,,,,,,,,,
59,1364,0.31,**,,,,,,,,,,,,,,,,,
60,1485,0.34,**,,,,,,,,,,,,,,,,,
61,1510,0.34,**,,,,,,,,,,,,,,,,,
62,1619,0.37,**,,,,,,,,,,,,,,,,,
63,1756,0.4,**,,,,,,,,,,,,,,,,,
64,1837,0.42,***,,,,,,,,,,,,,,,,,
65,1934,0.44,***,,,,,,,,,,,,,,,,,
66,1913,0.44,***,,,,,,,,,,,,,,,,,
67,2063,0.47,***,,,,,,,,,,,,,,,,,
68,2143,0.49,***,,,,,,,,,,,,,,,,,
69,2106,0.48,***,,,,,,,,,,,,,,,,,
70,2267,0.52,***,,,,,,,,,,,,,,,,,
71,2309,0.53,***,,,,,,,,,,,,,,,,,
72,2480,0.57,***,,,,,,,,,,,,,,,,,
73,2605,0.59,****,,,,,,,,,,,,,,,,,
74,2693,0.61,****,,,,,,,,,,,,,,,,,
75,2697,0.62,****,,,,,,,,,,,,,,,,,
76,2743,0.63,****,,,,,,,,,,,,,,,,,
77,2814,0.64,****,,,,,,,,,,,,,,,,,
78,2985,0.68,****,,,,,,,,,,,,,,,,,
79,3127,0.71,****,,,,,,,,,,,,,,,,,
80,3092,0.71,****,,,,,,,,,,,,,,,,,
81,3211,0.73,****,,,,,,,,,,,,,,,,,
82,3308,0.75,*****,,,,,,,,,,,,,,,,,
83,3368,0.77,*****,,,,,,,,,,,,,,,,,
84,3534,0.81,*****,,,,,,,,,,,,,,,,,
85,3438,0.78,*****,,,,,,,,,,,,,,,,,
86,3551,0.81,*****,,,,,,,,,,,,,,,,,
87,3597,0.82,*****,,,,,,,,,,,,,,,,,
88,3606,0.82,*****,,,,,,,,,,,,,,,,,
89,3842,0.88,*****,,,,,,,,,,,,,,,,,
90,3758,0.86,*****,,,,,,,,,,,,,,,,,
91,3834,0.88,*****,,,,,,,,,,,,,,,,,
92,3905,0.89,*****,,,,,,,,,,,,,,,,,
93,3875,0.88,*****,,,,,,,,,,,,,,,,,
94,4066,0.93,******,,,,,,,,,,,,,,,,,
95,4068,0.93,******,,,,,,,,,,,,,,,,,
96,4217,0.96,******,,,,,,,,,,,,,,,,,
97,4105,0.94,******,,,,,,,,,,,,,,,,,
98,4166,0.95,******,,,,,,,,,,,,,,,,,
99,4301,0.98,******,,,,,,,,,,,,,,,,,
100,4389,1,******,,,,,,,,,,,,,,,,,
101,4248,0.97,******,,,,,,,,,,,,,,,,,
102,4230,0.97,******,,,,,,,,,,,,,,,,,
103,4486,1.02,******,,,,,,,,,,,,,,,,,
104,4363,1,******,,,,,,,,,,,,,,,,,
105,4494,1.03,******,,,,,,,,,,,,,,,,,
106,4545,1.04,******,,,,,,,,,,,,,,,,,
107,4570,1.04,******,,,,,,,,,,,,,,,,,
108,4706,1.07,******,,,,,,,,,,,,,,,,,
109,4648,1.06,******,,,,,,,,,,,,,,,,,
110,4715,1.08,******,,,,,,,,,,,,,,,,,
111,4737,1.08,******,,,,,,,,,,,,,,,,,
112,4698,1.07,******,,,,,,,,,,,,,,,,,
113,4629,1.06,******,,,,,,,,,,,,,,,,,
114,4607,1.05,******,,,,,,,,,,,,,,,,,
115,4700,1.07,******,,,,,,,,,,,,,,,,,
116,4606,1.05,******,,,,,,,,,,,,,,,,,
117,4805,1.1,*******,,,,,,,,,,,,,,,,,
118,4766,1.09,*******,,,,,,,,,,,,,,,,,
119,4743,1.08,******,,,,,,,,,,,,,,,,,
120,4838,1.1,*******,,,,,,,,,,,,,,,,,
121,4833,1.1,*******,,,,,,,,,,,,,,,,,
122,4650,1.06,******,,,,,,,,,,,,,,,,,
123,4657,1.06,******,,,,,,,,,,,,,,,,,
124,4714,1.08,******,,,,,,,,,,,,,,,,,
125,4738,1.08,******,,,,,,,,,,,,,,,,,
126,4786,1.09,*******,,,,,,,,,,,,,,,,,
127,4704,1.07,******,,,,,,,,,,,,,,,,,
128,4633,1.06,******,,,,,,,,,,,,,,,,,
129,4765,1.09,*******,,,,,,,,,,,,,,,,,
130,4654,1.06,******,,,,,,,,,,,,,,,,,
131,4561,1.04,******,,,,,,,,,,,,,,,,,
132,4616,1.05,******,,,,,,,,,,,,,,,,,
133,4639,1.06,******,,,,,,,,,,,,,,,,,
134,4467,1.02,******,,,,,,,,,,,,,,,,,
135,4475,1.02,******,,,,,,,,,,,,,,,,,
136,4304,0.98,******,,,,,,,,,,,,,,,,,
137,4298,0.98,******,,,,,,,,,,,,,,,,,
138,4332,0.99,******,,,,,,,,,,,,,,,,,
139,4310,0.98,******,,,,,,,,,,,,,,,,,
140,4189,0.96,******,,,,,,,,,,,,,,,,,
141,4218,0.96,******,,,,,,,,,,,,,,,,,
142,4091,0.93,******,,,,,,,,,,,,,,,,,
143,3954,0.9,*****,,,,,,,,,,,,,,,,,
144,3967,0.91,*****,,,,,,,,,,,,,,,,,
145,3979,0.91,*****,,,,,,,,,,,,,,,,,
146,3960,0.9,*****,,,,,,,,,,,,,,,,,
147,3741,0.85,*****,,,,,,,,,,,,,,,,,
148,3849,0.88,*****,,,,,,,,,,,,,,,,,
149,3611,0.82,*****,,,,,,,,,,,,,,,,,
150,3494,0.8,*****,,,,,,,,,,,,,,,,,
151,3492,0.8,*****,,,,,,,,,,,,,,,,,
152,3420,0.78,*****,,,,,,,,,,,,,,,,,
153,3313,0.76,*****,,,,,,,,,,,,,,,,,
154,3367,0.77,*****,,,,,,,,,,,,,,,,,
155,3254,0.74,****,,,,,,,,,,,,,,,,,
156,3110,0.71,****,,,,,,,,,,,,,,,,,
157,3109,0.71,****,,,,,,,,,,,,,,,,,
158,2884,0.66,****,,,,,,,,,,,,,,,,,
159,2855,0.65,****,,,,,,,,,,,,,,,,,
160,2689,0.61,****,,,,,,,,,,,,,,,,,
161,2723,0.62,****,,,,,,,,,,,,,,,,,
162,2536,0.58,***,,,,,,,,,,,,,,,,,
163,2381,0.54,***,,,,,,,,,,,,,,,,,
164,2460,0.56,***,,,,,,,,,,,,,,,,,
165,2218,0.51,***,,,,,,,,,,,,,,,,,
166,2218,0.51,***,,,,,,,,,,,,,,,,,
167,2042,0.47,***,,,,,,,,,,,,,,,,,
168,2049,0.47,***,,,,,,,,,,,,,,,,,
169,1902,0.43,***,,,,,,,,,,,,,,,,,
170,1756,0.4,**,,,,,,,,,,,,,,,,,
171,1715,0.39,**,,,,,,,,,,,,,,,,,
172,1545,0.35,**,,,,,,,,,,,,,,,,,
173,1547,0.35,**,,,,,,,,,,,,,,,,,
174,1318,0.3,**,,,,,,,,,,,,,,,,,
175,1357,0.31,**,,,,,,,,,,,,,,,,,
176,1203,0.27,**,,,,,,,,,,,,,,,,,
177,1091,0.25,*,,,,,,,,,,,,,,,,,
178,1091,0.25,*,,,,,,,,,,,,,,,,,
179,918,0.21,*,,,,,,,,,,,,,,,,,
180,914,0.21,*,,,,,,,,,,,,,,,,,
181,895,0.2,*,,,,,,,,,,,,,,,,,
182,654,0.15,*,,,,,,,,,,,,,,,,,
183,699,0.16,*,,,,,,,,,,,,,,,,,
184,580,0.13,*,,,,,,,,,,,,,,,,,
185,545,0.12,*,,,,,,,,,,,,,,,,,
186,483,0.11,*,,,,,,,,,,,,,,,,,
187,352,0.08,,,,,,,,,,,,,,,,,,
188,535,0.12,*,,,,,,,,,,,,,,,,,
189,232,0.05,,,,,,,,,,,,,,,,,,
190,267,0.06,,,,,,,,,,,,,,,,,,
191,144,0.03,,,,,,,,,,,,,,,,,,
192,206,0.05,,,,,,,,,,,,,,,,,,
193,240,0.05,,,,,,,,,,,,,,,,,,
194,42,0.01,,,,,,,,,,,,,,,,,,
195,212,0.05,,,,,,,,,,,,,,,,,,
196,47,0.01,,,,,,,,,,,,,,,,,,
197,50,0.01,,,,,,,,,,,,,,,,,,
198,5,0,,,,,,,,,,,,,,,,,,
199,0,0,,,,,,,,,,,,,,,,,,
200,113,0.03,,,,,,,,,,,,,,,,,,
óﬂòaÇWîNìx â»ñ⁄ï ê¨ê—ï™ïzê}Åiñ{ééå±Åj,,,,,,,,,,,,,,,,,,,,
â»ñ⁄ñº,ñûì_,ç≈çÇì_,ç≈í·ì_,ïΩãœì_,ïWèÄïŒç∑,éÛå±é“êî,ìæì_ó¶,ÇTï™ílÇeÇP,ÇTï™ílÇeÇQ,ÇTï™ílÇeÇR,ÇTï™ílÇeÇS,ÇPíiäK,ÇQíiäK,ÇRíiäK,ÇSíiäK,ÇTíiäK,ÇUíiäK,ÇVíiäK,ÇWíiäK,ÇXíiäK
çëåÍ,200,200,0,116.37,32.87,438156,0.5819,86,107,126,146,0Å`58,59Å`73,74Å`89,90Å`107,108Å`125,126Å`142,143Å`157,158Å`170,171Å`200
ì_êî,êlêî,î‰ó¶ÅiÅìÅj,,,,,,,,,,,,,,,,,,
ÇPíiäK,17374,3.965254,,,,,,,,,,,,,,,,,,
0,23,0.01,,,,,,,,,,,,,,,,,,
1,0,0,,,,,,,,,,,,,,,,,,
2,1,0,,,,,,,,,,,,,,,,,,
3,0,0,,,,,,,,,,,,,,,,,,
4,4,0,,,,,,,,,,,,,,,,,,
5,0,0,,,,,,,,,,,,,,,,,,
6,7,0,,,,,,,,,,,,,,,,,,
7,2,0,,,,,,,,,,,,,,,,,,
8,7,0,,,,,,,,,,,,,,,,,,
9,0,0,,,,,,,,,,,,,,,,,,
10,7,0,,,,,,,,,,,,,,,,,,
11,7,0,,,,,,,,,,,,,,,,,,
12,4,0,,,,,,,,,,,,,,,,,,
13,6,0,,,,,,,,,,,,,,,,,,
14,6,0,,,,,,,,,,,,,,,,,,
15,25,0.01,,,,,,,,,,,,,,,,,,
16,10,0,,,,,,,,,,,,,,,,,,
17,20,0,,,,,,,,,,,,,,,,,,
18,27,0.01,,,,,,,,,,,,,,,,,,
19,25,0.01,,,,,,,,,,,,,,,,,,
20,31,0.01,,,,,,,,,,,,,,,,,,
21,31,0.01,,,,,,,,,,,,,,,,,,
22,43,0.01,,,,,,,,,,,,,,,,,,
23,38,0.01,,,,,,,,,,,,,,,,,,
24,51,0.01,,,,,,,,,,,,,,,,,,
25,53,0.01,,,,,,,,,,,,,,,,,,
26,69,0.02,,,,,,,,,,,,,,,,,,
27,82,0.02,,,,,,,,,,,,,,,,,,
28,89,0.02,,,,,,,,,,,,,,,,,,
29,110,0.03,,,,,,,,,,,,,,,,,,
30,124,0.03,,,,,,,,,,,,,,,,,,
31,154,0.04,,,,,,,,,,,,,,,,,,
32,146,0.03,,,,,,,,,,,,,,,,,,
33,162,0.04,,,,,,,,,,,,,,,,,,
34,185,0.04,,,,,,,,,,,,,,,,,,
35,220,0.05,,,,,,,,,,,,,,,,,,
36,231,0.05,,,,,,,,,,,,,,,,,,
37,251,0.06,,,,,,,,,,,,,,,,,,
38,242,0.06,,,,,,,,,,,,,,,,,,
39,306,0.07,,,,,,,,,,,,,,,,,,
40,353,0.08,,,,,,,,,,,,,,,,,,
41,353,0.08,,,,,,,,,,,,,,,,,,
42,406,0.09,*,,,,,,,,,,,,,,,,,
43,470,0.11,*,,,,,,,,,,,,,,,,,
44,495,0.11,*,,,,,,,,,,,,,,,,,
45,541,0.12,*,,,,,,,,,,,,,,,,,
46,548,0.13,*,,,,,,,,,,,,,,,,,
47,609,0.14,*,,,,,,,,,,,,,,,,,
48,643,0.15,*,,,,,,,,,,,,,,,,,
49,762,0.17,*,,,,,,,,,,,,,,,,,
50,807,0.18,*,,,,,,,,,,,,,,,,,
51,857,0.2,*,,,,,,,,,,,,,,,,,
52,937,0.21,*,,,,,,,,,,,,,,,,,
53,931,0.21,*,,,,,,,,,,,,,,,,,
54,1027,0.23,*,,,,,,,,,,,,,,,,,
55,1103,0.25,**,,,,,,,,,,,,,,,,,
56,1162,0.27,**,,,,,,,,,,,,,,,,,
57,1268,0.29,**,,,,,,,,,,,,,,,,,
58,1303,0.3,**,,,,,,,,,,,,,,,,,
ÇQíiäK,29391,6.707884,,,,,,,,,,,,,,,,,,
59,1364,0.31,**,,,,,,,,,,,,,,,,,
60,1485,0.34,**,,,,,,,,,,,,,,,,,
61,1510,0.34,**,,,,,,,,,,,,,,,,,
62,1619,0.37,**,,,,,,,,,,,,,,,,,
63,1756,0.4,**,,,,,,,,,,,,,,,,,
64,1837,0.42,***,,,,,,,,,,,,,,,,,
65,1934,0.44,***,,,,,,,,,,,,,,,,,
66,1913,0.44,***,,,,,,,,,,,,,,,,,
67,2063,0.47,***,,,,,,,,,,,,,,,,,
68,2143,0.49,***,,,,,,,,,,,,,,,,,
69,2106,0.48,***,,,,,,,,,,,,,,,,,
70,2267,0.52,***,,,,,,,,,,,,,,,,,
71,2309,0.53,***,,,,,,,,,,,,,,,,,
72,2480,0.57,***,,,,,,,,,,,,,,,,,
73,2605,0.59,****,,,,,,,,,,,,,,,,,
ÇRíiäK,51606,11.777996,,,,,,,,,,,,,,,,,,
74,2693,0.61,****,,,,,,,,,,,,,,,,,
75,2697,0.62,****,,,,,,,,,,,,,,,,,
76,2743,0.63,****,,,,,,,,,,,,,,,,,
77,2814,0.64,****,,,,,,,,,,,,,,,,,
78,2985,0.68,****,,,,,,,,,,,,,,,,,
79,3127,0.71,****,,,,,,,,,,,,,,,,,
80,3092,0.71,****,,,,,,,,,,,,,,,,,
81,3211,0.73,****,,,,,,,,,,,,,,,,,
82,3308,0.75,*****,,,,,,,,,,,,,,,,,
83,3368,0.77,*****,,,,,,,,,,,,,,,,,
84,3534,0.81,*****,,,,,,,,,,,,,,,,,
85,3438,0.78,*****,,,,,,,,,,,,,,,,,
86,3551,0.81,*****,,,,,,,,,,,,,,,,,
87,3597,0.82,*****,,,,,,,,,,,,,,,,,
88,3606,0.82,*****,,,,,,,,,,,,,,,,,
89,3842,0.88,*****,,,,,,,,,,,,,,,,,
ÇSíiäK,75620,17.258693,,,,,,,,,,,,,,,,,,
90,3758,0.86,*****,,,,,,,,,,,,,,,,,
91,3834,0.88,*****,,,,,,,,,,,,,,,,,
92,3905,0.89,*****,,,,,,,,,,,,,,,,,
93,3875,0.88,*****,,,,,,,,,,,,,,,,,
94,4066,0.93,******,,,,,,,,,,,,,,,,,
95,4068,0.93,******,,,,,,,,,,,,,,,,,
96,4217,0.96,******,,,,,,,,,,,,,,,,,
97,4105,0.94,******,,,,,,,,,,,,,,,,,
98,4166,0.95,******,,,,,,,,,,,,,,,,,
99,4301,0.98,******,,,,,,,,,,,,,,,,,
100,4389,1,******,,,,,,,,,,,,,,,,,
101,4248,0.97,******,,,,,,,,,,,,,,,,,
102,4230,0.97,******,,,,,,,,,,,,,,,,,
103,4486,1.02,******,,,,,,,,,,,,,,,,,
104,4363,1,******,,,,,,,,,,,,,,,,,
105,4494,1.03,******,,,,,,,,,,,,,,,,,
106,4545,1.04,******,,,,,,,,,,,,,,,,,
107,4570,1.04,******,,,,,,,,,,,,,,,,,
ÇTíiäK,84790,19.351555,,,,,,,,,,,,,,,,,,
108,4706,1.07,******,,,,,,,,,,,,,,,,,
109,4648,1.06,******,,,,,,,,,,,,,,,,,
110,4715,1.08,******,,,,,,,,,,,,,,,,,
111,4737,1.08,******,,,,,,,,,,,,,,,,,
112,4698,1.07,******,,,,,,,,,,,,,,,,,
113,4629,1.06,******,,,,,,,,,,,,,,,,,
114,4607,1.05,******,,,,,,,,,,,,,,,,,
115,4700,1.07,******,,,,,,,,,,,,,,,,,
116,4606,1.05,******,,,,,,,,,,,,,,,,,
117,4805,1.1,*******,,,,,,,,,,,,,,,,,
118,4766,1.09,*******,,,,,,,,,,,,,,,,,
119,4743,1.08,******,,,,,,,,,,,,,,,,,
120,4838,1.1,*******,,,,,,,,,,,,,,,,,
121,4833,1.1,*******,,,,,,,,,,,,,,,,,
122,4650,1.06,******,,,,,,,,,,,,,,,,,
123,4657,1.06,******,,,,,,,,,,,,,,,,,
124,4714,1.08,******,,,,,,,,,,,,,,,,,
125,4738,1.08,******,,,,,,,,,,,,,,,,,
ÇUíiäK,76042,17.355005,,,,,,,,,,,,,,,,,,
126,4786,1.09,*******,,,,,,,,,,,,,,,,,
127,4704,1.07,******,,,,,,,,,,,,,,,,,
128,4633,1.06,******,,,,,,,,,,,,,,,,,
129,4765,1.09,*******,,,,,,,,,,,,,,,,,
130,4654,1.06,******,,,,,,,,,,,,,,,,,
131,4561,1.04,******,,,,,,,,,,,,,,,,,
132,4616,1.05,******,,,,,,,,,,,,,,,,,
133,4639,1.06,******,,,,,,,,,,,,,,,,,
134,4467,1.02,******,,,,,,,,,,,,,,,,,
135,4475,1.02,******,,,,,,,,,,,,,,,,,
136,4304,0.98,******,,,,,,,,,,,,,,,,,
137,4298,0.98,******,,,,,,,,,,,,,,,,,
138,4332,0.99,******,,,,,,,,,,,,,,,,,
139,4310,0.98,******,,,,,,,,,,,,,,,,,
140,4189,0.96,******,,,,,,,,,,,,,,,,,
141,4218,0.96,******,,,,,,,,,,,,,,,,,
142,4091,0.93,******,,,,,,,,,,,,,,,,,
ÇVíiäK,53620,12.23765,,,,,,,,,,,,,,,,,,
143,3954,0.9,*****,,,,,,,,,,,,,,,,,
144,3967,0.91,*****,,,,,,,,,,,,,,,,,
145,3979,0.91,*****,,,,,,,,,,,,,,,,,
146,3960,0.9,*****,,,,,,,,,,,,,,,,,
147,3741,0.85,*****,,,,,,,,,,,,,,,,,
148,3849,0.88,*****,,,,,,,,,,,,,,,,,
149,3611,0.82,*****,,,,,,,,,,,,,,,,,
150,3494,0.8,*****,,,,,,,,,,,,,,,,,
151,3492,0.8,*****,,,,,,,,,,,,,,,,,
152,3420,0.78,*****,,,,,,,,,,,,,,,,,
153,3313,0.76,*****,,,,,,,,,,,,,,,,,
154,3367,0.77,*****,,,,,,,,,,,,,,,,,
155,3254,0.74,****,,,,,,,,,,,,,,,,,
156,3110,0.71,****,,,,,,,,,,,,,,,,,
157,3109,0.71,****,,,,,,,,,,,,,,,,,
ÇWíiäK,30713,7.009603,,,,,,,,,,,,,,,,,,
158,2884,0.66,****,,,,,,,,,,,,,,,,,
159,2855,0.65,****,,,,,,,,,,,,,,,,,
160,2689,0.61,****,,,,,,,,,,,,,,,,,
161,2723,0.62,****,,,,,,,,,,,,,,,,,
162,2536,0.58,***,,,,,,,,,,,,,,,,,
163,2381,0.54,***,,,,,,,,,,,,,,,,,
164,2460,0.56,***,,,,,,,,,,,,,,,,,
165,2218,0.51,***,,,,,,,,,,,,,,,,,
166,2218,0.51,***,,,,,,,,,,,,,,,,,
167,2042,0.47,***,,,,,,,,,,,,,,,,,
168,2049,0.47,***,,,,,,,,,,,,,,,,,
169,1902,0.43,***,,,,,,,,,,,,,,,,,
170,1756,0.4,**,,,,,,,,,,,,,,,,,
ÇXíiäK,19000,4.336355,,,,,,,,,,,,,,,,,,
171,1715,0.39,**,,,,,,,,,,,,,,,,,
172,1545,0.35,**,,,,,,,,,,,,,,,,,
173,1547,0.35,**,,,,,,,,,,,,,,,,,
174,1318,0.3,**,,,,,,,,,,,,,,,,,
175,1357,0.31,**,,,,,,,,,,,,,,,,,
176,1203,0.27,**,,,,,,,,,,,,,,,,,
177,1091,0.25,*,,,,,,,,,,,,,,,,,
178,1091,0.25,*,,,,,,,,,,,,,,,,,
179,918,0.21,*,,,,,,,,,,,,,,,,,
180,914,0.21,*,,,,,,,,,,,,,,,,,
181,895,0.2,*,,,,,,,,,,,,,,,,,
182,654,0.15,*,,,,,,,,,,,,,,,,,
183,699,0.16,*,,,,,,,,,,,,,,,,,
184,580,0.13,*,,,,,,,,,,,,,,,,,
185,545,0.12,*,,,,,,,,,,,,,,,,,
186,483,0.11,*,,,,,,,,,,,,,,,,,
187,352,0.08,,,,,,,,,,,,,,,,,,
188,535,0.12,*,,,,,,,,,,,,,,,,,
189,232,0.05,,,,,,,,,,,,,,,,,,
190,267,0.06,,,,,,,,,,,,,,,,,,
191,144,0.03,,,,,,,,,,,,,,,,,,
192,206,0.05,,,,,,,,,,,,,,,,,,
193,240,0.05,,,,,,,,,,,,,,,,,,
194,42,0.01,,,,,,,,,,,,,,,,,,
195,212,0.05,,,,,,,,,,,,,,,,,,
196,47,0.01,,,,,,,,,,,,,,,,,,
197,50,0.01,,,,,,,,,,,,,,,,,,
198,5,0,,,,,,,,,,,,,,,,,,
199,0,0,,,,,,,,,,,,,,,,,,
200,113,0.03,,,,,,,,,,,,,,,,,,
óﬂòaÇWîNìx ã≥â»ï ê¨ê—ï™ïzê}Åiñ{ééå±Åj,,,,,,,,,,,,,,,,,,,,
ã≥â»ñº,ñûì_,ç≈çÇì_,ç≈í·ì_,ïΩãœì_,ïWèÄïŒç∑,éÛå±é“êî,ìæì_ó¶,ÇTï™ílÇeÇP,ÇTï™ílÇeÇQ,ÇTï™ílÇeÇR,ÇTï™ílÇeÇS,,,,,,,,,
ínóùóéj,100,100,0,61.8,17.08,346378,0.618,46,57,67,77,,,,,,,,,
ì_êî,êlêî,î‰ó¶ÅiÅìÅj,,,,,,,,,,,,,,,,,,
0,72,0.02,,,,,,,,,,,,,,,,,,
1,0,0,,,,,,,,,,,,,,,,,,
2,0,0,,,,,,,,,,,,,,,,,,
3,11,0,,,,,,,,,,,,,,,,,,
4,2,0,,,,,,,,,,,,,,,,,,
5,0,0,,,,,,,,,,,,,,,,,,
6,31,0.01,,,,,,,,,,,,,,,,,,
7,16,0,,,,,,,,,,,,,,,,,,
8,0,0,,,,,,,,,,,,,,,,,,
9,64,0.02,,,,,,,,,,,,,,,,,,
10,54,0.02,,,,,,,,,,,,,,,,,,
11,13,0,,,,,,,,,,,,,,,,,,
12,129,0.04,,,,,,,,,,,,,,,,,,
13,128,0.04,,,,,,,,,,,,,,,,,,
14,72,0.02,,,,,,,,,,,,,,,,,,
15,281,0.08,,,,,,,,,,,,,,,,,,
16,227,0.07,,,,,,,,,,,,,,,,,,
17,149,0.04,,,,,,,,,,,,,,,,,,
18,451,0.13,*,,,,,,,,,,,,,,,,,
19,396,0.11,*,,,,,,,,,,,,,,,,,
20,317,0.09,*,,,,,,,,,,,,,,,,,
21,778,0.22,*,,,,,,,,,,,,,,,,,
22,649,0.19,*,,,,,,,,,,,,,,,,,
23,542,0.16,*,,,,,,,,,,,,,,,,,
24,1147,0.33,**,,,,,,,,,,,,,,,,,
25,1005,0.29,**,,,,,,,,,,,,,,,,,
26,786,0.23,*,,,,,,,,,,,,,,,,,
27,1729,0.5,***,,,,,,,,,,,,,,,,,
28,1440,0.42,**,,,,,,,,,,,,,,,,,
29,954,0.28,**,,,,,,,,,,,,,,,,,
30,2312,0.67,****,,,,,,,,,,,,,,,,,
31,2251,0.65,****,,,,,,,,,,,,,,,,,
32,1245,0.36,**,,,,,,,,,,,,,,,,,
33,2827,0.82,*****,,,,,,,,,,,,,,,,,
34,3171,0.92,*****,,,,,,,,,,,,,,,,,
35,1581,0.46,***,,,,,,,,,,,,,,,,,
36,3304,0.95,******,,,,,,,,,,,,,,,,,
37,4191,1.21,*******,,,,,,,,,,,,,,,,,
38,1984,0.57,***,,,,,,,,,,,,,,,,,
39,3635,1.05,******,,,,,,,,,,,,,,,,,
40,5310,1.53,*********,,,,,,,,,,,,,,,,,
41,2473,0.71,****,,,,,,,,,,,,,,,,,
42,4075,1.18,*******,,,,,,,,,,,,,,,,,
43,6374,1.84,***********,,,,,,,,,,,,,,,,,
44,3100,0.89,*****,,,,,,,,,,,,,,,,,
45,4454,1.29,********,,,,,,,,,,,,,,,,,
46,7117,2.05,************,,,,,,,,,,,,,,,,,
47,3569,1.03,******,,,,,,,,,,,,,,,,,
48,4847,1.4,********,,,,,,,,,,,,,,,,,
49,7997,2.31,**************,,,,,,,,,,,,,,,,,
50,4128,1.19,*******,,,,,,,,,,,,,,,,,
51,5240,1.51,*********,,,,,,,,,,,,,,,,,
52,8604,2.48,***************,,,,,,,,,,,,,,,,,
53,4367,1.26,********,,,,,,,,,,,,,,,,,
54,5657,1.63,**********,,,,,,,,,,,,,,,,,
55,8905,2.57,***************,,,,,,,,,,,,,,,,,
56,4553,1.31,********,,,,,,,,,,,,,,,,,
57,6169,1.78,***********,,,,,,,,,,,,,,,,,
58,9394,2.71,****************,,,,,,,,,,,,,,,,,
59,4550,1.31,********,,,,,,,,,,,,,,,,,
60,6712,1.94,************,,,,,,,,,,,,,,,,,
61,9637,2.78,*****************,,,,,,,,,,,,,,,,,
62,4543,1.31,********,,,,,,,,,,,,,,,,,
63,6950,2.01,************,,,,,,,,,,,,,,,,,
64,9939,2.87,*****************,,,,,,,,,,,,,,,,,
65,4329,1.25,*******,,,,,,,,,,,,,,,,,
66,7144,2.06,************,,,,,,,,,,,,,,,,,
67,10670,3.08,******************,,,,,,,,,,,,,,,,,
68,4366,1.26,********,,,,,,,,,,,,,,,,,
69,7021,2.03,************,,,,,,,,,,,,,,,,,
70,10904,3.15,*******************,,,,,,,,,,,,,,,,,
71,4175,1.21,*******,,,,,,,,,,,,,,,,,
72,6378,1.84,***********,,,,,,,,,,,,,,,,,
73,11001,3.18,*******************,,,,,,,,,,,,,,,,,
74,4311,1.24,*******,,,,,,,,,,,,,,,,,
75,5554,1.6,**********,,,,,,,,,,,,,,,,,
76,10642,3.07,******************,,,,,,,,,,,,,,,,,
77,4200,1.21,*******,,,,,,,,,,,,,,,,,
78,4842,1.4,********,,,,,,,,,,,,,,,,,
79,9891,2.86,*****************,,,,,,,,,,,,,,,,,
80,3992,1.15,*******,,,,,,,,,,,,,,,,,
81,4012,1.16,*******,,,,,,,,,,,,,,,,,
82,8434,2.43,***************,,,,,,,,,,,,,,,,,
83,3055,0.88,*****,,,,,,,,,,,,,,,,,
84,3247,0.94,******,,,,,,,,,,,,,,,,,
85,7209,2.08,************,,,,,,,,,,,,,,,,,
86,1940,0.56,***,,,,,,,,,,,,,,,,,
87,2568,0.74,****,,,,,,,,,,,,,,,,,
88,5992,1.73,**********,,,,,,,,,,,,,,,,,
89,797,0.23,*,,,,,,,,,,,,,,,,,
90,1507,0.44,***,,,,,,,,,,,,,,,,,
91,4870,1.41,********,,,,,,,,,,,,,,,,,
92,154,0.04,,,,,,,,,,,,,,,,,,
93,625,0.18,*,,,,,,,,,,,,,,,,,
94,3376,0.97,******,,,,,,,,,,,,,,,,,
95,0,0,,,,,,,,,,,,,,,,,,
96,121,0.03,,,,,,,,,,,,,,,,,,
97,1855,0.54,***,,,,,,,,,,,,,,,,,
98,0,0,,,,,,,,,,,,,,,,,,
99,0,0,,,,,,,,,,,,,,,,,,
100,588,0.17,*,,,,,,,,,,,,,,,,,
óﬂòaÇWîNìx â»ñ⁄ï ê¨ê—ï™ïzê}Åiñ{ééå±Åj,,,,,,,,,,,,,,,,,,,,
â»ñ⁄ñº,ñûì_,ç≈çÇì_,ç≈í·ì_,ïΩãœì_,ïWèÄïŒç∑,éÛå±é“êî,ìæì_ó¶,ÇTï™ílÇeÇP,ÇTï™ílÇeÇQ,ÇTï™ílÇeÇR,ÇTï™ílÇeÇS,ÇPíiäK,ÇQíiäK,ÇRíiäK,ÇSíiäK,ÇTíiäK,ÇUíiäK,ÇVíiäK,ÇWíiäK,ÇXíiäK
ínóùëççáÅCínóùíTãÜ,100,100,0,61.87,16.14,143237,0.6187,47,59,68,76,0Å`29,30Å`39,40Å`49,50Å`58,59Å`67,68Å`74,75Å`80,81Å`85,86Å`100
ì_êî,êlêî,î‰ó¶ÅiÅìÅj,,,,,,,,,,,,,,,,,,
ÇPíiäK,4962,3.464188,,,,,,,,,,,,,,,,,,
0,27,0.02,,,,,,,,,,,,,,,,,,
1,0,0,,,,,,,,,,,,,,,,,,
2,0,0,,,,,,,,,,,,,,,,,,
3,4,0,,,,,,,,,,,,,,,,,,
4,1,0,,,,,,,,,,,,,,,,,,
5,0,0,,,,,,,,,,,,,,,,,,
6,10,0.01,,,,,,,,,,,,,,,,,,
7,12,0.01,,,,,,,,,,,,,,,,,,
8,0,0,,,,,,,,,,,,,,,,,,
9,18,0.01,,,,,,,,,,,,,,,,,,
10,31,0.02,,,,,,,,,,,,,,,,,,
11,13,0.01,,,,,,,,,,,,,,,,,,
12,33,0.02,,,,,,,,,,,,,,,,,,
13,87,0.06,,,,,,,,,,,,,,,,,,
14,68,0.05,,,,,,,,,,,,,,,,,,
15,94,0.07,,,,,,,,,,,,,,,,,,
16,140,0.1,*,,,,,,,,,,,,,,,,,
17,127,0.09,*,,,,,,,,,,,,,,,,,
18,93,0.06,,,,,,,,,,,,,,,,,,
19,183,0.13,*,,,,,,,,,,,,,,,,,
20,258,0.18,*,,,,,,,,,,,,,,,,,
21,215,0.15,*,,,,,,,,,,,,,,,,,
22,267,0.19,*,,,,,,,,,,,,,,,,,
23,418,0.29,**,,,,,,,,,,,,,,,,,
24,350,0.24,*,,,,,,,,,,,,,,,,,
25,320,0.22,*,,,,,,,,,,,,,,,,,
26,550,0.38,**,,,,,,,,,,,,,,,,,
27,589,0.41,**,,,,,,,,,,,,,,,,,
28,445,0.31,**,,,,,,,,,,,,,,,,,
29,609,0.43,***,,,,,,,,,,,,,,,,,
ÇQíiäK,9967,6.958397,,,,,,,,,,,,,,,,,,
30,833,0.58,***,,,,,,,,,,,,,,,,,
31,707,0.49,***,,,,,,,,,,,,,,,,,
32,727,0.51,***,,,,,,,,,,,,,,,,,
33,1018,0.71,****,,,,,,,,,,,,,,,,,
34,1023,0.71,****,,,,,,,,,,,,,,,,,
35,839,0.59,****,,,,,,,,,,,,,,,,,
36,1179,0.82,*****,,,,,,,,,,,,,,,,,
37,1268,0.89,*****,,,,,,,,,,,,,,,,,
38,1073,0.75,****,,,,,,,,,,,,,,,,,
39,1300,0.91,*****,,,,,,,,,,,,,,,,,
ÇRíiäK,17213,12.017146,,,,,,,,,,,,,,,,,,
40,1535,1.07,******,,,,,,,,,,,,,,,,,
41,1382,0.96,******,,,,,,,,,,,,,,,,,
42,1368,0.96,******,,,,,,,,,,,,,,,,,
43,1793,1.25,********,,,,,,,,,,,,,,,,,
44,1788,1.25,*******,,,,,,,,,,,,,,,,,
45,1559,1.09,*******,,,,,,,,,,,,,,,,,
46,1898,1.33,********,,,,,,,,,,,,,,,,,
47,2118,1.48,*********,,,,,,,,,,,,,,,,,
48,1788,1.25,*******,,,,,,,,,,,,,,,,,
49,1984,1.39,********,,,,,,,,,,,,,,,,,
ÇSíiäK,22534,15.731968,,,,,,,,,,,,,,,,,,
50,2484,1.73,**********,,,,,,,,,,,,,,,,,
51,2146,1.5,*********,,,,,,,,,,,,,,,,,
52,2146,1.5,*********,,,,,,,,,,,,,,,,,
53,2710,1.89,***********,,,,,,,,,,,,,,,,,
54,2453,1.71,**********,,,,,,,,,,,,,,,,,
55,2292,1.6,**********,,,,,,,,,,,,,,,,,
56,2860,2,************,,,,,,,,,,,,,,,,,
57,3031,2.12,*************,,,,,,,,,,,,,,,,,
58,2412,1.68,**********,,,,,,,,,,,,,,,,,
ÇTíiäK,29607,20.669938,,,,,,,,,,,,,,,,,,
59,2923,2.04,************,,,,,,,,,,,,,,,,,
60,3414,2.38,**************,,,,,,,,,,,,,,,,,
61,2803,1.96,************,,,,,,,,,,,,,,,,,
62,2855,1.99,************,,,,,,,,,,,,,,,,,
63,3646,2.55,***************,,,,,,,,,,,,,,,,,
64,3434,2.4,**************,,,,,,,,,,,,,,,,,
65,2734,1.91,***********,,,,,,,,,,,,,,,,,
66,3846,2.69,****************,,,,,,,,,,,,,,,,,
67,3952,2.76,*****************,,,,,,,,,,,,,,,,,
ÇUíiäK,24572,17.154785,,,,,,,,,,,,,,,,,,
68,2912,2.03,************,,,,,,,,,,,,,,,,,
69,3582,2.5,***************,,,,,,,,,,,,,,,,,
70,4262,2.98,******************,,,,,,,,,,,,,,,,,
71,2997,2.09,*************,,,,,,,,,,,,,,,,,
72,3065,2.14,*************,,,,,,,,,,,,,,,,,
73,4408,3.08,******************,,,,,,,,,,,,,,,,,
74,3346,2.34,**************,,,,,,,,,,,,,,,,,
ÇVíiäK,18652,13.021775,,,,,,,,,,,,,,,,,,
75,2406,1.68,**********,,,,,,,,,,,,,,,,,
76,3958,2.76,*****************,,,,,,,,,,,,,,,,,
77,3588,2.5,***************,,,,,,,,,,,,,,,,,
78,2072,1.45,*********,,,,,,,,,,,,,,,,,
79,3012,2.1,*************,,,,,,,,,,,,,,,,,
80,3616,2.52,***************,,,,,,,,,,,,,,,,,
ÇWíiäK,8810,6.150645,,,,,,,,,,,,,,,,,,
81,1771,1.24,*******,,,,,,,,,,,,,,,,,
82,1707,1.19,*******,,,,,,,,,,,,,,,,,
83,2877,2.01,************,,,,,,,,,,,,,,,,,
84,1652,1.15,*******,,,,,,,,,,,,,,,,,
85,803,0.56,***,,,,,,,,,,,,,,,,,
ÇXíiäK,6920,4.831153,,,,,,,,,,,,,,,,,,
86,1869,1.3,********,,,,,,,,,,,,,,,,,
87,1594,1.11,*******,,,,,,,,,,,,,,,,,
88,371,0.26,**,,,,,,,,,,,,,,,,,
89,778,0.54,***,,,,,,,,,,,,,,,,,
90,1050,0.73,****,,,,,,,,,,,,,,,,,
91,251,0.18,*,,,,,,,,,,,,,,,,,
92,150,0.1,*,,,,,,,,,,,,,,,,,
93,478,0.33,**,,,,,,,,,,,,,,,,,
94,179,0.12,*,,,,,,,,,,,,,,,,,
95,0,0,,,,,,,,,,,,,,,,,,
96,93,0.06,,,,,,,,,,,,,,,,,,
97,80,0.06,,,,,,,,,,,,,,,,,,
98,0,0,,,,,,,,,,,,,,,,,,
99,0,0,,,,,,,,,,,,,,,,,,
100,27,0.02,,,,,,,,,,,,,,,,,,
óﬂòaÇWîNìx â»ñ⁄ï ê¨ê—ï™ïzê}Åiñ{ééå±Åj,,,,,,,,,,,,,,,,,,,,
â»ñ⁄ñº,ñûì_,ç≈çÇì_,ç≈í·ì_,ïΩãœì_,ïWèÄïŒç∑,éÛå±é“êî,ìæì_ó¶,ÇTï™ílÇeÇP,ÇTï™ílÇeÇQ,ÇTï™ílÇeÇR,ÇTï™ílÇeÇS,ÇPíiäK,ÇQíiäK,ÇRíiäK,ÇSíiäK,ÇTíiäK,ÇUíiäK,ÇVíiäK,ÇWíiäK,ÇXíiäK
óéjëççáÅCì˙ñ{éjíTãÜ,100,100,0,62.29,17.47,124431,0.6229,46,57,66,78,0Å`32,33Å`39,40Å`48,49Å`57,58Å`66,67Å`75,76Å`84,85Å`90,91Å`100
ì_êî,êlêî,î‰ó¶ÅiÅìÅj,,,,,,,,,,,,,,,,,,
ÇPíiäK,4651,3.737814,,,,,,,,,,,,,,,,,,
0,22,0.02,,,,,,,,,,,,,,,,,,
1,0,0,,,,,,,,,,,,,,,,,,
2,0,0,,,,,,,,,,,,,,,,,,
3,7,0.01,,,,,,,,,,,,,,,,,,
4,0,0,,,,,,,,,,,,,,,,,,
5,0,0,,,,,,,,,,,,,,,,,,
6,8,0.01,,,,,,,,,,,,,,,,,,
7,0,0,,,,,,,,,,,,,,,,,,
8,0,0,,,,,,,,,,,,,,,,,,
9,21,0.02,,,,,,,,,,,,,,,,,,
10,4,0,,,,,,,,,,,,,,,,,,
11,0,0,,,,,,,,,,,,,,,,,,
12,56,0.05,,,,,,,,,,,,,,,,,,
13,9,0.01,,,,,,,,,,,,,,,,,,
14,0,0,,,,,,,,,,,,,,,,,,
15,108,0.09,*,,,,,,,,,,,,,,,,,
16,14,0.01,,,,,,,,,,,,,,,,,,
17,0,0,,,,,,,,,,,,,,,,,,
18,205,0.16,*,,,,,,,,,,,,,,,,,
19,52,0.04,,,,,,,,,,,,,,,,,,
20,0,0,,,,,,,,,,,,,,,,,,
21,337,0.27,**,,,,,,,,,,,,,,,,,
22,107,0.09,*,,,,,,,,,,,,,,,,,
23,0,0,,,,,,,,,,,,,,,,,,
24,516,0.41,**,,,,,,,,,,,,,,,,,
25,243,0.2,*,,,,,,,,,,,,,,,,,
26,0,0,,,,,,,,,,,,,,,,,,
27,799,0.64,****,,,,,,,,,,,,,,,,,
28,405,0.33,**,,,,,,,,,,,,,,,,,
29,0,0,,,,,,,,,,,,,,,,,,
30,1004,0.81,*****,,,,,,,,,,,,,,,,,
31,734,0.59,****,,,,,,,,,,,,,,,,,
32,0,0,,,,,,,,,,,,,,,,,,
ÇQíiäK,7377,5.928586,,,,,,,,,,,,,,,,,,
33,1282,1.03,******,,,,,,,,,,,,,,,,,
34,1144,0.92,******,,,,,,,,,,,,,,,,,
35,0,0,,,,,,,,,,,,,,,,,,
36,1499,1.2,*******,,,,,,,,,,,,,,,,,
37,1787,1.44,*********,,,,,,,,,,,,,,,,,
38,0,0,,,,,,,,,,,,,,,,,,
39,1665,1.34,********,,,,,,,,,,,,,,,,,
ÇRíiäK,16047,12.896303,,,,,,,,,,,,,,,,,,
40,2550,2.05,************,,,,,,,,,,,,,,,,,
41,0,0,,,,,,,,,,,,,,,,,,
42,1941,1.56,*********,,,,,,,,,,,,,,,,,
43,3402,2.73,****************,,,,,,,,,,,,,,,,,
44,0,0,,,,,,,,,,,,,,,,,,
45,2023,1.63,**********,,,,,,,,,,,,,,,,,
46,4029,3.24,*******************,,,,,,,,,,,,,,,,,
47,0,0,,,,,,,,,,,,,,,,,,
48,2102,1.69,**********,,,,,,,,,,,,,,,,,
ÇSíiäK,21708,17.445813,,,,,,,,,,,,,,,,,,
49,4882,3.92,************************,,,,,,,,,,,,,,,,,
50,0,0,,,,,,,,,,,,,,,,,,
51,2068,1.66,**********,,,,,,,,,,,,,,,,,
52,5355,4.3,**************************,,,,,,,,,,,,,,,,,
53,0,0,,,,,,,,,,,,,,,,,,
54,2010,1.62,**********,,,,,,,,,,,,,,,,,
55,5593,4.49,***************************,,,,,,,,,,,,,,,,,
56,0,0,,,,,,,,,,,,,,,,,,
57,1800,1.45,*********,,,,,,,,,,,,,,,,,
ÇTíiäK,22047,17.718253,,,,,,,,,,,,,,,,,,
58,6001,4.82,*****************************,,,,,,,,,,,,,,,,,
59,0,0,,,,,,,,,,,,,,,,,,
60,1743,1.4,********,,,,,,,,,,,,,,,,,
61,5821,4.68,****************************,,,,,,,,,,,,,,,,,
62,0,0,,,,,,,,,,,,,,,,,,
63,1592,1.28,********,,,,,,,,,,,,,,,,,
64,5518,4.43,***************************,,,,,,,,,,,,,,,,,
65,0,0,,,,,,,,,,,,,,,,,,
66,1372,1.1,*******,,,,,,,,,,,,,,,,,
ÇUíiäK,19639,15.783044,,,,,,,,,,,,,,,,,,
67,5696,4.58,***************************,,,,,,,,,,,,,,,,,
68,0,0,,,,,,,,,,,,,,,,,,
69,1231,0.99,******,,,,,,,,,,,,,,,,,
70,5468,4.39,**************************,,,,,,,,,,,,,,,,,
71,0,0,,,,,,,,,,,,,,,,,,
72,1079,0.87,*****,,,,,,,,,,,,,,,,,
73,5291,4.25,**************************,,,,,,,,,,,,,,,,,
74,0,0,,,,,,,,,,,,,,,,,,
75,874,0.7,****,,,,,,,,,,,,,,,,,
ÇVíiäK,16502,13.261968,,,,,,,,,,,,,,,,,,
76,5076,4.08,************************,,,,,,,,,,,,,,,,,
77,0,0,,,,,,,,,,,,,,,,,,
78,723,0.58,***,,,,,,,,,,,,,,,,,
79,5027,4.04,************************,,,,,,,,,,,,,,,,,
80,0,0,,,,,,,,,,,,,,,,,,
81,504,0.41,**,,,,,,,,,,,,,,,,,
82,4781,3.84,***********************,,,,,,,,,,,,,,,,,
83,0,0,,,,,,,,,,,,,,,,,,
84,391,0.31,**,,,,,,,,,,,,,,,,,
ÇWíiäK,8758,7.038438,,,,,,,,,,,,,,,,,,
85,4433,3.56,*********************,,,,,,,,,,,,,,,,,
86,0,0,,,,,,,,,,,,,,,,,,
87,244,0.2,*,,,,,,,,,,,,,,,,,
88,3946,3.17,*******************,,,,,,,,,,,,,,,,,
89,0,0,,,,,,,,,,,,,,,,,,
90,135,0.11,*,,,,,,,,,,,,,,,,,
ÇXíiäK,7702,6.189775,,,,,,,,,,,,,,,,,,
91,3324,2.67,****************,,,,,,,,,,,,,,,,,
92,0,0,,,,,,,,,,,,,,,,,,
93,56,0.05,,,,,,,,,,,,,,,,,,
94,2434,1.96,************,,,,,,,,,,,,,,,,,
95,0,0,,,,,,,,,,,,,,,,,,
96,9,0.01,,,,,,,,,,,,,,,,,,
97,1401,1.13,*******,,,,,,,,,,,,,,,,,
98,0,0,,,,,,,,,,,,,,,,,,
99,0,0,,,,,,,,,,,,,,,,,,
100,478,0.38,**,,,,,,,,,,,,,,,,,
óﬂòaÇWîNìx â»ñ⁄ï ê¨ê—ï™ïzê}Åiñ{ééå±Åj,,,,,,,,,,,,,,,,,,,,
â»ñ⁄ñº,ñûì_,ç≈çÇì_,ç≈í·ì_,ïΩãœì_,ïWèÄïŒç∑,éÛå±é“êî,ìæì_ó¶,ÇTï™ílÇeÇP,ÇTï™ílÇeÇQ,ÇTï™ílÇeÇR,ÇTï™ílÇeÇS,ÇPíiäK,ÇQíiäK,ÇRíiäK,ÇSíiäK,ÇTíiäK,ÇUíiäK,ÇVíiäK,ÇWíiäK,ÇXíiäK
óéjëççáÅCê¢äEéjíTãÜ,100,100,0,60.88,18.04,78710,0.6088,43,56,67,77,0Å`27,28Å`36,37Å`45,46Å`56,57Å`67,68Å`75,76Å`82,83Å`87,88Å`100
ì_êî,êlêî,î‰ó¶ÅiÅìÅj,,,,,,,,,,,,,,,,,,
ÇPíiäK,2633,3.345191,,,,,,,,,,,,,,,,,,
0,23,0.03,,,,,,,,,,,,,,,,,,
1,0,0,,,,,,,,,,,,,,,,,,
2,0,0,,,,,,,,,,,,,,,,,,
3,0,0,,,,,,,,,,,,,,,,,,
4,1,0,,,,,,,,,,,,,,,,,,
5,0,0,,,,,,,,,,,,,,,,,,
6,13,0.02,,,,,,,,,,,,,,,,,,
7,4,0.01,,,,,,,,,,,,,,,,,,
8,0,0,,,,,,,,,,,,,,,,,,
9,25,0.03,,,,,,,,,,,,,,,,,,
10,19,0.02,,,,,,,,,,,,,,,,,,
11,0,0,,,,,,,,,,,,,,,,,,
12,40,0.05,,,,,,,,,,,,,,,,,,
13,32,0.04,,,,,,,,,,,,,,,,,,
14,4,0.01,,,,,,,,,,,,,,,,,,
15,79,0.1,*,,,,,,,,,,,,,,,,,
16,73,0.09,*,,,,,,,,,,,,,,,,,
17,22,0.03,,,,,,,,,,,,,,,,,,
18,153,0.19,*,,,,,,,,,,,,,,,,,
19,161,0.2,*,,,,,,,,,,,,,,,,,
20,59,0.07,,,,,,,,,,,,,,,,,,
21,226,0.29,**,,,,,,,,,,,,,,,,,
22,275,0.35,**,,,,,,,,,,,,,,,,,
23,124,0.16,*,,,,,,,,,,,,,,,,,
24,281,0.36,**,,,,,,,,,,,,,,,,,
25,442,0.56,***,,,,,,,,,,,,,,,,,
26,236,0.3,**,,,,,,,,,,,,,,,,,
27,341,0.43,***,,,,,,,,,,,,,,,,,
ÇQíiäK,5637,7.161732,,,,,,,,,,,,,,,,,,
28,590,0.75,****,,,,,,,,,,,,,,,,,
29,345,0.44,***,,,,,,,,,,,,,,,,,
30,475,0.6,****,,,,,,,,,,,,,,,,,
31,810,1.03,******,,,,,,,,,,,,,,,,,
32,518,0.66,****,,,,,,,,,,,,,,,,,
33,527,0.67,****,,,,,,,,,,,,,,,,,
34,1004,1.28,********,,,,,,,,,,,,,,,,,
35,742,0.94,******,,,,,,,,,,,,,,,,,
36,626,0.8,*****,,,,,,,,,,,,,,,,,
ÇRíiäK,9162,11.640198,,,,,,,,,,,,,,,,,,
37,1136,1.44,*********,,,,,,,,,,,,,,,,,
38,911,1.16,*******,,,,,,,,,,,,,,,,,
39,670,0.85,*****,,,,,,,,,,,,,,,,,
40,1225,1.56,*********,,,,,,,,,,,,,,,,,
41,1091,1.39,********,,,,,,,,,,,,,,,,,
42,766,0.97,******,,,,,,,,,,,,,,,,,
43,1179,1.5,*********,,,,,,,,,,,,,,,,,
44,1312,1.67,**********,,,,,,,,,,,,,,,,,
45,872,1.11,*******,,,,,,,,,,,,,,,,,
ÇSíiäK,14066,17.870664,,,,,,,,,,,,,,,,,,
46,1190,1.51,*********,,,,,,,,,,,,,,,,,
47,1451,1.84,***********,,,,,,,,,,,,,,,,,
48,957,1.22,*******,,,,,,,,,,,,,,,,,
49,1131,1.44,*********,,,,,,,,,,,,,,,,,
50,1644,2.09,*************,,,,,,,,,,,,,,,,,
51,1026,1.3,********,,,,,,,,,,,,,,,,,
52,1103,1.4,********,,,,,,,,,,,,,,,,,
53,1657,2.11,*************,,,,,,,,,,,,,,,,,
54,1194,1.52,*********,,,,,,,,,,,,,,,,,
55,1020,1.3,********,,,,,,,,,,,,,,,,,
56,1693,2.15,*************,,,,,,,,,,,,,,,,,
ÇTíiäK,15444,19.621394,,,,,,,,,,,,,,,,,,
57,1338,1.7,**********,,,,,,,,,,,,,,,,,
58,981,1.25,*******,,,,,,,,,,,,,,,,,
59,1627,2.07,************,,,,,,,,,,,,,,,,,
60,1555,1.98,************,,,,,,,,,,,,,,,,,
61,1013,1.29,********,,,,,,,,,,,,,,,,,
62,1688,2.14,*************,,,,,,,,,,,,,,,,,
63,1712,2.18,*************,,,,,,,,,,,,,,,,,
64,987,1.25,********,,,,,,,,,,,,,,,,,
65,1595,2.03,************,,,,,,,,,,,,,,,,,
66,1926,2.45,***************,,,,,,,,,,,,,,,,,
67,1022,1.3,********,,,,,,,,,,,,,,,,,
ÇUíiäK,12789,16.248253,,,,,,,,,,,,,,,,,,
68,1454,1.85,***********,,,,,,,,,,,,,,,,,
69,2208,2.81,*****************,,,,,,,,,,,,,,,,,
70,1174,1.49,*********,,,,,,,,,,,,,,,,,
71,1178,1.5,*********,,,,,,,,,,,,,,,,,
72,2234,2.84,*****************,,,,,,,,,,,,,,,,,
73,1302,1.65,**********,,,,,,,,,,,,,,,,,
74,965,1.23,*******,,,,,,,,,,,,,,,,,
75,2274,2.89,*****************,,,,,,,,,,,,,,,,,
ÇVíiäK,10178,12.931012,,,,,,,,,,,,,,,,,,
76,1608,2.04,************,,,,,,,,,,,,,,,,,
77,612,0.78,*****,,,,,,,,,,,,,,,,,
78,2047,2.6,****************,,,,,,,,,,,,,,,,,
79,1852,2.35,**************,,,,,,,,,,,,,,,,,
80,376,0.48,***,,,,,,,,,,,,,,,,,
81,1737,2.21,*************,,,,,,,,,,,,,,,,,
82,1946,2.47,***************,,,,,,,,,,,,,,,,,
ÇWíiäK,4156,5.280142,,,,,,,,,,,,,,,,,,
83,178,0.23,*,,,,,,,,,,,,,,,,,
84,1204,1.53,*********,,,,,,,,,,,,,,,,,
85,1973,2.51,***************,,,,,,,,,,,,,,,,,
86,71,0.09,*,,,,,,,,,,,,,,,,,
87,730,0.93,******,,,,,,,,,,,,,,,,,
ÇXíiäK,4645,5.90141,,,,,,,,,,,,,,,,,,
88,1675,2.13,*************,,,,,,,,,,,,,,,,,
89,19,0.02,,,,,,,,,,,,,,,,,,
90,322,0.41,**,,,,,,,,,,,,,,,,,
91,1295,1.65,**********,,,,,,,,,,,,,,,,,
92,4,0.01,,,,,,,,,,,,,,,,,,
93,91,0.12,*,,,,,,,,,,,,,,,,,
94,763,0.97,******,,,,,,,,,,,,,,,,,
95,0,0,,,,,,,,,,,,,,,,,,
96,19,0.02,,,,,,,,,,,,,,,,,,
97,374,0.48,***,,,,,,,,,,,,,,,,,
98,0,0,,,,,,,,,,,,,,,,,,
99,0,0,,,,,,,,,,,,,,,,,,
100,83,0.11,*,,,,,,,,,,,,,,,,,
óﬂòaÇWîNìx ã≥â»ï ê¨ê—ï™ïzê}Åiñ{ééå±Åj,,,,,,,,,,,,,,,,,,,,
ã≥â»ñº,ñûì_,ç≈çÇì_,ç≈í·ì_,ïΩãœì_,ïWèÄïŒç∑,éÛå±é“êî,ìæì_ó¶,ÇTï™ílÇeÇP,ÇTï™ílÇeÇQ,ÇTï™ílÇeÇR,ÇTï™ílÇeÇS,,,,,,,,,
åˆñØ,100,100,0,63.71,17.22,174203,0.6371,47,59,69,79,,,,,,,,,
ì_êî,êlêî,î‰ó¶ÅiÅìÅj,,,,,,,,,,,,,,,,,,
0,37,0.02,,,,,,,,,,,,,,,,,,
1,0,0,,,,,,,,,,,,,,,,,,
2,0,0,,,,,,,,,,,,,,,,,,
3,15,0.01,,,,,,,,,,,,,,,,,,
4,1,0,,,,,,,,,,,,,,,,,,
5,1,0,,,,,,,,,,,,,,,,,,
6,25,0.01,,,,,,,,,,,,,,,,,,
7,8,0,,,,,,,,,,,,,,,,,,
8,3,0,,,,,,,,,,,,,,,,,,
9,46,0.03,,,,,,,,,,,,,,,,,,
10,17,0.01,,,,,,,,,,,,,,,,,,
11,2,0,,,,,,,,,,,,,,,,,,
12,96,0.06,,,,,,,,,,,,,,,,,,
13,57,0.03,,,,,,,,,,,,,,,,,,
14,7,0,,,,,,,,,,,,,,,,,,
15,137,0.08,,,,,,,,,,,,,,,,,,
16,106,0.06,,,,,,,,,,,,,,,,,,
17,31,0.02,,,,,,,,,,,,,,,,,,
18,214,0.12,*,,,,,,,,,,,,,,,,,
19,192,0.11,*,,,,,,,,,,,,,,,,,
20,58,0.03,,,,,,,,,,,,,,,,,,
21,262,0.15,*,,,,,,,,,,,,,,,,,
22,341,0.2,*,,,,,,,,,,,,,,,,,
23,160,0.09,*,,,,,,,,,,,,,,,,,
24,277,0.16,*,,,,,,,,,,,,,,,,,
25,585,0.34,**,,,,,,,,,,,,,,,,,
26,313,0.18,*,,,,,,,,,,,,,,,,,
27,291,0.17,*,,,,,,,,,,,,,,,,,
28,818,0.47,***,,,,,,,,,,,,,,,,,
29,561,0.32,**,,,,,,,,,,,,,,,,,
30,405,0.23,*,,,,,,,,,,,,,,,,,
31,1089,0.63,****,,,,,,,,,,,,,,,,,
32,961,0.55,***,,,,,,,,,,,,,,,,,
33,496,0.28,**,,,,,,,,,,,,,,,,,
34,1293,0.74,****,,,,,,,,,,,,,,,,,
35,1446,0.83,*****,,,,,,,,,,,,,,,,,
36,739,0.42,***,,,,,,,,,,,,,,,,,
37,1415,0.81,*****,,,,,,,,,,,,,,,,,
38,1928,1.11,*******,,,,,,,,,,,,,,,,,
39,1146,0.66,****,,,,,,,,,,,,,,,,,
40,1546,0.89,*****,,,,,,,,,,,,,,,,,
41,2562,1.47,*********,,,,,,,,,,,,,,,,,
42,1696,0.97,******,,,,,,,,,,,,,,,,,
43,1648,0.95,******,,,,,,,,,,,,,,,,,
44,2980,1.71,**********,,,,,,,,,,,,,,,,,
45,2431,1.4,********,,,,,,,,,,,,,,,,,
46,1716,0.99,******,,,,,,,,,,,,,,,,,
47,3211,1.84,***********,,,,,,,,,,,,,,,,,
48,3131,1.8,***********,,,,,,,,,,,,,,,,,
49,1830,1.05,******,,,,,,,,,,,,,,,,,
50,3142,1.8,***********,,,,,,,,,,,,,,,,,
51,3665,2.1,*************,,,,,,,,,,,,,,,,,
52,1990,1.14,*******,,,,,,,,,,,,,,,,,
53,2978,1.71,**********,,,,,,,,,,,,,,,,,
54,4235,2.43,***************,,,,,,,,,,,,,,,,,
55,2239,1.29,********,,,,,,,,,,,,,,,,,
56,2711,1.56,*********,,,,,,,,,,,,,,,,,
57,4495,2.58,***************,,,,,,,,,,,,,,,,,
58,2715,1.56,*********,,,,,,,,,,,,,,,,,
59,2471,1.42,*********,,,,,,,,,,,,,,,,,
60,4689,2.69,****************,,,,,,,,,,,,,,,,,
61,3054,1.75,***********,,,,,,,,,,,,,,,,,
62,2073,1.19,*******,,,,,,,,,,,,,,,,,
63,4817,2.77,*****************,,,,,,,,,,,,,,,,,
64,3454,1.98,************,,,,,,,,,,,,,,,,,
65,1752,1.01,******,,,,,,,,,,,,,,,,,
66,4750,2.73,****************,,,,,,,,,,,,,,,,,
67,3924,2.25,**************,,,,,,,,,,,,,,,,,
68,1570,0.9,*****,,,,,,,,,,,,,,,,,
69,4643,2.67,****************,,,,,,,,,,,,,,,,,
70,4310,2.47,***************,,,,,,,,,,,,,,,,,
71,1278,0.73,****,,,,,,,,,,,,,,,,,
72,4562,2.62,****************,,,,,,,,,,,,,,,,,
73,4773,2.74,****************,,,,,,,,,,,,,,,,,
74,1023,0.59,****,,,,,,,,,,,,,,,,,
75,4341,2.49,***************,,,,,,,,,,,,,,,,,
76,5321,3.05,******************,,,,,,,,,,,,,,,,,
77,742,0.43,***,,,,,,,,,,,,,,,,,
78,3784,2.17,*************,,,,,,,,,,,,,,,,,
79,5871,3.37,********************,,,,,,,,,,,,,,,,,
80,466,0.27,**,,,,,,,,,,,,,,,,,
81,3368,1.93,************,,,,,,,,,,,,,,,,,
82,5881,3.38,********************,,,,,,,,,,,,,,,,,
83,294,0.17,*,,,,,,,,,,,,,,,,,
84,2419,1.39,********,,,,,,,,,,,,,,,,,
85,5707,3.28,********************,,,,,,,,,,,,,,,,,
86,181,0.1,*,,,,,,,,,,,,,,,,,
87,1533,0.88,*****,,,,,,,,,,,,,,,,,
88,5322,3.06,******************,,,,,,,,,,,,,,,,,
89,97,0.06,,,,,,,,,,,,,,,,,,
90,844,0.48,***,,,,,,,,,,,,,,,,,
91,4087,2.35,**************,,,,,,,,,,,,,,,,,
92,34,0.02,,,,,,,,,,,,,,,,,,
93,250,0.14,*,,,,,,,,,,,,,,,,,
94,2583,1.48,*********,,,,,,,,,,,,,,,,,
95,13,0.01,,,,,,,,,,,,,,,,,,
96,46,0.03,,,,,,,,,,,,,,,,,,
97,1111,0.64,****,,,,,,,,,,,,,,,,,
98,4,0,,,,,,,,,,,,,,,,,,
99,0,0,,,,,,,,,,,,,,,,,,
100,261,0.15,*,,,,,,,,,,,,,,,,,
óﬂòaÇWîNìx â»ñ⁄ï ê¨ê—ï™ïzê}Åiñ{ééå±Åj,,,,,,,,,,,,,,,,,,,,
â»ñ⁄ñº,ñûì_,ç≈çÇì_,ç≈í·ì_,ïΩãœì_,ïWèÄïŒç∑,éÛå±é“êî,ìæì_ó¶,ÇTï™ílÇeÇP,ÇTï™ílÇeÇQ,ÇTï™ílÇeÇR,ÇTï™ílÇeÇS,ÇPíiäK,ÇQíiäK,ÇRíiäK,ÇSíiäK,ÇTíiäK,ÇUíiäK,ÇVíiäK,ÇWíiäK,ÇXíiäK
åˆã§ÅCóœóù,100,100,0,64.24,15.67,30965,0.6424,50,61,69,78,0Å`33,34Å`43,44Å`52,53Å`60,61Å`69,70Å`76,77Å`82,83Å`87,88Å`100
ì_êî,êlêî,î‰ó¶ÅiÅìÅj,,,,,,,,,,,,,,,,,,
ÇPíiäK,1093,3.529791,,,,,,,,,,,,,,,,,,
0,9,0.03,,,,,,,,,,,,,,,,,,
1,0,0,,,,,,,,,,,,,,,,,,
2,0,0,,,,,,,,,,,,,,,,,,
3,5,0.02,,,,,,,,,,,,,,,,,,
4,1,0,,,,,,,,,,,,,,,,,,
5,1,0,,,,,,,,,,,,,,,,,,
6,9,0.03,,,,,,,,,,,,,,,,,,
7,2,0.01,,,,,,,,,,,,,,,,,,
8,3,0.01,,,,,,,,,,,,,,,,,,
9,4,0.01,,,,,,,,,,,,,,,,,,
10,0,0,,,,,,,,,,,,,,,,,,
11,1,0,,,,,,,,,,,,,,,,,,
12,18,0.06,,,,,,,,,,,,,,,,,,
13,11,0.04,,,,,,,,,,,,,,,,,,
14,4,0.01,,,,,,,,,,,,,,,,,,
15,18,0.06,,,,,,,,,,,,,,,,,,
16,16,0.05,,,,,,,,,,,,,,,,,,
17,14,0.05,,,,,,,,,,,,,,,,,,
18,23,0.07,,,,,,,,,,,,,,,,,,
19,39,0.13,*,,,,,,,,,,,,,,,,,
20,20,0.06,,,,,,,,,,,,,,,,,,
21,47,0.15,*,,,,,,,,,,,,,,,,,
22,39,0.13,*,,,,,,,,,,,,,,,,,
23,36,0.12,*,,,,,,,,,,,,,,,,,
24,35,0.11,*,,,,,,,,,,,,,,,,,
25,46,0.15,*,,,,,,,,,,,,,,,,,
26,49,0.16,*,,,,,,,,,,,,,,,,,
27,54,0.17,*,,,,,,,,,,,,,,,,,
28,82,0.26,**,,,,,,,,,,,,,,,,,
29,69,0.22,*,,,,,,,,,,,,,,,,,
30,72,0.23,*,,,,,,,,,,,,,,,,,
31,125,0.4,**,,,,,,,,,,,,,,,,,
32,114,0.37,**,,,,,,,,,,,,,,,,,
33,127,0.41,**,,,,,,,,,,,,,,,,,
ÇQíiäK,2137,6.90134,,,,,,,,,,,,,,,,,,
34,159,0.51,***,,,,,,,,,,,,,,,,,
35,162,0.52,***,,,,,,,,,,,,,,,,,
36,131,0.42,***,,,,,,,,,,,,,,,,,
37,199,0.64,****,,,,,,,,,,,,,,,,,
38,204,0.66,****,,,,,,,,,,,,,,,,,
39,189,0.61,****,,,,,,,,,,,,,,,,,
40,238,0.77,*****,,,,,,,,,,,,,,,,,
41,316,1.02,******,,,,,,,,,,,,,,,,,
42,238,0.77,*****,,,,,,,,,,,,,,,,,
43,301,0.97,******,,,,,,,,,,,,,,,,,
ÇRíiäK,3790,12.239625,,,,,,,,,,,,,,,,,,
44,394,1.27,********,,,,,,,,,,,,,,,,,
45,328,1.06,******,,,,,,,,,,,,,,,,,
46,342,1.1,*******,,,,,,,,,,,,,,,,,
47,477,1.54,*********,,,,,,,,,,,,,,,,,
48,398,1.29,********,,,,,,,,,,,,,,,,,
49,396,1.28,********,,,,,,,,,,,,,,,,,
50,560,1.81,***********,,,,,,,,,,,,,,,,,
51,463,1.5,*********,,,,,,,,,,,,,,,,,
52,432,1.4,********,,,,,,,,,,,,,,,,,
ÇSíiäK,4921,15.892136,,,,,,,,,,,,,,,,,,
53,615,1.99,************,,,,,,,,,,,,,,,,,
54,584,1.89,***********,,,,,,,,,,,,,,,,,
55,417,1.35,********,,,,,,,,,,,,,,,,,
56,657,2.12,*************,,,,,,,,,,,,,,,,,
57,683,2.21,*************,,,,,,,,,,,,,,,,,
58,505,1.63,**********,,,,,,,,,,,,,,,,,
59,667,2.15,*************,,,,,,,,,,,,,,,,,
60,793,2.56,***************,,,,,,,,,,,,,,,,,
ÇTíiäK,6420,20.733085,,,,,,,,,,,,,,,,,,
61,532,1.72,**********,,,,,,,,,,,,,,,,,
62,648,2.09,*************,,,,,,,,,,,,,,,,,
63,888,2.87,*****************,,,,,,,,,,,,,,,,,
64,488,1.58,*********,,,,,,,,,,,,,,,,,
65,611,1.97,************,,,,,,,,,,,,,,,,,
66,965,3.12,*******************,,,,,,,,,,,,,,,,,
67,607,1.96,************,,,,,,,,,,,,,,,,,
68,617,1.99,************,,,,,,,,,,,,,,,,,
69,1064,3.44,*********************,,,,,,,,,,,,,,,,,
ÇUíiäK,5186,16.747941,,,,,,,,,,,,,,,,,,
70,603,1.95,************,,,,,,,,,,,,,,,,,
71,583,1.88,***********,,,,,,,,,,,,,,,,,
72,1118,3.61,**********************,,,,,,,,,,,,,,,,,
73,586,1.89,***********,,,,,,,,,,,,,,,,,
74,484,1.56,*********,,,,,,,,,,,,,,,,,
75,1177,3.8,***********************,,,,,,,,,,,,,,,,,
76,635,2.05,************,,,,,,,,,,,,,,,,,
ÇVíiäK,3930,12.691748,,,,,,,,,,,,,,,,,,
77,433,1.4,********,,,,,,,,,,,,,,,,,
78,1066,3.44,*********************,,,,,,,,,,,,,,,,,
79,609,1.97,************,,,,,,,,,,,,,,,,,
80,273,0.88,*****,,,,,,,,,,,,,,,,,
81,994,3.21,*******************,,,,,,,,,,,,,,,,,
82,555,1.79,***********,,,,,,,,,,,,,,,,,
ÇWíiäK,2073,6.694655,,,,,,,,,,,,,,,,,,
83,189,0.61,****,,,,,,,,,,,,,,,,,
84,777,2.51,***************,,,,,,,,,,,,,,,,,
85,520,1.68,**********,,,,,,,,,,,,,,,,,
86,138,0.45,***,,,,,,,,,,,,,,,,,
87,449,1.45,*********,,,,,,,,,,,,,,,,,
ÇXíiäK,1415,4.569675,,,,,,,,,,,,,,,,,,
88,414,1.34,********,,,,,,,,,,,,,,,,,
89,80,0.26,**,,,,,,,,,,,,,,,,,
90,270,0.87,*****,,,,,,,,,,,,,,,,,
91,298,0.96,******,,,,,,,,,,,,,,,,,
92,33,0.11,*,,,,,,,,,,,,,,,,,
93,61,0.2,*,,,,,,,,,,,,,,,,,
94,171,0.55,***,,,,,,,,,,,,,,,,,
95,13,0.04,,,,,,,,,,,,,,,,,,
96,13,0.04,,,,,,,,,,,,,,,,,,
97,53,0.17,*,,,,,,,,,,,,,,,,,
98,4,0.01,,,,,,,,,,,,,,,,,,
99,0,0,,,,,,,,,,,,,,,,,,
100,5,0.02,,,,,,,,,,,,,,,,,,
óﬂòaÇWîNìx â»ñ⁄ï ê¨ê—ï™ïzê}Åiñ{ééå±Åj,,,,,,,,,,,,,,,,,,,,
â»ñ⁄ñº,ñûì_,ç≈çÇì_,ç≈í·ì_,ïΩãœì_,ïWèÄïŒç∑,éÛå±é“êî,ìæì_ó¶,ÇTï™ílÇeÇP,ÇTï™ílÇeÇQ,ÇTï™ílÇeÇR,ÇTï™ílÇeÇS,ÇPíiäK,ÇQíiäK,ÇRíiäK,ÇSíiäK,ÇTíiäK,ÇUíiäK,ÇVíiäK,ÇWíiäK,ÇXíiäK
åˆã§ÅCê≠é°ÅEåoçœ,100,100,0,63.59,17.54,143238,0.6359,47,59,69,80,0Å`31,32Å`40,41Å`49,50Å`58,59Å`69,70Å`78,79Å`84,85Å`90,91Å`100
ì_êî,êlêî,î‰ó¶ÅiÅìÅj,,,,,,,,,,,,,,,,,,
ÇPíiäK,5303,3.702229,,,,,,,,,,,,,,,,,,
0,28,0.02,,,,,,,,,,,,,,,,,,
1,0,0,,,,,,,,,,,,,,,,,,
2,0,0,,,,,,,,,,,,,,,,,,
3,10,0.01,,,,,,,,,,,,,,,,,,
4,0,0,,,,,,,,,,,,,,,,,,
5,0,0,,,,,,,,,,,,,,,,,,
6,16,0.01,,,,,,,,,,,,,,,,,,
7,6,0,,,,,,,,,,,,,,,,,,
8,0,0,,,,,,,,,,,,,,,,,,
9,42,0.03,,,,,,,,,,,,,,,,,,
10,17,0.01,,,,,,,,,,,,,,,,,,
11,1,0,,,,,,,,,,,,,,,,,,
12,78,0.05,,,,,,,,,,,,,,,,,,
13,46,0.03,,,,,,,,,,,,,,,,,,
14,3,0,,,,,,,,,,,,,,,,,,
15,119,0.08,,,,,,,,,,,,,,,,,,
16,90,0.06,,,,,,,,,,,,,,,,,,
17,17,0.01,,,,,,,,,,,,,,,,,,
18,191,0.13,*,,,,,,,,,,,,,,,,,
19,153,0.11,*,,,,,,,,,,,,,,,,,
20,38,0.03,,,,,,,,,,,,,,,,,,
21,215,0.15,*,,,,,,,,,,,,,,,,,
22,302,0.21,*,,,,,,,,,,,,,,,,,
23,124,0.09,*,,,,,,,,,,,,,,,,,
24,242,0.17,*,,,,,,,,,,,,,,,,,
25,539,0.38,**,,,,,,,,,,,,,,,,,
26,264,0.18,*,,,,,,,,,,,,,,,,,
27,237,0.17,*,,,,,,,,,,,,,,,,,
28,736,0.51,***,,,,,,,,,,,,,,,,,
29,492,0.34,**,,,,,,,,,,,,,,,,,
30,333,0.23,*,,,,,,,,,,,,,,,,,
31,964,0.67,****,,,,,,,,,,,,,,,,,
ÇQíiäK,9447,6.595316,,,,,,,,,,,,,,,,,,
32,847,0.59,****,,,,,,,,,,,,,,,,,
33,369,0.26,**,,,,,,,,,,,,,,,,,
34,1134,0.79,*****,,,,,,,,,,,,,,,,,
35,1284,0.9,*****,,,,,,,,,,,,,,,,,
36,608,0.42,***,,,,,,,,,,,,,,,,,
37,1216,0.85,*****,,,,,,,,,,,,,,,,,
38,1724,1.2,*******,,,,,,,,,,,,,,,,,
39,957,0.67,****,,,,,,,,,,,,,,,,,
40,1308,0.91,*****,,,,,,,,,,,,,,,,,
ÇRíiäK,18015,12.576969,,,,,,,,,,,,,,,,,,
41,2246,1.57,*********,,,,,,,,,,,,,,,,,
42,1458,1.02,******,,,,,,,,,,,,,,,,,
43,1347,0.94,******,,,,,,,,,,,,,,,,,
44,2586,1.81,***********,,,,,,,,,,,,,,,,,
45,2103,1.47,*********,,,,,,,,,,,,,,,,,
46,1374,0.96,******,,,,,,,,,,,,,,,,,
47,2734,1.91,***********,,,,,,,,,,,,,,,,,
48,2733,1.91,***********,,,,,,,,,,,,,,,,,
49,1434,1,******,,,,,,,,,,,,,,,,,
ÇSíiäK,23254,16.234518,,,,,,,,,,,,,,,,,,
50,2582,1.8,***********,,,,,,,,,,,,,,,,,
51,3202,2.24,*************,,,,,,,,,,,,,,,,,
52,1558,1.09,*******,,,,,,,,,,,,,,,,,
53,2363,1.65,**********,,,,,,,,,,,,,,,,,
54,3651,2.55,***************,,,,,,,,,,,,,,,,,
55,1822,1.27,********,,,,,,,,,,,,,,,,,
56,2054,1.43,*********,,,,,,,,,,,,,,,,,
57,3812,2.66,****************,,,,,,,,,,,,,,,,,
58,2210,1.54,*********,,,,,,,,,,,,,,,,,
ÇTíiäK,29317,20.467334,,,,,,,,,,,,,,,,,,
59,1804,1.26,********,,,,,,,,,,,,,,,,,
60,3896,2.72,****************,,,,,,,,,,,,,,,,,
61,2522,1.76,***********,,,,,,,,,,,,,,,,,
62,1425,0.99,******,,,,,,,,,,,,,,,,,
63,3929,2.74,****************,,,,,,,,,,,,,,,,,
64,2966,2.07,************,,,,,,,,,,,,,,,,,
65,1141,0.8,*****,,,,,,,,,,,,,,,,,
66,3785,2.64,****************,,,,,,,,,,,,,,,,,
67,3317,2.32,**************,,,,,,,,,,,,,,,,,
68,953,0.67,****,,,,,,,,,,,,,,,,,
69,3579,2.5,***************,,,,,,,,,,,,,,,,,
ÇUíiäK,23449,16.370655,,,,,,,,,,,,,,,,,,
70,3707,2.59,****************,,,,,,,,,,,,,,,,,
71,695,0.49,***,,,,,,,,,,,,,,,,,
72,3444,2.4,**************,,,,,,,,,,,,,,,,,
73,4187,2.92,******************,,,,,,,,,,,,,,,,,
74,539,0.38,**,,,,,,,,,,,,,,,,,
75,3164,2.21,*************,,,,,,,,,,,,,,,,,
76,4686,3.27,********************,,,,,,,,,,,,,,,,,
77,309,0.22,*,,,,,,,,,,,,,,,,,
78,2718,1.9,***********,,,,,,,,,,,,,,,,,
ÇVíiäK,14902,10.403663,,,,,,,,,,,,,,,,,,
79,5262,3.67,**********************,,,,,,,,,,,,,,,,,
80,193,0.13,*,,,,,,,,,,,,,,,,,
81,2374,1.66,**********,,,,,,,,,,,,,,,,,
82,5326,3.72,**********************,,,,,,,,,,,,,,,,,
83,105,0.07,,,,,,,,,,,,,,,,,,
84,1642,1.15,*******,,,,,,,,,,,,,,,,,
ÇWíiäK,11813,8.247113,,,,,,,,,,,,,,,,,,
85,5187,3.62,**********************,,,,,,,,,,,,,,,,,
86,43,0.03,,,,,,,,,,,,,,,,,,
87,1084,0.76,*****,,,,,,,,,,,,,,,,,
88,4908,3.43,*********************,,,,,,,,,,,,,,,,,
89,17,0.01,,,,,,,,,,,,,,,,,,
90,574,0.4,**,,,,,,,,,,,,,,,,,
ÇXíiäK,7738,5.402197,,,,,,,,,,,,,,,,,,
91,3789,2.65,****************,,,,,,,,,,,,,,,,,
92,1,0,,,,,,,,,,,,,,,,,,
93,189,0.13,*,,,,,,,,,,,,,,,,,
94,2412,1.68,**********,,,,,,,,,,,,,,,,,
95,0,0,,,,,,,,,,,,,,,,,,
96,33,0.02,,,,,,,,,,,,,,,,,,
97,1058,0.74,****,,,,,,,,,,,,,,,,,
98,0,0,,,,,,,,,,,,,,,,,,
99,0,0,,,,,,,,,,,,,,,,,,
100,256,0.18,*,,,,,,,,,,,,,,,,,
óﬂòaÇWîNìx ã≥â»ï ê¨ê—ï™ïzê}Åiñ{ééå±Åj,,,,,,,,,,,,,,,,,,,,
ã≥â»ñº,ñûì_,ç≈çÇì_,ç≈í·ì_,ïΩãœì_,ïWèÄïŒç∑,éÛå±é“êî,ìæì_ó¶,ÇTï™ílÇeÇP,ÇTï™ílÇeÇQ,ÇTï™ílÇeÇR,ÇTï™ílÇeÇS,,,,,,,,,
ínóùëççáÅ^óéjëççáÅ^åˆã§,50,50,0,25.86,9.52,16332,0.5173,18,23,28,34,,,,,,,,,
ì_êî,êlêî,î‰ó¶ÅiÅìÅj,,,,,,,,,,,,,,,,,,
0,250,1.53,*********,,,,,,,,,,,,,,,,,
1,0,0,,,,,,,,,,,,,,,,,,
2,0,0,,,,,,,,,,,,,,,,,,
3,66,0.4,**,,,,,,,,,,,,,,,,,
4,9,0.06,,,,,,,,,,,,,,,,,,
5,0,0,,,,,,,,,,,,,,,,,,
6,187,1.14,*******,,,,,,,,,,,,,,,,,
7,40,0.24,*,,,,,,,,,,,,,,,,,
8,0,0,,,,,,,,,,,,,,,,,,
9,325,1.99,************,,,,,,,,,,,,,,,,,
10,139,0.85,*****,,,,,,,,,,,,,,,,,
11,14,0.09,*,,,,,,,,,,,,,,,,,
12,484,2.96,******************,,,,,,,,,,,,,,,,,
13,295,1.81,***********,,,,,,,,,,,,,,,,,
14,36,0.22,*,,,,,,,,,,,,,,,,,
15,547,3.35,********************,,,,,,,,,,,,,,,,,
16,488,2.99,******************,,,,,,,,,,,,,,,,,
17,84,0.51,***,,,,,,,,,,,,,,,,,
18,546,3.34,********************,,,,,,,,,,,,,,,,,
19,757,4.64,****************************,,,,,,,,,,,,,,,,,
20,196,1.2,*******,,,,,,,,,,,,,,,,,
21,425,2.6,****************,,,,,,,,,,,,,,,,,
22,1109,6.79,****************************************,OV,,,,,,,,,,,,,,,,
23,369,2.26,**************,,,,,,,,,,,,,,,,,
24,345,2.11,*************,,,,,,,,,,,,,,,,,
25,1091,6.68,****************************************,,,,,,,,,,,,,,,,,
26,625,3.83,***********************,,,,,,,,,,,,,,,,,
27,173,1.06,******,,,,,,,,,,,,,,,,,
28,992,6.07,************************************,,,,,,,,,,,,,,,,,
29,927,5.68,**********************************,,,,,,,,,,,,,,,,,
30,105,0.64,****,,,,,,,,,,,,,,,,,
31,788,4.82,*****************************,,,,,,,,,,,,,,,,,
32,1078,6.6,****************************************,,,,,,,,,,,,,,,,,
33,32,0.2,*,,,,,,,,,,,,,,,,,
34,490,3,******************,,,,,,,,,,,,,,,,,
35,1059,6.48,***************************************,,,,,,,,,,,,,,,,,
36,20,0.12,*,,,,,,,,,,,,,,,,,
37,257,1.57,*********,,,,,,,,,,,,,,,,,
38,854,5.23,*******************************,,,,,,,,,,,,,,,,,
39,5,0.03,,,,,,,,,,,,,,,,,,
40,118,0.72,****,,,,,,,,,,,,,,,,,
41,537,3.29,********************,,,,,,,,,,,,,,,,,
42,4,0.02,,,,,,,,,,,,,,,,,,
43,32,0.2,*,,,,,,,,,,,,,,,,,
44,282,1.73,**********,,,,,,,,,,,,,,,,,
45,0,0,,,,,,,,,,,,,,,,,,
46,13,0.08,,,,,,,,,,,,,,,,,,
47,111,0.68,****,,,,,,,,,,,,,,,,,
48,0,0,,,,,,,,,,,,,,,,,,
49,0,0,,,,,,,,,,,,,,,,,,
50,28,0.17,*,,,,,,,,,,,,,,,,,
óﬂòaÇWîNìx â»ñ⁄ï ê¨ê—ï™ïzê}Åiñ{ééå±Åj,,,,,,,,,,,,,,,,,,,,
â»ñ⁄ñº,ñûì_,ç≈çÇì_,ç≈í·ì_,ïΩãœì_,ïWèÄïŒç∑,éÛå±é“êî,ìæì_ó¶,ÇTï™ílÇeÇP,ÇTï™ílÇeÇQ,ÇTï™ílÇeÇR,ÇTï™ílÇeÇS,ÇPíiäK,ÇQíiäK,ÇRíiäK,ÇSíiäK,ÇTíiäK,ÇUíiäK,ÇVíiäK,ÇWíiäK,ÇXíiäK
ínóùëççáÅ^óéjëççáÅ^åˆã§,100,100,0,51.73,16.16,8166,0.5173,37,48,56,65,0Å`20,21Å`30,31Å`39,40Å`47,48Å`56,57Å`63,64Å`70,71Å`78,79Å`100
ì_êî,êlêî,î‰ó¶ÅiÅìÅj,,,,,,,,,,,,,,,,,,
ÇPíiäK,272,3.330884,,,,,,,,,,,,,,,,,,
0,34,0.42,**,,,,,,,,,,,,,,,,,
1,0,0,,,,,,,,,,,,,,,,,,
2,0,0,,,,,,,,,,,,,,,,,,
3,5,0.06,,,,,,,,,,,,,,,,,,
4,0,0,,,,,,,,,,,,,,,,,,
5,0,0,,,,,,,,,,,,,,,,,,
6,8,0.1,*,,,,,,,,,,,,,,,,,
7,2,0.02,,,,,,,,,,,,,,,,,,
8,0,0,,,,,,,,,,,,,,,,,,
9,17,0.21,*,,,,,,,,,,,,,,,,,
10,4,0.05,,,,,,,,,,,,,,,,,,
11,1,0.01,,,,,,,,,,,,,,,,,,
12,31,0.38,**,,,,,,,,,,,,,,,,,
13,13,0.16,*,,,,,,,,,,,,,,,,,
14,0,0,,,,,,,,,,,,,,,,,,
15,32,0.39,**,,,,,,,,,,,,,,,,,
16,23,0.28,**,,,,,,,,,,,,,,,,,
17,3,0.04,,,,,,,,,,,,,,,,,,
18,43,0.53,***,,,,,,,,,,,,,,,,,
19,46,0.56,***,,,,,,,,,,,,,,,,,
20,10,0.12,*,,,,,,,,,,,,,,,,,
ÇQíiäK,540,6.612784,,,,,,,,,,,,,,,,,,
21,43,0.53,***,,,,,,,,,,,,,,,,,
22,61,0.75,****,,,,,,,,,,,,,,,,,
23,14,0.17,*,,,,,,,,,,,,,,,,,
24,41,0.5,***,,,,,,,,,,,,,,,,,
25,74,0.91,*****,,,,,,,,,,,,,,,,,
26,36,0.44,***,,,,,,,,,,,,,,,,,
27,55,0.67,****,,,,,,,,,,,,,,,,,
28,103,1.26,********,,,,,,,,,,,,,,,,,
29,49,0.6,****,,,,,,,,,,,,,,,,,
30,64,0.78,*****,,,,,,,,,,,,,,,,,
ÇRíiäK,971,11.890766,,,,,,,,,,,,,,,,,,
31,127,1.56,*********,,,,,,,,,,,,,,,,,
32,90,1.1,*******,,,,,,,,,,,,,,,,,
33,75,0.92,******,,,,,,,,,,,,,,,,,
34,135,1.65,**********,,,,,,,,,,,,,,,,,
35,118,1.45,*********,,,,,,,,,,,,,,,,,
36,55,0.67,****,,,,,,,,,,,,,,,,,
37,154,1.89,***********,,,,,,,,,,,,,,,,,
38,145,1.78,***********,,,,,,,,,,,,,,,,,
39,72,0.88,*****,,,,,,,,,,,,,,,,,
ÇSíiäK,1296,15.870683,,,,,,,,,,,,,,,,,,
40,152,1.86,***********,,,,,,,,,,,,,,,,,
41,202,2.47,***************,,,,,,,,,,,,,,,,,
42,116,1.42,*********,,,,,,,,,,,,,,,,,
43,124,1.52,*********,,,,,,,,,,,,,,,,,
44,201,2.46,***************,,,,,,,,,,,,,,,,,
45,122,1.49,*********,,,,,,,,,,,,,,,,,
46,132,1.62,**********,,,,,,,,,,,,,,,,,
47,247,3.02,******************,,,,,,,,,,,,,,,,,
ÇTíiäK,1770,21.675238,,,,,,,,,,,,,,,,,,
48,181,2.22,*************,,,,,,,,,,,,,,,,,
49,131,1.6,**********,,,,,,,,,,,,,,,,,
50,274,3.36,********************,,,,,,,,,,,,,,,,,
51,224,2.74,****************,,,,,,,,,,,,,,,,,
52,129,1.58,*********,,,,,,,,,,,,,,,,,
53,219,2.68,****************,,,,,,,,,,,,,,,,,
54,279,3.42,********************,,,,,,,,,,,,,,,,,
55,130,1.59,**********,,,,,,,,,,,,,,,,,
56,203,2.49,***************,,,,,,,,,,,,,,,,,
ÇUíiäK,1398,17.119764,,,,,,,,,,,,,,,,,,
57,273,3.34,********************,,,,,,,,,,,,,,,,,
58,132,1.62,**********,,,,,,,,,,,,,,,,,
59,180,2.2,*************,,,,,,,,,,,,,,,,,
60,295,3.61,**********************,,,,,,,,,,,,,,,,,
61,132,1.62,**********,,,,,,,,,,,,,,,,,
62,118,1.45,*********,,,,,,,,,,,,,,,,,
63,268,3.28,********************,,,,,,,,,,,,,,,,,
ÇVíiäK,997,12.209159,,,,,,,,,,,,,,,,,,
64,139,1.7,**********,,,,,,,,,,,,,,,,,
65,87,1.07,******,,,,,,,,,,,,,,,,,
66,216,2.65,****************,,,,,,,,,,,,,,,,,
67,146,1.79,***********,,,,,,,,,,,,,,,,,
68,70,0.86,*****,,,,,,,,,,,,,,,,,
69,191,2.34,**************,,,,,,,,,,,,,,,,,
70,148,1.81,***********,,,,,,,,,,,,,,,,,
ÇWíiäK,595,7.286309,,,,,,,,,,,,,,,,,,
71,33,0.4,**,,,,,,,,,,,,,,,,,
72,140,1.71,**********,,,,,,,,,,,,,,,,,
73,129,1.58,*********,,,,,,,,,,,,,,,,,
74,20,0.24,*,,,,,,,,,,,,,,,,,
75,69,0.84,*****,,,,,,,,,,,,,,,,,
76,122,1.49,*********,,,,,,,,,,,,,,,,,
77,17,0.21,*,,,,,,,,,,,,,,,,,
78,65,0.8,*****,,,,,,,,,,,,,,,,,
ÇXíiäK,327,4.004408,,,,,,,,,,,,,,,,,,
79,93,1.14,*******,,,,,,,,,,,,,,,,,
80,5,0.06,,,,,,,,,,,,,,,,,,
81,35,0.43,***,,,,,,,,,,,,,,,,,
82,63,0.77,*****,,,,,,,,,,,,,,,,,
83,2,0.02,,,,,,,,,,,,,,,,,,
84,15,0.18,*,,,,,,,,,,,,,,,,,
85,39,0.48,***,,,,,,,,,,,,,,,,,
86,2,0.02,,,,,,,,,,,,,,,,,,
87,6,0.07,,,,,,,,,,,,,,,,,,
88,31,0.38,**,,,,,,,,,,,,,,,,,
89,1,0.01,,,,,,,,,,,,,,,,,,
90,4,0.05,,,,,,,,,,,,,,,,,,
91,17,0.21,*,,,,,,,,,,,,,,,,,
92,0,0,,,,,,,,,,,,,,,,,,
93,1,0.01,,,,,,,,,,,,,,,,,,
94,6,0.07,,,,,,,,,,,,,,,,,,
95,0,0,,,,,,,,,,,,,,,,,,
96,0,0,,,,,,,,,,,,,,,,,,
97,6,0.07,,,,,,,,,,,,,,,,,,
98,0,0,,,,,,,,,,,,,,,,,,
99,0,0,,,,,,,,,,,,,,,,,,
100,1,0.01,,,,,,,,,,,,,,,,,,
óﬂòaÇWîNìx â»ñ⁄ï ê¨ê—ï™ïzê}Åiñ{ééå±Åj,,,,,,,,,,,,,,,,,,,,
â»ñ⁄ñº,ñûì_,ç≈çÇì_,ç≈í·ì_,ïΩãœì_,ïWèÄïŒç∑,éÛå±é“êî,ìæì_ó¶,ÇTï™ílÇeÇP,ÇTï™ílÇeÇQ,ÇTï™ílÇeÇR,ÇTï™ílÇeÇS,ÇPíiäK,ÇQíiäK,ÇRíiäK,ÇSíiäK,ÇTíiäK,ÇUíiäK,ÇVíiäK,ÇWíiäK,ÇXíiäK
ínóùëççá,50,50,0,24.27,9.17,6355,0.4853,15,21,26,32,0Å`8,9Å`11,12Å`17,18Å`21,22Å`26,27Å`30,31Å`34,35Å`40,41Å`50
ì_êî,êlêî,î‰ó¶ÅiÅìÅj,,,,,,,,,,,,,,,,,,
ÇPíiäK,188,2.9583,,,,,,,,,,,,,,,,,,
0,22,0.35,**,,,,,,,,,,,,,,,,,
1,0,0,,,,,,,,,,,,,,,,,,
2,0,0,,,,,,,,,,,,,,,,,,
3,34,0.54,***,,,,,,,,,,,,,,,,,
4,6,0.09,*,,,,,,,,,,,,,,,,,
5,0,0,,,,,,,,,,,,,,,,,,
6,110,1.73,**********,,,,,,,,,,,,,,,,,
7,16,0.25,**,,,,,,,,,,,,,,,,,
8,0,0,,,,,,,,,,,,,,,,,,
ÇQíiäK,269,4.232887,,,,,,,,,,,,,,,,,,
9,193,3.04,******************,,,,,,,,,,,,,,,,,
10,69,1.09,*******,,,,,,,,,,,,,,,,,
11,7,0.11,*,,,,,,,,,,,,,,,,,
ÇRíiäK,949,14.933123,,,,,,,,,,,,,,,,,,
12,277,4.36,**************************,,,,,,,,,,,,,,,,,
13,135,2.12,*************,,,,,,,,,,,,,,,,,
14,9,0.14,*,,,,,,,,,,,,,,,,,
15,303,4.77,*****************************,,,,,,,,,,,,,,,,,
16,207,3.26,********************,,,,,,,,,,,,,,,,,
17,18,0.28,**,,,,,,,,,,,,,,,,,
ÇSíiäK,1010,15.892997,,,,,,,,,,,,,,,,,,
18,345,5.43,*********************************,,,,,,,,,,,,,,,,,
19,340,5.35,********************************,,,,,,,,,,,,,,,,,
20,57,0.9,*****,,,,,,,,,,,,,,,,,
21,268,4.22,*************************,,,,,,,,,,,,,,,,,
ÇTíiäK,1382,21.746656,,,,,,,,,,,,,,,,,,
22,470,7.4,****************************************,OV,,,,,,,,,,,,,,,,
23,97,1.53,*********,,,,,,,,,,,,,,,,,
24,215,3.38,********************,,,,,,,,,,,,,,,,,
25,452,7.11,****************************************,OV,,,,,,,,,,,,,,,,
26,148,2.33,**************,,,,,,,,,,,,,,,,,
ÇUíiäK,832,13.092053,,,,,,,,,,,,,,,,,,
27,115,1.81,***********,,,,,,,,,,,,,,,,,
28,436,6.86,****************************************,OV,,,,,,,,,,,,,,,,
29,213,3.35,********************,,,,,,,,,,,,,,,,,
30,68,1.07,******,,,,,,,,,,,,,,,,,
ÇVíiäK,820,12.903225,,,,,,,,,,,,,,,,,,
31,326,5.13,*******************************,,,,,,,,,,,,,,,,,
32,227,3.57,*********************,,,,,,,,,,,,,,,,,
33,25,0.39,**,,,,,,,,,,,,,,,,,
34,242,3.81,***********************,,,,,,,,,,,,,,,,,
ÇWíiäK,617,9.70889,,,,,,,,,,,,,,,,,,
35,223,3.51,*********************,,,,,,,,,,,,,,,,,
36,12,0.19,*,,,,,,,,,,,,,,,,,
37,124,1.95,************,,,,,,,,,,,,,,,,,
38,187,2.94,******************,,,,,,,,,,,,,,,,,
39,3,0.05,,,,,,,,,,,,,,,,,,
40,68,1.07,******,,,,,,,,,,,,,,,,,
ÇXíiäK,288,4.531864,,,,,,,,,,,,,,,,,,
41,136,2.14,*************,,,,,,,,,,,,,,,,,
42,2,0.03,,,,,,,,,,,,,,,,,,
43,17,0.27,**,,,,,,,,,,,,,,,,,
44,87,1.37,********,,,,,,,,,,,,,,,,,
45,0,0,,,,,,,,,,,,,,,,,,
46,7,0.11,*,,,,,,,,,,,,,,,,,
47,30,0.47,***,,,,,,,,,,,,,,,,,
48,0,0,,,,,,,,,,,,,,,,,,
49,0,0,,,,,,,,,,,,,,,,,,
50,9,0.14,*,,,,,,,,,,,,,,,,,
óﬂòaÇWîNìx â»ñ⁄ï ê¨ê—ï™ïzê}Åiñ{ééå±Åj,,,,,,,,,,,,,,,,,,,,
â»ñ⁄ñº,ñûì_,ç≈çÇì_,ç≈í·ì_,ïΩãœì_,ïWèÄïŒç∑,éÛå±é“êî,ìæì_ó¶,ÇTï™ílÇeÇP,ÇTï™ílÇeÇQ,ÇTï™ílÇeÇR,ÇTï™ílÇeÇS,ÇPíiäK,ÇQíiäK,ÇRíiäK,ÇSíiäK,ÇTíiäK,ÇUíiäK,ÇVíiäK,ÇWíiäK,ÇXíiäK
óéjëççá,50,50,0,24.98,8.54,4477,0.4997,18,22,27,31,0Å`9,10Å`14,15Å`18,19Å`21,22Å`27,28Å`30,31Å`34,35Å`39,40Å`50
ì_êî,êlêî,î‰ó¶ÅiÅìÅj,,,,,,,,,,,,,,,,,,
ÇPíiäK,168,3.752512,,,,,,,,,,,,,,,,,,
0,30,0.67,****,,,,,,,,,,,,,,,,,
1,0,0,,,,,,,,,,,,,,,,,,
2,0,0,,,,,,,,,,,,,,,,,,
3,12,0.27,**,,,,,,,,,,,,,,,,,
4,2,0.04,,,,,,,,,,,,,,,,,,
5,0,0,,,,,,,,,,,,,,,,,,
6,41,0.92,*****,,,,,,,,,,,,,,,,,
7,14,0.31,**,,,,,,,,,,,,,,,,,
8,0,0,,,,,,,,,,,,,,,,,,
9,69,1.54,*********,,,,,,,,,,,,,,,,,
ÇQíiäK,278,6.209515,,,,,,,,,,,,,,,,,,
10,35,0.78,*****,,,,,,,,,,,,,,,,,
11,7,0.16,*,,,,,,,,,,,,,,,,,
12,115,2.57,***************,,,,,,,,,,,,,,,,,
13,100,2.23,*************,,,,,,,,,,,,,,,,,
14,21,0.47,***,,,,,,,,,,,,,,,,,
ÇRíiäK,497,11.101183,,,,,,,,,,,,,,,,,,
15,140,3.13,*******************,,,,,,,,,,,,,,,,,
16,188,4.2,*************************,,,,,,,,,,,,,,,,,
17,46,1.03,******,,,,,,,,,,,,,,,,,
18,123,2.75,****************,,,,,,,,,,,,,,,,,
ÇSíiäK,466,10.408755,,,,,,,,,,,,,,,,,,
19,271,6.05,************************************,,,,,,,,,,,,,,,,,
20,93,2.08,************,,,,,,,,,,,,,,,,,
21,102,2.28,**************,,,,,,,,,,,,,,,,,
ÇTíiäK,1264,28.233191,,,,,,,,,,,,,,,,,,
22,405,9.05,****************************************,OV,,,,,,,,,,,,,,,,
23,148,3.31,********************,,,,,,,,,,,,,,,,,
24,79,1.76,***********,,,,,,,,,,,,,,,,,
25,359,8.02,****************************************,OV,,,,,,,,,,,,,,,,
26,237,5.29,********************************,,,,,,,,,,,,,,,,,
27,36,0.8,*****,,,,,,,,,,,,,,,,,
ÇUíiäK,570,12.73174,,,,,,,,,,,,,,,,,,
28,293,6.54,***************************************,,,,,,,,,,,,,,,,,
29,251,5.61,**********************************,,,,,,,,,,,,,,,,,
30,26,0.58,***,,,,,,,,,,,,,,,,,
ÇVíiäK,614,13.71454,,,,,,,,,,,,,,,,,,
31,240,5.36,********************************,,,,,,,,,,,,,,,,,
32,238,5.32,********************************,,,,,,,,,,,,,,,,,
33,4,0.09,*,,,,,,,,,,,,,,,,,
34,132,2.95,******************,,,,,,,,,,,,,,,,,
ÇWíiäK,415,9.2696,,,,,,,,,,,,,,,,,,
35,197,4.4,**************************,,,,,,,,,,,,,,,,,
36,7,0.16,*,,,,,,,,,,,,,,,,,
37,78,1.74,**********,,,,,,,,,,,,,,,,,
38,131,2.93,******************,,,,,,,,,,,,,,,,,
39,2,0.04,,,,,,,,,,,,,,,,,,
ÇXíiäK,205,4.578959,,,,,,,,,,,,,,,,,,
40,33,0.74,****,,,,,,,,,,,,,,,,,
41,68,1.52,*********,,,,,,,,,,,,,,,,,
42,2,0.04,,,,,,,,,,,,,,,,,,
43,10,0.22,*,,,,,,,,,,,,,,,,,
44,44,0.98,******,,,,,,,,,,,,,,,,,
45,0,0,,,,,,,,,,,,,,,,,,
46,3,0.07,,,,,,,,,,,,,,,,,,
47,34,0.76,*****,,,,,,,,,,,,,,,,,
48,0,0,,,,,,,,,,,,,,,,,,
49,0,0,,,,,,,,,,,,,,,,,,
50,11,0.25,*,,,,,,,,,,,,,,,,,
óﬂòaÇWîNìx â»ñ⁄ï ê¨ê—ï™ïzê}Åiñ{ééå±Åj,,,,,,,,,,,,,,,,,,,,
â»ñ⁄ñº,ñûì_,ç≈çÇì_,ç≈í·ì_,ïΩãœì_,ïWèÄïŒç∑,éÛå±é“êî,ìæì_ó¶,ÇTï™ílÇeÇP,ÇTï™ílÇeÇQ,ÇTï™ílÇeÇR,ÇTï™ílÇeÇS,ÇPíiäK,ÇQíiäK,ÇRíiäK,ÇSíiäK,ÇTíiäK,ÇUíiäK,ÇVíiäK,ÇWíiäK,ÇXíiäK
åˆã§,50,50,0,29.27,8.98,5342,0.5853,22,28,32,37,0Å`9,10Å`16,17Å`22,23Å`28,29Å`31,32Å`34,35Å`37,38Å`40,41Å`50
ì_êî,êlêî,î‰ó¶ÅiÅìÅj,,,,,,,,,,,,,,,,,,
ÇPíiäK,170,3.182328,,,,,,,,,,,,,,,,,,
0,40,0.75,****,,,,,,,,,,,,,,,,,
1,0,0,,,,,,,,,,,,,,,,,,
2,0,0,,,,,,,,,,,,,,,,,,
3,20,0.37,**,,,,,,,,,,,,,,,,,
4,1,0.02,,,,,,,,,,,,,,,,,,
5,0,0,,,,,,,,,,,,,,,,,,
6,36,0.67,****,,,,,,,,,,,,,,,,,
7,10,0.19,*,,,,,,,,,,,,,,,,,
8,0,0,,,,,,,,,,,,,,,,,,
9,63,1.18,*******,,,,,,,,,,,,,,,,,
ÇQíiäK,390,7.300636,,,,,,,,,,,,,,,,,,
10,35,0.66,****,,,,,,,,,,,,,,,,,
11,0,0,,,,,,,,,,,,,,,,,,
12,92,1.72,**********,,,,,,,,,,,,,,,,,
13,60,1.12,*******,,,,,,,,,,,,,,,,,
14,6,0.11,*,,,,,,,,,,,,,,,,,
15,104,1.95,************,,,,,,,,,,,,,,,,,
16,93,1.74,**********,,,,,,,,,,,,,,,,,
ÇRíiäK,579,10.838637,,,,,,,,,,,,,,,,,,
17,20,0.37,**,,,,,,,,,,,,,,,,,
18,78,1.46,*********,,,,,,,,,,,,,,,,,
19,146,2.73,****************,,,,,,,,,,,,,,,,,
20,46,0.86,*****,,,,,,,,,,,,,,,,,
21,55,1.03,******,,,,,,,,,,,,,,,,,
22,234,4.38,**************************,,,,,,,,,,,,,,,,,
ÇSíiäK,980,18.345189,,,,,,,,,,,,,,,,,,
23,124,2.32,**************,,,,,,,,,,,,,,,,,
24,51,0.95,******,,,,,,,,,,,,,,,,,
25,280,5.24,*******************************,,,,,,,,,,,,,,,,,
26,240,4.49,***************************,,,,,,,,,,,,,,,,,
27,22,0.41,**,,,,,,,,,,,,,,,,,
28,263,4.92,******************************,,,,,,,,,,,,,,,,,
ÇTíiäK,696,13.028828,,,,,,,,,,,,,,,,,,
29,463,8.67,****************************************,OV,,,,,,,,,,,,,,,,
30,11,0.21,*,,,,,,,,,,,,,,,,,
31,222,4.16,*************************,,,,,,,,,,,,,,,,,
ÇUíiäK,732,13.702733,,,,,,,,,,,,,,,,,,
32,613,11.48,****************************************,OV,,,,,,,,,,,,,,,,
33,3,0.06,,,,,,,,,,,,,,,,,,
34,116,2.17,*************,,,,,,,,,,,,,,,,,
ÇVíiäK,695,13.010108,,,,,,,,,,,,,,,,,,
35,639,11.96,****************************************,OV,,,,,,,,,,,,,,,,
36,1,0.02,,,,,,,,,,,,,,,,,,
37,55,1.03,******,,,,,,,,,,,,,,,,,
ÇWíiäK,553,10.351928,,,,,,,,,,,,,,,,,,
38,536,10.03,****************************************,OV,,,,,,,,,,,,,,,,
39,0,0,,,,,,,,,,,,,,,,,,
40,17,0.32,**,,,,,,,,,,,,,,,,,
ÇXíiäK,547,10.23961,,,,,,,,,,,,,,,,,,
41,333,6.23,*************************************,,,,,,,,,,,,,,,,,
42,0,0,,,,,,,,,,,,,,,,,,
43,5,0.09,*,,,,,,,,,,,,,,,,,
44,151,2.83,*****************,,,,,,,,,,,,,,,,,
45,0,0,,,,,,,,,,,,,,,,,,
46,3,0.06,,,,,,,,,,,,,,,,,,
47,47,0.88,*****,,,,,,,,,,,,,,,,,
48,0,0,,,,,,,,,,,,,,,,,,
49,0,0,,,,,,,,,,,,,,,,,,
50,8,0.15,*,,,,,,,,,,,,,,,,,
óﬂòaÇWîNìx ã≥â»ï ê¨ê—ï™ïzê}Åiñ{ééå±Åj,,,,,,,,,,,,,,,,,,,,
ã≥â»ñº,ñûì_,ç≈çÇì_,ç≈í·ì_,ïΩãœì_,ïWèÄïŒç∑,éÛå±é“êî,ìæì_ó¶,ÇTï™ílÇeÇP,ÇTï™ílÇeÇQ,ÇTï™ílÇeÇR,ÇTï™ílÇeÇS,,,,,,,,,
êîäwá@,100,100,0,47.02,19.45,346295,0.4702,29,40,51,64,,,,,,,,,
ì_êî,êlêî,î‰ó¶ÅiÅìÅj,,,,,,,,,,,,,,,,,,
0,216,0.06,,,,,,,,,,,,,,,,,,
1,0,0,,,,,,,,,,,,,,,,,,
2,337,0.1,*,,,,,,,,,,,,,,,,,
3,188,0.05,,,,,,,,,,,,,,,,,,
4,378,0.11,*,,,,,,,,,,,,,,,,,
5,448,0.13,*,,,,,,,,,,,,,,,,,
6,539,0.16,*,,,,,,,,,,,,,,,,,
7,830,0.24,*,,,,,,,,,,,,,,,,,
8,761,0.22,*,,,,,,,,,,,,,,,,,
9,1075,0.31,**,,,,,,,,,,,,,,,,,
10,968,0.28,**,,,,,,,,,,,,,,,,,
11,1364,0.39,**,,,,,,,,,,,,,,,,,
12,1282,0.37,**,,,,,,,,,,,,,,,,,
13,1645,0.48,***,,,,,,,,,,,,,,,,,
14,1754,0.51,***,,,,,,,,,,,,,,,,,
15,1921,0.55,***,,,,,,,,,,,,,,,,,
16,2339,0.68,****,,,,,,,,,,,,,,,,,
17,2359,0.68,****,,,,,,,,,,,,,,,,,
18,2802,0.81,*****,,,,,,,,,,,,,,,,,
19,2875,0.83,*****,,,,,,,,,,,,,,,,,
20,3295,0.95,******,,,,,,,,,,,,,,,,,
21,3597,1.04,******,,,,,,,,,,,,,,,,,
22,3741,1.08,******,,,,,,,,,,,,,,,,,
23,4146,1.2,*******,,,,,,,,,,,,,,,,,
24,4434,1.28,********,,,,,,,,,,,,,,,,,
25,4763,1.38,********,,,,,,,,,,,,,,,,,
26,4968,1.43,*********,,,,,,,,,,,,,,,,,
27,5501,1.59,**********,,,,,,,,,,,,,,,,,
28,5662,1.64,**********,,,,,,,,,,,,,,,,,
29,5720,1.65,**********,,,,,,,,,,,,,,,,,
30,5984,1.73,**********,,,,,,,,,,,,,,,,,
31,6122,1.77,***********,,,,,,,,,,,,,,,,,
32,6246,1.8,***********,,,,,,,,,,,,,,,,,
33,6255,1.81,***********,,,,,,,,,,,,,,,,,
34,6544,1.89,***********,,,,,,,,,,,,,,,,,
35,6451,1.86,***********,,,,,,,,,,,,,,,,,
36,6481,1.87,***********,,,,,,,,,,,,,,,,,
37,6676,1.93,************,,,,,,,,,,,,,,,,,
38,6515,1.88,***********,,,,,,,,,,,,,,,,,
39,6404,1.85,***********,,,,,,,,,,,,,,,,,
40,6490,1.87,***********,,,,,,,,,,,,,,,,,
41,6483,1.87,***********,,,,,,,,,,,,,,,,,
42,6338,1.83,***********,,,,,,,,,,,,,,,,,
43,6488,1.87,***********,,,,,,,,,,,,,,,,,
44,6219,1.8,***********,,,,,,,,,,,,,,,,,
45,6050,1.75,**********,,,,,,,,,,,,,,,,,
46,6151,1.78,***********,,,,,,,,,,,,,,,,,
47,6075,1.75,***********,,,,,,,,,,,,,,,,,
48,6079,1.76,***********,,,,,,,,,,,,,,,,,
49,5969,1.72,**********,,,,,,,,,,,,,,,,,
50,5801,1.68,**********,,,,,,,,,,,,,,,,,
51,5997,1.73,**********,,,,,,,,,,,,,,,,,
52,5685,1.64,**********,,,,,,,,,,,,,,,,,
53,5600,1.62,**********,,,,,,,,,,,,,,,,,
54,5648,1.63,**********,,,,,,,,,,,,,,,,,
55,5244,1.51,*********,,,,,,,,,,,,,,,,,
56,5607,1.62,**********,,,,,,,,,,,,,,,,,
57,5208,1.5,*********,,,,,,,,,,,,,,,,,
58,5210,1.5,*********,,,,,,,,,,,,,,,,,
59,5225,1.51,*********,,,,,,,,,,,,,,,,,
60,5037,1.45,*********,,,,,,,,,,,,,,,,,
61,4915,1.42,*********,,,,,,,,,,,,,,,,,
62,4944,1.43,*********,,,,,,,,,,,,,,,,,
63,4546,1.31,********,,,,,,,,,,,,,,,,,
64,4546,1.31,********,,,,,,,,,,,,,,,,,
65,4672,1.35,********,,,,,,,,,,,,,,,,,
66,4338,1.25,********,,,,,,,,,,,,,,,,,
67,4129,1.19,*******,,,,,,,,,,,,,,,,,
68,4221,1.22,*******,,,,,,,,,,,,,,,,,
69,3824,1.1,*******,,,,,,,,,,,,,,,,,
70,3533,1.02,******,,,,,,,,,,,,,,,,,
71,3944,1.14,*******,,,,,,,,,,,,,,,,,
72,3431,0.99,******,,,,,,,,,,,,,,,,,
73,2984,0.86,*****,,,,,,,,,,,,,,,,,
74,3554,1.03,******,,,,,,,,,,,,,,,,,
75,2861,0.83,*****,,,,,,,,,,,,,,,,,
76,2644,0.76,*****,,,,,,,,,,,,,,,,,
77,3001,0.87,*****,,,,,,,,,,,,,,,,,
78,2276,0.66,****,,,,,,,,,,,,,,,,,
79,2367,0.68,****,,,,,,,,,,,,,,,,,
80,2266,0.65,****,,,,,,,,,,,,,,,,,
81,1831,0.53,***,,,,,,,,,,,,,,,,,
82,1964,0.57,***,,,,,,,,,,,,,,,,,
83,1758,0.51,***,,,,,,,,,,,,,,,,,
84,1449,0.42,***,,,,,,,,,,,,,,,,,
85,1305,0.38,**,,,,,,,,,,,,,,,,,
86,1416,0.41,**,,,,,,,,,,,,,,,,,
87,979,0.28,**,,,,,,,,,,,,,,,,,
88,993,0.29,**,,,,,,,,,,,,,,,,,
89,1085,0.31,**,,,,,,,,,,,,,,,,,
90,640,0.18,*,,,,,,,,,,,,,,,,,
91,797,0.23,*,,,,,,,,,,,,,,,,,
92,433,0.13,*,,,,,,,,,,,,,,,,,
93,621,0.18,*,,,,,,,,,,,,,,,,,
94,375,0.11,*,,,,,,,,,,,,,,,,,
95,282,0.08,,,,,,,,,,,,,,,,,,
96,439,0.13,*,,,,,,,,,,,,,,,,,
97,168,0.05,,,,,,,,,,,,,,,,,,
98,186,0.05,,,,,,,,,,,,,,,,,,
99,0,0,,,,,,,,,,,,,,,,,,
100,388,0.11,*,,,,,,,,,,,,,,,,,
óﬂòaÇWîNìx â»ñ⁄ï ê¨ê—ï™ïzê}Åiñ{ééå±Åj,,,,,,,,,,,,,,,,,,,,
â»ñ⁄ñº,ñûì_,ç≈çÇì_,ç≈í·ì_,ïΩãœì_,ïWèÄïŒç∑,éÛå±é“êî,ìæì_ó¶,ÇTï™ílÇeÇP,ÇTï™ílÇeÇQ,ÇTï™ílÇeÇR,ÇTï™ílÇeÇS,ÇPíiäK,ÇQíiäK,ÇRíiäK,ÇSíiäK,ÇTíiäK,ÇUíiäK,ÇVíiäK,ÇWíiäK,ÇXíiäK
êîäwáTÅCêîäwÇ`,100,100,0,47.2,19.41,343000,0.472,29,40,51,65,0Å`15,16Å`23,24Å`30,31Å`40,41Å`51,52Å`62,63Å`72,73Å`81,82Å`100
ì_êî,êlêî,î‰ó¶ÅiÅìÅj,,,,,,,,,,,,,,,,,,
ÇPíiäK,13072,3.811078,,,,,,,,,,,,,,,,,,
0,185,0.05,,,,,,,,,,,,,,,,,,
1,0,0,,,,,,,,,,,,,,,,,,
2,315,0.09,*,,,,,,,,,,,,,,,,,
3,187,0.05,,,,,,,,,,,,,,,,,,
4,354,0.1,*,,,,,,,,,,,,,,,,,
5,434,0.13,*,,,,,,,,,,,,,,,,,
6,493,0.14,*,,,,,,,,,,,,,,,,,
7,791,0.23,*,,,,,,,,,,,,,,,,,
8,722,0.21,*,,,,,,,,,,,,,,,,,
9,1033,0.3,**,,,,,,,,,,,,,,,,,
10,911,0.27,**,,,,,,,,,,,,,,,,,
11,1297,0.38,**,,,,,,,,,,,,,,,,,
12,1233,0.36,**,,,,,,,,,,,,,,,,,
13,1567,0.46,***,,,,,,,,,,,,,,,,,
14,1688,0.49,***,,,,,,,,,,,,,,,,,
15,1862,0.54,***,,,,,,,,,,,,,,,,,
ÇQíiäK,24511,7.146064,,,,,,,,,,,,,,,,,,
16,2252,0.66,****,,,,,,,,,,,,,,,,,
17,2283,0.67,****,,,,,,,,,,,,,,,,,
18,2735,0.8,*****,,,,,,,,,,,,,,,,,
19,2784,0.81,*****,,,,,,,,,,,,,,,,,
20,3226,0.94,******,,,,,,,,,,,,,,,,,
21,3502,1.02,******,,,,,,,,,,,,,,,,,
22,3654,1.07,******,,,,,,,,,,,,,,,,,
23,4075,1.19,*******,,,,,,,,,,,,,,,,,
ÇRíiäK,36396,10.611078,,,,,,,,,,,,,,,,,,
24,4343,1.27,********,,,,,,,,,,,,,,,,,
25,4678,1.36,********,,,,,,,,,,,,,,,,,
26,4883,1.42,*********,,,,,,,,,,,,,,,,,
27,5405,1.58,*********,,,,,,,,,,,,,,,,,
28,5564,1.62,**********,,,,,,,,,,,,,,,,,
29,5629,1.64,**********,,,,,,,,,,,,,,,,,
30,5894,1.72,**********,,,,,,,,,,,,,,,,,
ÇSíiäK,63428,18.492128,,,,,,,,,,,,,,,,,,
31,6038,1.76,***********,,,,,,,,,,,,,,,,,
32,6164,1.8,***********,,,,,,,,,,,,,,,,,
33,6169,1.8,***********,,,,,,,,,,,,,,,,,
34,6461,1.88,***********,,,,,,,,,,,,,,,,,
35,6360,1.85,***********,,,,,,,,,,,,,,,,,
36,6397,1.87,***********,,,,,,,,,,,,,,,,,
37,6605,1.93,************,,,,,,,,,,,,,,,,,
38,6451,1.88,***********,,,,,,,,,,,,,,,,,
39,6353,1.85,***********,,,,,,,,,,,,,,,,,
40,6430,1.87,***********,,,,,,,,,,,,,,,,,
ÇTíiäK,67226,19.599416,,,,,,,,,,,,,,,,,,
41,6437,1.88,***********,,,,,,,,,,,,,,,,,
42,6290,1.83,***********,,,,,,,,,,,,,,,,,
43,6423,1.87,***********,,,,,,,,,,,,,,,,,
44,6178,1.8,***********,,,,,,,,,,,,,,,,,
45,6012,1.75,***********,,,,,,,,,,,,,,,,,
46,6105,1.78,***********,,,,,,,,,,,,,,,,,
47,6043,1.76,***********,,,,,,,,,,,,,,,,,
48,6050,1.76,***********,,,,,,,,,,,,,,,,,
49,5939,1.73,**********,,,,,,,,,,,,,,,,,
50,5770,1.68,**********,,,,,,,,,,,,,,,,,
51,5979,1.74,**********,,,,,,,,,,,,,,,,,
ÇUíiäK,58172,16.959766,,,,,,,,,,,,,,,,,,
52,5657,1.65,**********,,,,,,,,,,,,,,,,,
53,5582,1.63,**********,,,,,,,,,,,,,,,,,
54,5633,1.64,**********,,,,,,,,,,,,,,,,,
55,5232,1.53,*********,,,,,,,,,,,,,,,,,
56,5596,1.63,**********,,,,,,,,,,,,,,,,,
57,5193,1.51,*********,,,,,,,,,,,,,,,,,
58,5197,1.52,*********,,,,,,,,,,,,,,,,,
59,5210,1.52,*********,,,,,,,,,,,,,,,,,
60,5023,1.46,*********,,,,,,,,,,,,,,,,,
61,4909,1.43,*********,,,,,,,,,,,,,,,,,
62,4940,1.44,*********,,,,,,,,,,,,,,,,,
ÇVíiäK,41147,11.996209,,,,,,,,,,,,,,,,,,
63,4541,1.32,********,,,,,,,,,,,,,,,,,
64,4541,1.32,********,,,,,,,,,,,,,,,,,
65,4667,1.36,********,,,,,,,,,,,,,,,,,
66,4331,1.26,********,,,,,,,,,,,,,,,,,
67,4123,1.2,*******,,,,,,,,,,,,,,,,,
68,4218,1.23,*******,,,,,,,,,,,,,,,,,
69,3821,1.11,*******,,,,,,,,,,,,,,,,,
70,3531,1.03,******,,,,,,,,,,,,,,,,,
71,3943,1.15,*******,,,,,,,,,,,,,,,,,
72,3431,1,******,,,,,,,,,,,,,,,,,
ÇWíiäK,23774,6.931195,,,,,,,,,,,,,,,,,,
73,2980,0.87,*****,,,,,,,,,,,,,,,,,
74,3552,1.04,******,,,,,,,,,,,,,,,,,
75,2860,0.83,*****,,,,,,,,,,,,,,,,,
76,2644,0.77,*****,,,,,,,,,,,,,,,,,
77,2999,0.87,*****,,,,,,,,,,,,,,,,,
78,2276,0.66,****,,,,,,,,,,,,,,,,,
79,2367,0.69,****,,,,,,,,,,,,,,,,,
80,2266,0.66,****,,,,,,,,,,,,,,,,,
81,1830,0.53,***,,,,,,,,,,,,,,,,,
ÇXíiäK,15274,4.453061,,,,,,,,,,,,,,,,,,
82,1964,0.57,***,,,,,,,,,,,,,,,,,
83,1758,0.51,***,,,,,,,,,,,,,,,,,
84,1447,0.42,***,,,,,,,,,,,,,,,,,
85,1304,0.38,**,,,,,,,,,,,,,,,,,
86,1415,0.41,**,,,,,,,,,,,,,,,,,
87,979,0.29,**,,,,,,,,,,,,,,,,,
88,993,0.29,**,,,,,,,,,,,,,,,,,
89,1085,0.32,**,,,,,,,,,,,,,,,,,
90,640,0.19,*,,,,,,,,,,,,,,,,,
91,797,0.23,*,,,,,,,,,,,,,,,,,
92,433,0.13,*,,,,,,,,,,,,,,,,,
93,621,0.18,*,,,,,,,,,,,,,,,,,
94,375,0.11,*,,,,,,,,,,,,,,,,,
95,282,0.08,,,,,,,,,,,,,,,,,,
96,439,0.13,*,,,,,,,,,,,,,,,,,
97,168,0.05,,,,,,,,,,,,,,,,,,
98,186,0.05,,,,,,,,,,,,,,,,,,
99,0,0,,,,,,,,,,,,,,,,,,
100,388,0.11,*,,,,,,,,,,,,,,,,,
óﬂòaÇWîNìx â»ñ⁄ï ê¨ê—ï™ïzê}Åiñ{ééå±Åj,,,,,,,,,,,,,,,,,,,,
â»ñ⁄ñº,ñûì_,ç≈çÇì_,ç≈í·ì_,ïΩãœì_,ïWèÄïŒç∑,éÛå±é“êî,ìæì_ó¶,ÇTï™ílÇeÇP,ÇTï™ílÇeÇQ,ÇTï™ílÇeÇR,ÇTï™ílÇeÇS,ÇPíiäK,ÇQíiäK,ÇRíiäK,ÇSíiäK,ÇTíiäK,ÇUíiäK,ÇVíiäK,ÇWíiäK,ÇXíiäK
êîäwáT,100,86,0,28.53,14.01,3280,0.2853,15,24,31,39,0Å`6,7Å`10,11Å`16,17Å`23,24Å`30,31Å`37,38Å`45,46Å`54,55Å`100
ì_êî,êlêî,î‰ó¶ÅiÅìÅj,,,,,,,,,,,,,,,,,,
ÇPíiäK,123,3.75,,,,,,,,,,,,,,,,,,
0,16,0.49,***,,,,,,,,,,,,,,,,,
1,0,0,,,,,,,,,,,,,,,,,,
2,22,0.67,****,,,,,,,,,,,,,,,,,
3,1,0.03,,,,,,,,,,,,,,,,,,
4,24,0.73,****,,,,,,,,,,,,,,,,,
5,14,0.43,***,,,,,,,,,,,,,,,,,
6,46,1.4,********,,,,,,,,,,,,,,,,,
ÇQíiäK,177,5.396341,,,,,,,,,,,,,,,,,,
7,39,1.19,*******,,,,,,,,,,,,,,,,,
8,39,1.19,*******,,,,,,,,,,,,,,,,,
9,42,1.28,********,,,,,,,,,,,,,,,,,
10,57,1.74,**********,,,,,,,,,,,,,,,,,
ÇRíiäK,406,12.378048,,,,,,,,,,,,,,,,,,
11,67,2.04,************,,,,,,,,,,,,,,,,,
12,49,1.49,*********,,,,,,,,,,,,,,,,,
13,78,2.38,**************,,,,,,,,,,,,,,,,,
14,66,2.01,************,,,,,,,,,,,,,,,,,
15,59,1.8,***********,,,,,,,,,,,,,,,,,
16,87,2.65,****************,,,,,,,,,,,,,,,,,
ÇSíiäK,556,16.951219,,,,,,,,,,,,,,,,,,
17,76,2.32,**************,,,,,,,,,,,,,,,,,
18,67,2.04,************,,,,,,,,,,,,,,,,,
19,91,2.77,*****************,,,,,,,,,,,,,,,,,
20,69,2.1,*************,,,,,,,,,,,,,,,,,
21,95,2.9,*****************,,,,,,,,,,,,,,,,,
22,87,2.65,****************,,,,,,,,,,,,,,,,,
23,71,2.16,*************,,,,,,,,,,,,,,,,,
ÇTíiäK,636,19.390243,,,,,,,,,,,,,,,,,,
24,91,2.77,*****************,,,,,,,,,,,,,,,,,
25,85,2.59,****************,,,,,,,,,,,,,,,,,
26,85,2.59,****************,,,,,,,,,,,,,,,,,
27,96,2.93,******************,,,,,,,,,,,,,,,,,
28,98,2.99,******************,,,,,,,,,,,,,,,,,
29,91,2.77,*****************,,,,,,,,,,,,,,,,,
30,90,2.74,****************,,,,,,,,,,,,,,,,,
ÇUíiäK,581,17.713414,,,,,,,,,,,,,,,,,,
31,84,2.56,***************,,,,,,,,,,,,,,,,,
32,82,2.5,***************,,,,,,,,,,,,,,,,,
33,86,2.62,****************,,,,,,,,,,,,,,,,,
34,83,2.53,***************,,,,,,,,,,,,,,,,,
35,91,2.77,*****************,,,,,,,,,,,,,,,,,
36,84,2.56,***************,,,,,,,,,,,,,,,,,
37,71,2.16,*************,,,,,,,,,,,,,,,,,
ÇVíiäK,413,12.591463,,,,,,,,,,,,,,,,,,
38,64,1.95,************,,,,,,,,,,,,,,,,,
39,51,1.55,*********,,,,,,,,,,,,,,,,,
40,60,1.83,***********,,,,,,,,,,,,,,,,,
41,46,1.4,********,,,,,,,,,,,,,,,,,
42,48,1.46,*********,,,,,,,,,,,,,,,,,
43,65,1.98,************,,,,,,,,,,,,,,,,,
44,41,1.25,********,,,,,,,,,,,,,,,,,
45,38,1.16,*******,,,,,,,,,,,,,,,,,
ÇWíiäK,247,7.530487,,,,,,,,,,,,,,,,,,
46,46,1.4,********,,,,,,,,,,,,,,,,,
47,32,0.98,******,,,,,,,,,,,,,,,,,
48,29,0.88,*****,,,,,,,,,,,,,,,,,
49,30,0.91,*****,,,,,,,,,,,,,,,,,
50,31,0.95,******,,,,,,,,,,,,,,,,,
51,18,0.55,***,,,,,,,,,,,,,,,,,
52,28,0.85,*****,,,,,,,,,,,,,,,,,
53,18,0.55,***,,,,,,,,,,,,,,,,,
54,15,0.46,***,,,,,,,,,,,,,,,,,
ÇXíiäK,141,4.29878,,,,,,,,,,,,,,,,,,
55,12,0.37,**,,,,,,,,,,,,,,,,,
56,11,0.34,**,,,,,,,,,,,,,,,,,
57,15,0.46,***,,,,,,,,,,,,,,,,,
58,13,0.4,**,,,,,,,,,,,,,,,,,
59,15,0.46,***,,,,,,,,,,,,,,,,,
60,14,0.43,***,,,,,,,,,,,,,,,,,
61,6,0.18,*,,,,,,,,,,,,,,,,,
62,4,0.12,*,,,,,,,,,,,,,,,,,
63,5,0.15,*,,,,,,,,,,,,,,,,,
64,5,0.15,*,,,,,,,,,,,,,,,,,
65,5,0.15,*,,,,,,,,,,,,,,,,,
66,7,0.21,*,,,,,,,,,,,,,,,,,
67,6,0.18,*,,,,,,,,,,,,,,,,,
68,3,0.09,*,,,,,,,,,,,,,,,,,
69,3,0.09,*,,,,,,,,,,,,,,,,,
70,2,0.06,,,,,,,,,,,,,,,,,,
71,1,0.03,,,,,,,,,,,,,,,,,,
72,0,0,,,,,,,,,,,,,,,,,,
73,4,0.12,*,,,,,,,,,,,,,,,,,
74,2,0.06,,,,,,,,,,,,,,,,,,
75,1,0.03,,,,,,,,,,,,,,,,,,
76,0,0,,,,,,,,,,,,,,,,,,
77,2,0.06,,,,,,,,,,,,,,,,,,
78,0,0,,,,,,,,,,,,,,,,,,
79,0,0,,,,,,,,,,,,,,,,,,
80,0,0,,,,,,,,,,,,,,,,,,
81,1,0.03,,,,,,,,,,,,,,,,,,
82,0,0,,,,,,,,,,,,,,,,,,
83,0,0,,,,,,,,,,,,,,,,,,
84,2,0.06,,,,,,,,,,,,,,,,,,
85,1,0.03,,,,,,,,,,,,,,,,,,
86,1,0.03,,,,,,,,,,,,,,,,,,
87,0,0,,,,,,,,,,,,,,,,,,
88,0,0,,,,,,,,,,,,,,,,,,
89,0,0,,,,,,,,,,,,,,,,,,
90,0,0,,,,,,,,,,,,,,,,,,
91,0,0,,,,,,,,,,,,,,,,,,
92,0,0,,,,,,,,,,,,,,,,,,
93,0,0,,,,,,,,,,,,,,,,,,
94,0,0,,,,,,,,,,,,,,,,,,
95,0,0,,,,,,,,,,,,,,,,,,
96,0,0,,,,,,,,,,,,,,,,,,
97,0,0,,,,,,,,,,,,,,,,,,
98,0,0,,,,,,,,,,,,,,,,,,
99,0,0,,,,,,,,,,,,,,,,,,
100,0,0,,,,,,,,,,,,,,,,,,
óﬂòaÇWîNìx ã≥â»ï ê¨ê—ï™ïzê}Åiñ{ééå±Åj,,,,,,,,,,,,,,,,,,,,
ã≥â»ñº,ñûì_,ç≈çÇì_,ç≈í·ì_,ïΩãœì_,ïWèÄïŒç∑,éÛå±é“êî,ìæì_ó¶,ÇTï™ílÇeÇP,ÇTï™ílÇeÇQ,ÇTï™ílÇeÇR,ÇTï™ílÇeÇS,,,,,,,,,
êîäwáA,100,100,0,54.52,21.84,317586,0.5452,34,48,60,74,,,,,,,,,
ì_êî,êlêî,î‰ó¶ÅiÅìÅj,,,,,,,,,,,,,,,,,,
0,118,0.04,,,,,,,,,,,,,,,,,,
1,34,0.01,,,,,,,,,,,,,,,,,,
2,113,0.04,,,,,,,,,,,,,,,,,,
3,132,0.04,,,,,,,,,,,,,,,,,,
4,214,0.07,,,,,,,,,,,,,,,,,,
5,313,0.1,*,,,,,,,,,,,,,,,,,
6,421,0.13,*,,,,,,,,,,,,,,,,,
7,539,0.17,*,,,,,,,,,,,,,,,,,
8,656,0.21,*,,,,,,,,,,,,,,,,,
9,903,0.28,**,,,,,,,,,,,,,,,,,
10,922,0.29,**,,,,,,,,,,,,,,,,,
11,1274,0.4,**,,,,,,,,,,,,,,,,,
12,1194,0.38,**,,,,,,,,,,,,,,,,,
13,1504,0.47,***,,,,,,,,,,,,,,,,,
14,1474,0.46,***,,,,,,,,,,,,,,,,,
15,1667,0.52,***,,,,,,,,,,,,,,,,,
16,1780,0.56,***,,,,,,,,,,,,,,,,,
17,1880,0.59,****,,,,,,,,,,,,,,,,,
18,1868,0.59,****,,,,,,,,,,,,,,,,,
19,1920,0.6,****,,,,,,,,,,,,,,,,,
20,2063,0.65,****,,,,,,,,,,,,,,,,,
21,2186,0.69,****,,,,,,,,,,,,,,,,,
22,2264,0.71,****,,,,,,,,,,,,,,,,,
23,2274,0.72,****,,,,,,,,,,,,,,,,,
24,2383,0.75,*****,,,,,,,,,,,,,,,,,
25,2561,0.81,*****,,,,,,,,,,,,,,,,,
26,2612,0.82,*****,,,,,,,,,,,,,,,,,
27,2758,0.87,*****,,,,,,,,,,,,,,,,,
28,2878,0.91,*****,,,,,,,,,,,,,,,,,
29,3145,0.99,******,,,,,,,,,,,,,,,,,
30,3138,0.99,******,,,,,,,,,,,,,,,,,
31,3567,1.12,*******,,,,,,,,,,,,,,,,,
32,3518,1.11,*******,,,,,,,,,,,,,,,,,
33,3879,1.22,*******,,,,,,,,,,,,,,,,,
34,3775,1.19,*******,,,,,,,,,,,,,,,,,
35,4247,1.34,********,,,,,,,,,,,,,,,,,
36,4121,1.3,********,,,,,,,,,,,,,,,,,
37,4532,1.43,*********,,,,,,,,,,,,,,,,,
38,4165,1.31,********,,,,,,,,,,,,,,,,,
39,4861,1.53,*********,,,,,,,,,,,,,,,,,
40,4449,1.4,********,,,,,,,,,,,,,,,,,
41,5243,1.65,**********,,,,,,,,,,,,,,,,,
42,4491,1.41,********,,,,,,,,,,,,,,,,,
43,5061,1.59,**********,,,,,,,,,,,,,,,,,
44,4647,1.46,*********,,,,,,,,,,,,,,,,,
45,5305,1.67,**********,,,,,,,,,,,,,,,,,
46,4993,1.57,*********,,,,,,,,,,,,,,,,,
47,5484,1.73,**********,,,,,,,,,,,,,,,,,
48,5087,1.6,**********,,,,,,,,,,,,,,,,,
49,5150,1.62,**********,,,,,,,,,,,,,,,,,
50,5188,1.63,**********,,,,,,,,,,,,,,,,,
51,5212,1.64,**********,,,,,,,,,,,,,,,,,
52,5483,1.73,**********,,,,,,,,,,,,,,,,,
53,5039,1.59,**********,,,,,,,,,,,,,,,,,
54,5459,1.72,**********,,,,,,,,,,,,,,,,,
55,5012,1.58,*********,,,,,,,,,,,,,,,,,
56,5504,1.73,**********,,,,,,,,,,,,,,,,,
57,4926,1.55,*********,,,,,,,,,,,,,,,,,
58,5319,1.67,**********,,,,,,,,,,,,,,,,,
59,4804,1.51,*********,,,,,,,,,,,,,,,,,
60,5298,1.67,**********,,,,,,,,,,,,,,,,,
61,4765,1.5,*********,,,,,,,,,,,,,,,,,
62,5170,1.63,**********,,,,,,,,,,,,,,,,,
63,4674,1.47,*********,,,,,,,,,,,,,,,,,
64,4867,1.53,*********,,,,,,,,,,,,,,,,,
65,4450,1.4,********,,,,,,,,,,,,,,,,,
66,4715,1.48,*********,,,,,,,,,,,,,,,,,
67,4373,1.38,********,,,,,,,,,,,,,,,,,
68,4388,1.38,********,,,,,,,,,,,,,,,,,
69,4290,1.35,********,,,,,,,,,,,,,,,,,
70,4060,1.28,********,,,,,,,,,,,,,,,,,
71,4196,1.32,********,,,,,,,,,,,,,,,,,
72,3937,1.24,*******,,,,,,,,,,,,,,,,,
73,4146,1.31,********,,,,,,,,,,,,,,,,,
74,3702,1.17,*******,,,,,,,,,,,,,,,,,
75,3887,1.22,*******,,,,,,,,,,,,,,,,,
76,3418,1.08,******,,,,,,,,,,,,,,,,,
77,3740,1.18,*******,,,,,,,,,,,,,,,,,
78,3125,0.98,******,,,,,,,,,,,,,,,,,
79,3619,1.14,*******,,,,,,,,,,,,,,,,,
80,3006,0.95,******,,,,,,,,,,,,,,,,,
81,3287,1.03,******,,,,,,,,,,,,,,,,,
82,2930,0.92,******,,,,,,,,,,,,,,,,,
83,3089,0.97,******,,,,,,,,,,,,,,,,,
84,2775,0.87,*****,,,,,,,,,,,,,,,,,
85,2744,0.86,*****,,,,,,,,,,,,,,,,,
86,2815,0.89,*****,,,,,,,,,,,,,,,,,
87,2395,0.75,*****,,,,,,,,,,,,,,,,,
88,2746,0.86,*****,,,,,,,,,,,,,,,,,
89,2016,0.63,****,,,,,,,,,,,,,,,,,
90,2803,0.88,*****,,,,,,,,,,,,,,,,,
91,1609,0.51,***,,,,,,,,,,,,,,,,,
92,2770,0.87,*****,,,,,,,,,,,,,,,,,
93,1157,0.36,**,,,,,,,,,,,,,,,,,
94,2666,0.84,*****,,,,,,,,,,,,,,,,,
95,679,0.21,*,,,,,,,,,,,,,,,,,
96,2758,0.87,*****,,,,,,,,,,,,,,,,,
97,205,0.06,,,,,,,,,,,,,,,,,,
98,2489,0.78,*****,,,,,,,,,,,,,,,,,
99,25,0.01,,,,,,,,,,,,,,,,,,
100,2093,0.66,****,,,,,,,,,,,,,,,,,
óﬂòaÇWîNìx â»ñ⁄ï ê¨ê—ï™ïzê}Åiñ{ééå±Åj,,,,,,,,,,,,,,,,,,,,
â»ñ⁄ñº,ñûì_,ç≈çÇì_,ç≈í·ì_,ïΩãœì_,ïWèÄïŒç∑,éÛå±é“êî,ìæì_ó¶,ÇTï™ílÇeÇP,ÇTï™ílÇeÇQ,ÇTï™ílÇeÇR,ÇTï™ílÇeÇS,ÇPíiäK,ÇQíiäK,ÇRíiäK,ÇSíiäK,ÇTíiäK,ÇUíiäK,ÇVíiäK,ÇWíiäK,ÇXíiäK
êîäwáUÅCêîäwÇaÅCêîäwÇb,100,100,0,54.52,21.84,317586,0.5452,34,48,60,74,0Å`15,16Å`25,26Å`36,37Å`47,48Å`60,61Å`72,73Å`83,84Å`91,92Å`100
ì_êî,êlêî,î‰ó¶ÅiÅìÅj,,,,,,,,,,,,,,,,,,
ÇPíiäK,11478,3.614139,,,,,,,,,,,,,,,,,,
0,118,0.04,,,,,,,,,,,,,,,,,,
1,34,0.01,,,,,,,,,,,,,,,,,,
2,113,0.04,,,,,,,,,,,,,,,,,,
3,132,0.04,,,,,,,,,,,,,,,,,,
4,214,0.07,,,,,,,,,,,,,,,,,,
5,313,0.1,*,,,,,,,,,,,,,,,,,
6,421,0.13,*,,,,,,,,,,,,,,,,,
7,539,0.17,*,,,,,,,,,,,,,,,,,
8,656,0.21,*,,,,,,,,,,,,,,,,,
9,903,0.28,**,,,,,,,,,,,,,,,,,
10,922,0.29,**,,,,,,,,,,,,,,,,,
11,1274,0.4,**,,,,,,,,,,,,,,,,,
12,1194,0.38,**,,,,,,,,,,,,,,,,,
13,1504,0.47,***,,,,,,,,,,,,,,,,,
14,1474,0.46,***,,,,,,,,,,,,,,,,,
15,1667,0.52,***,,,,,,,,,,,,,,,,,
ÇQíiäK,21179,6.668744,,,,,,,,,,,,,,,,,,
16,1780,0.56,***,,,,,,,,,,,,,,,,,
17,1880,0.59,****,,,,,,,,,,,,,,,,,
18,1868,0.59,****,,,,,,,,,,,,,,,,,
19,1920,0.6,****,,,,,,,,,,,,,,,,,
20,2063,0.65,****,,,,,,,,,,,,,,,,,
21,2186,0.69,****,,,,,,,,,,,,,,,,,
22,2264,0.71,****,,,,,,,,,,,,,,,,,
23,2274,0.72,****,,,,,,,,,,,,,,,,,
24,2383,0.75,*****,,,,,,,,,,,,,,,,,
25,2561,0.81,*****,,,,,,,,,,,,,,,,,
ÇRíiäK,37638,11.851278,,,,,,,,,,,,,,,,,,
26,2612,0.82,*****,,,,,,,,,,,,,,,,,
27,2758,0.87,*****,,,,,,,,,,,,,,,,,
28,2878,0.91,*****,,,,,,,,,,,,,,,,,
29,3145,0.99,******,,,,,,,,,,,,,,,,,
30,3138,0.99,******,,,,,,,,,,,,,,,,,
31,3567,1.12,*******,,,,,,,,,,,,,,,,,
32,3518,1.11,*******,,,,,,,,,,,,,,,,,
33,3879,1.22,*******,,,,,,,,,,,,,,,,,
34,3775,1.19,*******,,,,,,,,,,,,,,,,,
35,4247,1.34,********,,,,,,,,,,,,,,,,,
36,4121,1.3,********,,,,,,,,,,,,,,,,,
ÇSíiäK,53231,16.761129,,,,,,,,,,,,,,,,,,
37,4532,1.43,*********,,,,,,,,,,,,,,,,,
38,4165,1.31,********,,,,,,,,,,,,,,,,,
39,4861,1.53,*********,,,,,,,,,,,,,,,,,
40,4449,1.4,********,,,,,,,,,,,,,,,,,
41,5243,1.65,**********,,,,,,,,,,,,,,,,,
42,4491,1.41,********,,,,,,,,,,,,,,,,,
43,5061,1.59,**********,,,,,,,,,,,,,,,,,
44,4647,1.46,*********,,,,,,,,,,,,,,,,,
45,5305,1.67,**********,,,,,,,,,,,,,,,,,
46,4993,1.57,*********,,,,,,,,,,,,,,,,,
47,5484,1.73,**********,,,,,,,,,,,,,,,,,
ÇTíiäK,67481,21.248102,,,,,,,,,,,,,,,,,,
48,5087,1.6,**********,,,,,,,,,,,,,,,,,
49,5150,1.62,**********,,,,,,,,,,,,,,,,,
50,5188,1.63,**********,,,,,,,,,,,,,,,,,
51,5212,1.64,**********,,,,,,,,,,,,,,,,,
52,5483,1.73,**********,,,,,,,,,,,,,,,,,
53,5039,1.59,**********,,,,,,,,,,,,,,,,,
54,5459,1.72,**********,,,,,,,,,,,,,,,,,
55,5012,1.58,*********,,,,,,,,,,,,,,,,,
56,5504,1.73,**********,,,,,,,,,,,,,,,,,
57,4926,1.55,*********,,,,,,,,,,,,,,,,,
58,5319,1.67,**********,,,,,,,,,,,,,,,,,
59,4804,1.51,*********,,,,,,,,,,,,,,,,,
60,5298,1.67,**********,,,,,,,,,,,,,,,,,
ÇUíiäK,53885,16.967057,,,,,,,,,,,,,,,,,,
61,4765,1.5,*********,,,,,,,,,,,,,,,,,
62,5170,1.63,**********,,,,,,,,,,,,,,,,,
63,4674,1.47,*********,,,,,,,,,,,,,,,,,
64,4867,1.53,*********,,,,,,,,,,,,,,,,,
65,4450,1.4,********,,,,,,,,,,,,,,,,,
66,4715,1.48,*********,,,,,,,,,,,,,,,,,
67,4373,1.38,********,,,,,,,,,,,,,,,,,
68,4388,1.38,********,,,,,,,,,,,,,,,,,
69,4290,1.35,********,,,,,,,,,,,,,,,,,
70,4060,1.28,********,,,,,,,,,,,,,,,,,
71,4196,1.32,********,,,,,,,,,,,,,,,,,
72,3937,1.24,*******,,,,,,,,,,,,,,,,,
ÇVíiäK,37949,11.949204,,,,,,,,,,,,,,,,,,
73,4146,1.31,********,,,,,,,,,,,,,,,,,
74,3702,1.17,*******,,,,,,,,,,,,,,,,,
75,3887,1.22,*******,,,,,,,,,,,,,,,,,
76,3418,1.08,******,,,,,,,,,,,,,,,,,
77,3740,1.18,*******,,,,,,,,,,,,,,,,,
78,3125,0.98,******,,,,,,,,,,,,,,,,,
79,3619,1.14,*******,,,,,,,,,,,,,,,,,
80,3006,0.95,******,,,,,,,,,,,,,,,,,
81,3287,1.03,******,,,,,,,,,,,,,,,,,
82,2930,0.92,******,,,,,,,,,,,,,,,,,
83,3089,0.97,******,,,,,,,,,,,,,,,,,
ÇWíiäK,19903,6.266963,,,,,,,,,,,,,,,,,,
84,2775,0.87,*****,,,,,,,,,,,,,,,,,
85,2744,0.86,*****,,,,,,,,,,,,,,,,,
86,2815,0.89,*****,,,,,,,,,,,,,,,,,
87,2395,0.75,*****,,,,,,,,,,,,,,,,,
88,2746,0.86,*****,,,,,,,,,,,,,,,,,
89,2016,0.63,****,,,,,,,,,,,,,,,,,
90,2803,0.88,*****,,,,,,,,,,,,,,,,,
91,1609,0.51,***,,,,,,,,,,,,,,,,,
ÇXíiäK,14842,4.673379,,,,,,,,,,,,,,,,,,
92,2770,0.87,*****,,,,,,,,,,,,,,,,,
93,1157,0.36,**,,,,,,,,,,,,,,,,,
94,2666,0.84,*****,,,,,,,,,,,,,,,,,
95,679,0.21,*,,,,,,,,,,,,,,,,,
96,2758,0.87,*****,,,,,,,,,,,,,,,,,
97,205,0.06,,,,,,,,,,,,,,,,,,
98,2489,0.78,*****,,,,,,,,,,,,,,,,,
99,25,0.01,,,,,,,,,,,,,,,,,,
100,2093,0.66,****,,,,,,,,,,,,,,,,,
óﬂòaÇWîNìx ã≥â»ï ê¨ê—ï™ïzê}Åiñ{ééå±Åj,,,,,,,,,,,,,,,,,,,,
ã≥â»ñº,ñûì_,ç≈çÇì_,ç≈í·ì_,ïΩãœì_,ïWèÄïŒç∑,éÛå±é“êî,ìæì_ó¶,ÇTï™ílÇeÇP,ÇTï™ílÇeÇQ,ÇTï™ílÇeÇR,ÇTï™ílÇeÇS,,,,,,,,,
ï®óùäÓëbÅ^âªäwäÓëbÅ^ê∂ï®äÓëbÅ^ínäwäÓëb,50,50,0,32.24,10.69,270352,0.6448,22,30,36,42,,,,,,,,,
ì_êî,êlêî,î‰ó¶ÅiÅìÅj,,,,,,,,,,,,,,,,,,
0,439,0.16,*,,,,,,,,,,,,,,,,,
1,0,0,,,,,,,,,,,,,,,,,,
2,0,0,,,,,,,,,,,,,,,,,,
3,610,0.23,*,,,,,,,,,,,,,,,,,
4,170,0.06,,,,,,,,,,,,,,,,,,
5,0,0,,,,,,,,,,,,,,,,,,
6,1675,0.62,****,,,,,,,,,,,,,,,,,
7,620,0.23,*,,,,,,,,,,,,,,,,,
8,105,0.04,,,,,,,,,,,,,,,,,,
9,3017,1.12,*******,,,,,,,,,,,,,,,,,
10,1533,0.57,***,,,,,,,,,,,,,,,,,
11,334,0.12,*,,,,,,,,,,,,,,,,,
12,4266,1.58,*********,,,,,,,,,,,,,,,,,
13,3058,1.13,*******,,,,,,,,,,,,,,,,,
14,611,0.23,*,,,,,,,,,,,,,,,,,
15,5226,1.93,************,,,,,,,,,,,,,,,,,
16,4609,1.7,**********,,,,,,,,,,,,,,,,,
17,1064,0.39,**,,,,,,,,,,,,,,,,,
18,5340,1.98,************,,,,,,,,,,,,,,,,,
19,6575,2.43,***************,,,,,,,,,,,,,,,,,
20,2002,0.74,****,,,,,,,,,,,,,,,,,
21,5594,2.07,************,,,,,,,,,,,,,,,,,
22,8069,2.98,******************,,,,,,,,,,,,,,,,,
23,3668,1.36,********,,,,,,,,,,,,,,,,,
24,6161,2.28,**************,,,,,,,,,,,,,,,,,
25,8678,3.21,*******************,,,,,,,,,,,,,,,,,
26,5602,2.07,************,,,,,,,,,,,,,,,,,
27,7105,2.63,****************,,,,,,,,,,,,,,,,,
28,9254,3.42,*********************,,,,,,,,,,,,,,,,,
29,6978,2.58,***************,,,,,,,,,,,,,,,,,
30,8279,3.06,******************,,,,,,,,,,,,,,,,,
31,10040,3.71,**********************,,,,,,,,,,,,,,,,,
32,7448,2.75,*****************,,,,,,,,,,,,,,,,,
33,8468,3.13,*******************,,,,,,,,,,,,,,,,,
34,11229,4.15,*************************,,,,,,,,,,,,,,,,,
35,8069,2.98,******************,,,,,,,,,,,,,,,,,
36,7088,2.62,****************,,,,,,,,,,,,,,,,,
37,12066,4.46,***************************,,,,,,,,,,,,,,,,,
38,9853,3.64,**********************,,,,,,,,,,,,,,,,,
39,4171,1.54,*********,,,,,,,,,,,,,,,,,
40,11673,4.32,**************************,,,,,,,,,,,,,,,,,
41,12691,4.69,****************************,,,,,,,,,,,,,,,,,
42,1737,0.64,****,,,,,,,,,,,,,,,,,
43,8441,3.12,*******************,,,,,,,,,,,,,,,,,
44,16082,5.95,************************************,,,,,,,,,,,,,,,,,
45,0,0,,,,,,,,,,,,,,,,,,
46,4606,1.7,**********,,,,,,,,,,,,,,,,,
47,15892,5.88,***********************************,,,,,,,,,,,,,,,,,
48,0,0,,,,,,,,,,,,,,,,,,
49,0,0,,,,,,,,,,,,,,,,,,
50,10156,3.76,***********************,,,,,,,,,,,,,,,,,
óﬂòaÇWîNìx â»ñ⁄ï ê¨ê—ï™ïzê}Åiñ{ééå±Åj,,,,,,,,,,,,,,,,,,,,
â»ñ⁄ñº,ñûì_,ç≈çÇì_,ç≈í·ì_,ïΩãœì_,ïWèÄïŒç∑,éÛå±é“êî,ìæì_ó¶,ÇTï™ílÇeÇP,ÇTï™ílÇeÇQ,ÇTï™ílÇeÇR,ÇTï™ílÇeÇS,ÇPíiäK,ÇQíiäK,ÇRíiäK,ÇSíiäK,ÇTíiäK,ÇUíiäK,ÇVíiäK,ÇWíiäK,ÇXíiäK
ï®óùäÓëb,50,50,0,34.68,11.26,18486,0.6937,24,32,39,45,0Å`12,13Å`18,19Å`25,26Å`32,33Å`39,40Å`45,46Å`46,47Å`49,50Å`50
ì_êî,êlêî,î‰ó¶ÅiÅìÅj,,,,,,,,,,,,,,,,,,
ÇPíiäK,701,3.792058,,,,,,,,,,,,,,,,,,
0,28,0.15,*,,,,,,,,,,,,,,,,,
1,0,0,,,,,,,,,,,,,,,,,,
2,0,0,,,,,,,,,,,,,,,,,,
3,17,0.09,*,,,,,,,,,,,,,,,,,
4,51,0.28,**,,,,,,,,,,,,,,,,,
5,0,0,,,,,,,,,,,,,,,,,,
6,15,0.08,,,,,,,,,,,,,,,,,,
7,95,0.51,***,,,,,,,,,,,,,,,,,
8,90,0.49,***,,,,,,,,,,,,,,,,,
9,4,0.02,,,,,,,,,,,,,,,,,,
10,68,0.37,**,,,,,,,,,,,,,,,,,
11,208,1.13,*******,,,,,,,,,,,,,,,,,
12,125,0.68,****,,,,,,,,,,,,,,,,,
ÇQíiäK,1185,6.410256,,,,,,,,,,,,,,,,,,
13,35,0.19,*,,,,,,,,,,,,,,,,,
14,190,1.03,******,,,,,,,,,,,,,,,,,
15,356,1.93,************,,,,,,,,,,,,,,,,,
16,153,0.83,*****,,,,,,,,,,,,,,,,,
17,93,0.5,***,,,,,,,,,,,,,,,,,
18,358,1.94,************,,,,,,,,,,,,,,,,,
ÇRíiäK,2213,11.971221,,,,,,,,,,,,,,,,,,
19,427,2.31,**************,,,,,,,,,,,,,,,,,
20,127,0.69,****,,,,,,,,,,,,,,,,,
21,229,1.24,*******,,,,,,,,,,,,,,,,,
22,487,2.63,****************,,,,,,,,,,,,,,,,,
23,381,2.06,************,,,,,,,,,,,,,,,,,
24,166,0.9,*****,,,,,,,,,,,,,,,,,
25,396,2.14,*************,,,,,,,,,,,,,,,,,
ÇSíiäK,3140,16.985827,,,,,,,,,,,,,,,,,,
26,639,3.46,*********************,,,,,,,,,,,,,,,,,
27,289,1.56,*********,,,,,,,,,,,,,,,,,
28,264,1.43,*********,,,,,,,,,,,,,,,,,
29,641,3.47,*********************,,,,,,,,,,,,,,,,,
30,537,2.9,*****************,,,,,,,,,,,,,,,,,
31,255,1.38,********,,,,,,,,,,,,,,,,,
32,515,2.79,*****************,,,,,,,,,,,,,,,,,
ÇTíiäK,3726,20.155793,,,,,,,,,,,,,,,,,,
33,675,3.65,**********************,,,,,,,,,,,,,,,,,
34,330,1.79,***********,,,,,,,,,,,,,,,,,
35,402,2.17,*************,,,,,,,,,,,,,,,,,
36,692,3.74,**********************,,,,,,,,,,,,,,,,,
37,476,2.57,***************,,,,,,,,,,,,,,,,,
38,396,2.14,*************,,,,,,,,,,,,,,,,,
39,755,4.08,*************************,,,,,,,,,,,,,,,,,
ÇUíiäK,3082,16.672076,,,,,,,,,,,,,,,,,,
40,636,3.44,*********************,,,,,,,,,,,,,,,,,
41,157,0.85,*****,,,,,,,,,,,,,,,,,
42,877,4.74,****************************,,,,,,,,,,,,,,,,,
43,1104,5.97,************************************,,,,,,,,,,,,,,,,,
44,308,1.67,**********,,,,,,,,,,,,,,,,,
45,0,0,,,,,,,,,,,,,,,,,,
ÇVíiäK,2021,10.932597,,,,,,,,,,,,,,,,,,
46,2021,10.93,****************************************,OV,,,,,,,,,,,,,,,,
ÇWíiäK,629,3.402574,,,,,,,,,,,,,,,,,,
47,629,3.4,********************,,,,,,,,,,,,,,,,,
48,0,0,,,,,,,,,,,,,,,,,,
49,0,0,,,,,,,,,,,,,,,,,,
ÇXíiäK,1789,9.677593,,,,,,,,,,,,,,,,,,
50,1789,9.68,****************************************,OV,,,,,,,,,,,,,,,,
óﬂòaÇWîNìx â»ñ⁄ï ê¨ê—ï™ïzê}Åiñ{ééå±Åj,,,,,,,,,,,,,,,,,,,,
â»ñ⁄ñº,ñûì_,ç≈çÇì_,ç≈í·ì_,ïΩãœì_,ïWèÄïŒç∑,éÛå±é“êî,ìæì_ó¶,ÇTï™ílÇeÇP,ÇTï™ílÇeÇQ,ÇTï™ílÇeÇR,ÇTï™ílÇeÇS,ÇPíiäK,ÇQíiäK,ÇRíiäK,ÇSíiäK,ÇTíiäK,ÇUíiäK,ÇVíiäK,ÇWíiäK,ÇXíiäK
âªäwäÓëb,50,50,0,28.58,10.6,89094,0.5716,18,26,32,38,0Å`8,9Å`14,15Å`19,20Å`26,27Å`32,33Å`36,37Å`40,41Å`45,46Å`50
ì_êî,êlêî,î‰ó¶ÅiÅìÅj,,,,,,,,,,,,,,,,,,
ÇPíiäK,2159,2.423283,,,,,,,,,,,,,,,,,,
0,127,0.14,*,,,,,,,,,,,,,,,,,
1,0,0,,,,,,,,,,,,,,,,,,
2,0,0,,,,,,,,,,,,,,,,,,
3,429,0.48,***,,,,,,,,,,,,,,,,,
4,70,0.08,,,,,,,,,,,,,,,,,,
5,0,0,,,,,,,,,,,,,,,,,,
6,1220,1.37,********,,,,,,,,,,,,,,,,,
7,306,0.34,**,,,,,,,,,,,,,,,,,
8,7,0.01,,,,,,,,,,,,,,,,,,
ÇQíiäK,7577,8.5045,,,,,,,,,,,,,,,,,,
9,2120,2.38,**************,,,,,,,,,,,,,,,,,
10,880,0.99,******,,,,,,,,,,,,,,,,,
11,57,0.06,,,,,,,,,,,,,,,,,,
12,2754,3.09,*******************,,,,,,,,,,,,,,,,,
13,1598,1.79,***********,,,,,,,,,,,,,,,,,
14,168,0.19,*,,,,,,,,,,,,,,,,,
ÇRíiäK,10655,11.959278,,,,,,,,,,,,,,,,,,
15,3049,3.42,*********************,,,,,,,,,,,,,,,,,
16,1980,2.22,*************,,,,,,,,,,,,,,,,,
17,284,0.32,**,,,,,,,,,,,,,,,,,
18,3055,3.43,*********************,,,,,,,,,,,,,,,,,
19,2287,2.57,***************,,,,,,,,,,,,,,,,,
ÇSíiäK,13916,15.619458,,,,,,,,,,,,,,,,,,
20,382,0.43,***,,,,,,,,,,,,,,,,,
21,3386,3.8,***********************,,,,,,,,,,,,,,,,,
22,2506,2.81,*****************,,,,,,,,,,,,,,,,,
23,466,0.52,***,,,,,,,,,,,,,,,,,
24,3891,4.37,**************************,,,,,,,,,,,,,,,,,
25,2730,3.06,******************,,,,,,,,,,,,,,,,,
26,555,0.62,****,,,,,,,,,,,,,,,,,
ÇTíiäK,18038,20.246032,,,,,,,,,,,,,,,,,,
27,4404,4.94,******************************,,,,,,,,,,,,,,,,,
28,3443,3.86,***********************,,,,,,,,,,,,,,,,,
29,664,0.75,****,,,,,,,,,,,,,,,,,
30,4696,5.27,********************************,,,,,,,,,,,,,,,,,
31,4010,4.5,***************************,,,,,,,,,,,,,,,,,
32,821,0.92,******,,,,,,,,,,,,,,,,,
ÇUíiäK,13242,14.862953,,,,,,,,,,,,,,,,,,
33,4307,4.83,*****************************,,,,,,,,,,,,,,,,,
34,4742,5.32,********************************,,,,,,,,,,,,,,,,,
35,1050,1.18,*******,,,,,,,,,,,,,,,,,
36,3143,3.53,*********************,,,,,,,,,,,,,,,,,
ÇVíiäK,12404,13.922374,,,,,,,,,,,,,,,,,,
37,4987,5.6,**********************************,,,,,,,,,,,,,,,,,
38,1350,1.52,*********,,,,,,,,,,,,,,,,,
39,1467,1.65,**********,,,,,,,,,,,,,,,,,
40,4600,5.16,*******************************,,,,,,,,,,,,,,,,,
ÇWíiäK,7287,8.179001,,,,,,,,,,,,,,,,,,
41,1746,1.96,************,,,,,,,,,,,,,,,,,
42,308,0.35,**,,,,,,,,,,,,,,,,,
43,2985,3.35,********************,,,,,,,,,,,,,,,,,
44,2248,2.52,***************,,,,,,,,,,,,,,,,,
45,0,0,,,,,,,,,,,,,,,,,,
ÇXíiäK,3816,4.283116,,,,,,,,,,,,,,,,,,
46,823,0.92,******,,,,,,,,,,,,,,,,,
47,2101,2.36,**************,,,,,,,,,,,,,,,,,
48,0,0,,,,,,,,,,,,,,,,,,
49,0,0,,,,,,,,,,,,,,,,,,
50,892,1,******,,,,,,,,,,,,,,,,,
óﬂòaÇWîNìx â»ñ⁄ï ê¨ê—ï™ïzê}Åiñ{ééå±Åj,,,,,,,,,,,,,,,,,,,,
â»ñ⁄ñº,ñûì_,ç≈çÇì_,ç≈í·ì_,ïΩãœì_,ïWèÄïŒç∑,éÛå±é“êî,ìæì_ó¶,ÇTï™ílÇeÇP,ÇTï™ílÇeÇQ,ÇTï™ílÇeÇR,ÇTï™ílÇeÇS,ÇPíiäK,ÇQíiäK,ÇRíiäK,ÇSíiäK,ÇTíiäK,ÇUíiäK,ÇVíiäK,ÇWíiäK,ÇXíiäK
ê∂ï®äÓëb,50,50,0,36.46,9.57,114187,0.7292,28,35,40,44,0Å`15,16Å`23,24Å`29,30Å`34,35Å`40,41Å`43,44Å`46,47Å`49,50Å`50
ì_êî,êlêî,î‰ó¶ÅiÅìÅj,,,,,,,,,,,,,,,,,,
ÇPíiäK,3744,3.278832,,,,,,,,,,,,,,,,,,
0,97,0.08,*,,,,,,,,,,,,,,,,,
1,0,0,,,,,,,,,,,,,,,,,,
2,0,0,,,,,,,,,,,,,,,,,,
3,97,0.08,*,,,,,,,,,,,,,,,,,
4,24,0.02,,,,,,,,,,,,,,,,,,
5,0,0,,,,,,,,,,,,,,,,,,
6,273,0.24,*,,,,,,,,,,,,,,,,,
7,120,0.11,*,,,,,,,,,,,,,,,,,
8,1,0,,,,,,,,,,,,,,,,,,
9,484,0.42,***,,,,,,,,,,,,,,,,,
10,293,0.26,**,,,,,,,,,,,,,,,,,
11,21,0.02,,,,,,,,,,,,,,,,,,
12,694,0.61,****,,,,,,,,,,,,,,,,,
13,600,0.53,***,,,,,,,,,,,,,,,,,
14,71,0.06,,,,,,,,,,,,,,,,,,
15,969,0.85,*****,,,,,,,,,,,,,,,,,
ÇQíiäK,8668,7.591056,,,,,,,,,,,,,,,,,,
16,1039,0.91,*****,,,,,,,,,,,,,,,,,
17,158,0.14,*,,,,,,,,,,,,,,,,,
18,1145,1,******,,,,,,,,,,,,,,,,,
19,1658,1.45,*********,,,,,,,,,,,,,,,,,
20,318,0.28,**,,,,,,,,,,,,,,,,,
21,1342,1.18,*******,,,,,,,,,,,,,,,,,
22,2369,2.07,************,,,,,,,,,,,,,,,,,
23,639,0.56,***,,,,,,,,,,,,,,,,,
ÇRíiäK,13330,11.673833,,,,,,,,,,,,,,,,,,
24,1429,1.25,********,,,,,,,,,,,,,,,,,
25,3172,2.78,*****************,,,,,,,,,,,,,,,,,
26,1218,1.07,******,,,,,,,,,,,,,,,,,
27,1368,1.2,*******,,,,,,,,,,,,,,,,,
28,4021,3.52,*********************,,,,,,,,,,,,,,,,,
29,2122,1.86,***********,,,,,,,,,,,,,,,,,
ÇSíiäK,16050,14.05589,,,,,,,,,,,,,,,,,,
30,1313,1.15,*******,,,,,,,,,,,,,,,,,
31,4873,4.27,**************************,,,,,,,,,,,,,,,,,
32,3292,2.88,*****************,,,,,,,,,,,,,,,,,
33,1028,0.9,*****,,,,,,,,,,,,,,,,,
34,5544,4.86,*****************************,,,,,,,,,,,,,,,,,
ÇTíiäK,24516,21.470044,,,,,,,,,,,,,,,,,,
35,5191,4.55,***************************,,,,,,,,,,,,,,,,,
36,665,0.58,***,,,,,,,,,,,,,,,,,
37,5615,4.92,******************************,,,,,,,,,,,,,,,,,
38,7719,6.76,****************************************,OV,,,,,,,,,,,,,,,,
39,356,0.31,**,,,,,,,,,,,,,,,,,
40,4970,4.35,**************************,,,,,,,,,,,,,,,,,
ÇUíiäK,13846,12.125723,,,,,,,,,,,,,,,,,,
41,10573,9.26,****************************************,OV,,,,,,,,,,,,,,,,
42,76,0.07,,,,,,,,,,,,,,,,,,
43,3197,2.8,*****************,,,,,,,,,,,,,,,,,
ÇVíiäK,14276,12.502298,,,,,,,,,,,,,,,,,,
44,13108,11.48,****************************************,OV,,,,,,,,,,,,,,,,
45,0,0,,,,,,,,,,,,,,,,,,
46,1168,1.02,******,,,,,,,,,,,,,,,,,
ÇWíiäK,12674,11.099337,,,,,,,,,,,,,,,,,,
47,12674,11.1,****************************************,OV,,,,,,,,,,,,,,,,
48,0,0,,,,,,,,,,,,,,,,,,
49,0,0,,,,,,,,,,,,,,,,,,
ÇXíiäK,7083,6.202982,,,,,,,,,,,,,,,,,,
50,7083,6.2,*************************************,,,,,,,,,,,,,,,,,
óﬂòaÇWîNìx â»ñ⁄ï ê¨ê—ï™ïzê}Åiñ{ééå±Åj,,,,,,,,,,,,,,,,,,,,
â»ñ⁄ñº,ñûì_,ç≈çÇì_,ç≈í·ì_,ïΩãœì_,ïWèÄïŒç∑,éÛå±é“êî,ìæì_ó¶,ÇTï™ílÇeÇP,ÇTï™ílÇeÇQ,ÇTï™ílÇeÇR,ÇTï™ílÇeÇS,ÇPíiäK,ÇQíiäK,ÇRíiäK,ÇSíiäK,ÇTíiäK,ÇUíiäK,ÇVíiäK,ÇWíiäK,ÇXíiäK
ínäwäÓëb,50,50,0,28.17,8.86,48438,0.5635,20,25,30,35,0Å`12,13Å`16,17Å`21,22Å`25,26Å`29,30Å`34,35Å`38,39Å`42,43Å`50
ì_êî,êlêî,î‰ó¶ÅiÅìÅj,,,,,,,,,,,,,,,,,,
ÇPíiäK,1847,3.813121,,,,,,,,,,,,,,,,,,
0,40,0.08,,,,,,,,,,,,,,,,,,
1,0,0,,,,,,,,,,,,,,,,,,
2,0,0,,,,,,,,,,,,,,,,,,
3,67,0.14,*,,,,,,,,,,,,,,,,,
4,25,0.05,,,,,,,,,,,,,,,,,,
5,0,0,,,,,,,,,,,,,,,,,,
6,167,0.34,**,,,,,,,,,,,,,,,,,
7,99,0.2,*,,,,,,,,,,,,,,,,,
8,7,0.01,,,,,,,,,,,,,,,,,,
9,409,0.84,*****,,,,,,,,,,,,,,,,,
10,292,0.6,****,,,,,,,,,,,,,,,,,
11,48,0.1,*,,,,,,,,,,,,,,,,,
12,693,1.43,*********,,,,,,,,,,,,,,,,,
ÇQíiäK,3296,6.804574,,,,,,,,,,,,,,,,,,
13,825,1.7,**********,,,,,,,,,,,,,,,,,
14,182,0.38,**,,,,,,,,,,,,,,,,,
15,852,1.76,***********,,,,,,,,,,,,,,,,,
16,1437,2.97,******************,,,,,,,,,,,,,,,,,
ÇRíiäK,5326,10.995499,,,,,,,,,,,,,,,,,,
17,529,1.09,*******,,,,,,,,,,,,,,,,,
18,782,1.61,**********,,,,,,,,,,,,,,,,,
19,2203,4.55,***************************,,,,,,,,,,,,,,,,,
20,1175,2.43,***************,,,,,,,,,,,,,,,,,
21,637,1.32,********,,,,,,,,,,,,,,,,,
ÇSíiäK,7944,16.400346,,,,,,,,,,,,,,,,,,
22,2707,5.59,**********************************,,,,,,,,,,,,,,,,,
23,2182,4.5,***************************,,,,,,,,,,,,,,,,,
24,675,1.39,********,,,,,,,,,,,,,,,,,
25,2380,4.91,*****************************,,,,,,,,,,,,,,,,,
ÇTíiäK,9311,19.222511,,,,,,,,,,,,,,,,,,
26,3190,6.59,****************************************,,,,,,,,,,,,,,,,,
27,1044,2.16,*************,,,,,,,,,,,,,,,,,
28,1526,3.15,*******************,,,,,,,,,,,,,,,,,
29,3551,7.33,****************************************,OV,,,,,,,,,,,,,,,,
ÇUíiäK,8526,17.601882,,,,,,,,,,,,,,,,,,
30,1733,3.58,*********************,,,,,,,,,,,,,,,,,
31,902,1.86,***********,,,,,,,,,,,,,,,,,
32,2820,5.82,***********************************,,,,,,,,,,,,,,,,,
33,2458,5.07,******************************,,,,,,,,,,,,,,,,,
34,613,1.27,********,,,,,,,,,,,,,,,,,
ÇVíiäK,5390,11.127627,,,,,,,,,,,,,,,,,,
35,1426,2.94,******************,,,,,,,,,,,,,,,,,
36,2588,5.34,********************************,,,,,,,,,,,,,,,,,
37,988,2.04,************,,,,,,,,,,,,,,,,,
38,388,0.8,*****,,,,,,,,,,,,,,,,,
ÇWíiäK,3751,7.74392,,,,,,,,,,,,,,,,,,
39,1593,3.29,********************,,,,,,,,,,,,,,,,,
40,1467,3.03,******************,,,,,,,,,,,,,,,,,
41,215,0.44,***,,,,,,,,,,,,,,,,,
42,476,0.98,******,,,,,,,,,,,,,,,,,
ÇXíiäK,3047,6.290515,,,,,,,,,,,,,,,,,,
43,1155,2.38,**************,,,,,,,,,,,,,,,,,
44,418,0.86,*****,,,,,,,,,,,,,,,,,
45,0,0,,,,,,,,,,,,,,,,,,
46,594,1.23,*******,,,,,,,,,,,,,,,,,
47,488,1.01,******,,,,,,,,,,,,,,,,,
48,0,0,,,,,,,,,,,,,,,,,,
49,0,0,,,,,,,,,,,,,,,,,,
50,392,0.81,*****,,,,,,,,,,,,,,,,,
óﬂòaÇWîNìx ã≥â»ï ê¨ê—ï™ïzê}Åiñ{ééå±Åj,,,,,,,,,,,,,,,,,,,,
ã≥â»ñº,ñûì_,ç≈çÇì_,ç≈í·ì_,ïΩãœì_,ïWèÄïŒç∑,éÛå±é“êî,ìæì_ó¶,ÇTï™ílÇeÇP,ÇTï™ílÇeÇQ,ÇTï™ílÇeÇR,ÇTï™ílÇeÇS,,,,,,,,,
óùâ»,100,100,0,55.35,21.89,521647,0.5535,34,49,62,76,,,,,,,,,
ì_êî,êlêî,î‰ó¶ÅiÅìÅj,,,,,,,,,,,,,,,,,,
0,980,0.19,*,,,,,,,,,,,,,,,,,
1,4,0,,,,,,,,,,,,,,,,,,
2,78,0.01,,,,,,,,,,,,,,,,,,
3,81,0.02,,,,,,,,,,,,,,,,,,
4,228,0.04,,,,,,,,,,,,,,,,,,
5,471,0.09,*,,,,,,,,,,,,,,,,,
6,219,0.04,,,,,,,,,,,,,,,,,,
7,453,0.09,*,,,,,,,,,,,,,,,,,
8,402,0.08,,,,,,,,,,,,,,,,,,
9,958,0.18,*,,,,,,,,,,,,,,,,,
10,1187,0.23,*,,,,,,,,,,,,,,,,,
11,830,0.16,*,,,,,,,,,,,,,,,,,
12,1283,0.25,*,,,,,,,,,,,,,,,,,
13,1530,0.29,**,,,,,,,,,,,,,,,,,
14,2246,0.43,***,,,,,,,,,,,,,,,,,
15,2289,0.44,***,,,,,,,,,,,,,,,,,
16,2373,0.45,***,,,,,,,,,,,,,,,,,
17,2590,0.5,***,,,,,,,,,,,,,,,,,
18,2982,0.57,***,,,,,,,,,,,,,,,,,
19,4113,0.79,*****,,,,,,,,,,,,,,,,,
20,3829,0.73,****,,,,,,,,,,,,,,,,,
21,3989,0.76,*****,,,,,,,,,,,,,,,,,
22,4020,0.77,*****,,,,,,,,,,,,,,,,,
23,4851,0.93,******,,,,,,,,,,,,,,,,,
24,5354,1.03,******,,,,,,,,,,,,,,,,,
25,5341,1.02,******,,,,,,,,,,,,,,,,,
26,5165,0.99,******,,,,,,,,,,,,,,,,,
27,5400,1.04,******,,,,,,,,,,,,,,,,,
28,6288,1.21,*******,,,,,,,,,,,,,,,,,
29,6064,1.16,*******,,,,,,,,,,,,,,,,,
30,6002,1.15,*******,,,,,,,,,,,,,,,,,
31,6239,1.2,*******,,,,,,,,,,,,,,,,,
32,5950,1.14,*******,,,,,,,,,,,,,,,,,
33,6317,1.21,*******,,,,,,,,,,,,,,,,,
34,7200,1.38,********,,,,,,,,,,,,,,,,,
35,6900,1.32,********,,,,,,,,,,,,,,,,,
36,5991,1.15,*******,,,,,,,,,,,,,,,,,
37,6475,1.24,*******,,,,,,,,,,,,,,,,,
38,7040,1.35,********,,,,,,,,,,,,,,,,,
39,7063,1.35,********,,,,,,,,,,,,,,,,,
40,6977,1.34,********,,,,,,,,,,,,,,,,,
41,6532,1.25,********,,,,,,,,,,,,,,,,,
42,6390,1.22,*******,,,,,,,,,,,,,,,,,
43,7545,1.45,*********,,,,,,,,,,,,,,,,,
44,7779,1.49,*********,,,,,,,,,,,,,,,,,
45,6815,1.31,********,,,,,,,,,,,,,,,,,
46,6650,1.27,********,,,,,,,,,,,,,,,,,
47,7526,1.44,*********,,,,,,,,,,,,,,,,,
48,7399,1.42,*********,,,,,,,,,,,,,,,,,
49,7679,1.47,*********,,,,,,,,,,,,,,,,,
50,7650,1.47,*********,,,,,,,,,,,,,,,,,
51,6678,1.28,********,,,,,,,,,,,,,,,,,
52,7256,1.39,********,,,,,,,,,,,,,,,,,
53,8223,1.58,*********,,,,,,,,,,,,,,,,,
54,7970,1.53,*********,,,,,,,,,,,,,,,,,
55,6859,1.31,********,,,,,,,,,,,,,,,,,
56,7467,1.43,*********,,,,,,,,,,,,,,,,,
57,7983,1.53,*********,,,,,,,,,,,,,,,,,
58,8021,1.54,*********,,,,,,,,,,,,,,,,,
59,8417,1.61,**********,,,,,,,,,,,,,,,,,
60,7205,1.38,********,,,,,,,,,,,,,,,,,
61,7188,1.38,********,,,,,,,,,,,,,,,,,
62,8699,1.67,**********,,,,,,,,,,,,,,,,,
63,8511,1.63,**********,,,,,,,,,,,,,,,,,
64,7376,1.41,********,,,,,,,,,,,,,,,,,
65,7060,1.35,********,,,,,,,,,,,,,,,,,
66,8016,1.54,*********,,,,,,,,,,,,,,,,,
67,8305,1.59,**********,,,,,,,,,,,,,,,,,
68,8100,1.55,*********,,,,,,,,,,,,,,,,,
69,7040,1.35,********,,,,,,,,,,,,,,,,,
70,7014,1.34,********,,,,,,,,,,,,,,,,,
71,8585,1.65,**********,,,,,,,,,,,,,,,,,
72,7728,1.48,*********,,,,,,,,,,,,,,,,,
73,7179,1.38,********,,,,,,,,,,,,,,,,,
74,6953,1.33,********,,,,,,,,,,,,,,,,,
75,6852,1.31,********,,,,,,,,,,,,,,,,,
76,7596,1.46,*********,,,,,,,,,,,,,,,,,
77,7609,1.46,*********,,,,,,,,,,,,,,,,,
78,6317,1.21,*******,,,,,,,,,,,,,,,,,
79,5842,1.12,*******,,,,,,,,,,,,,,,,,
80,7669,1.47,*********,,,,,,,,,,,,,,,,,
81,6562,1.26,********,,,,,,,,,,,,,,,,,
82,5005,0.96,******,,,,,,,,,,,,,,,,,
83,6803,1.3,********,,,,,,,,,,,,,,,,,
84,5783,1.11,*******,,,,,,,,,,,,,,,,,
85,4624,0.89,*****,,,,,,,,,,,,,,,,,
86,5682,1.09,*******,,,,,,,,,,,,,,,,,
87,6221,1.19,*******,,,,,,,,,,,,,,,,,
88,3367,0.65,****,,,,,,,,,,,,,,,,,
89,3460,0.66,****,,,,,,,,,,,,,,,,,
90,6263,1.2,*******,,,,,,,,,,,,,,,,,
91,3217,0.62,****,,,,,,,,,,,,,,,,,
92,2270,0.44,***,,,,,,,,,,,,,,,,,
93,4348,0.83,*****,,,,,,,,,,,,,,,,,
94,3010,0.58,***,,,,,,,,,,,,,,,,,
95,974,0.19,*,,,,,,,,,,,,,,,,,
96,2688,0.52,***,,,,,,,,,,,,,,,,,
97,3285,0.63,****,,,,,,,,,,,,,,,,,
98,134,0.03,,,,,,,,,,,,,,,,,,
99,100,0.02,,,,,,,,,,,,,,,,,,
100,2416,0.46,***,,,,,,,,,,,,,,,,,
óﬂòaÇWîNìx â»ñ⁄ï ê¨ê—ï™ïzê}Åiñ{ééå±Åj,,,,,,,,,,,,,,,,,,,,
â»ñ⁄ñº,ñûì_,ç≈çÇì_,ç≈í·ì_,ïΩãœì_,ïWèÄïŒç∑,éÛå±é“êî,ìæì_ó¶,ÇTï™ílÇeÇP,ÇTï™ílÇeÇQ,ÇTï™ílÇeÇR,ÇTï™ílÇeÇS,ÇPíiäK,ÇQíiäK,ÇRíiäK,ÇSíiäK,ÇTíiäK,ÇUíiäK,ÇVíiäK,ÇWíiäK,ÇXíiäK
ï®óùäÓëbÅ^âªäwäÓëbÅ^ê∂ï®äÓëbÅ^ínäwäÓëb,100,100,0,64.48,17.92,135176,0.6448,48,61,71,80,0Å`29,30Å`39,40Å`50,51Å`60,61Å`70,71Å`78,79Å`85,86Å`91,92Å`100
ì_êî,êlêî,î‰ó¶ÅiÅìÅj,,,,,,,,,,,,,,,,,,
ÇPíiäK,5003,3.7011,,,,,,,,,,,,,,,,,,
0,17,0.01,,,,,,,,,,,,,,,,,,
1,0,0,,,,,,,,,,,,,,,,,,
2,0,0,,,,,,,,,,,,,,,,,,
3,7,0.01,,,,,,,,,,,,,,,,,,
4,4,0,,,,,,,,,,,,,,,,,,
5,0,0,,,,,,,,,,,,,,,,,,
6,19,0.01,,,,,,,,,,,,,,,,,,
7,15,0.01,,,,,,,,,,,,,,,,,,
8,4,0,,,,,,,,,,,,,,,,,,
9,30,0.02,,,,,,,,,,,,,,,,,,
10,26,0.02,,,,,,,,,,,,,,,,,,
11,9,0.01,,,,,,,,,,,,,,,,,,
12,68,0.05,,,,,,,,,,,,,,,,,,
13,80,0.06,,,,,,,,,,,,,,,,,,
14,25,0.02,,,,,,,,,,,,,,,,,,
15,104,0.08,,,,,,,,,,,,,,,,,,
16,128,0.09,*,,,,,,,,,,,,,,,,,
17,65,0.05,,,,,,,,,,,,,,,,,,
18,188,0.14,*,,,,,,,,,,,,,,,,,
19,227,0.17,*,,,,,,,,,,,,,,,,,
20,106,0.08,,,,,,,,,,,,,,,,,,
21,297,0.22,*,,,,,,,,,,,,,,,,,
22,344,0.25,**,,,,,,,,,,,,,,,,,
23,228,0.17,*,,,,,,,,,,,,,,,,,
24,404,0.3,**,,,,,,,,,,,,,,,,,
25,573,0.42,***,,,,,,,,,,,,,,,,,
26,322,0.24,*,,,,,,,,,,,,,,,,,
27,468,0.35,**,,,,,,,,,,,,,,,,,
28,766,0.57,***,,,,,,,,,,,,,,,,,
29,479,0.35,**,,,,,,,,,,,,,,,,,
ÇQíiäK,8940,6.6136,,,,,,,,,,,,,,,,,,
30,542,0.4,**,,,,,,,,,,,,,,,,,
31,933,0.69,****,,,,,,,,,,,,,,,,,
32,683,0.51,***,,,,,,,,,,,,,,,,,
33,608,0.45,***,,,,,,,,,,,,,,,,,
34,1171,0.87,*****,,,,,,,,,,,,,,,,,
35,910,0.67,****,,,,,,,,,,,,,,,,,
36,731,0.54,***,,,,,,,,,,,,,,,,,
37,1290,0.95,******,,,,,,,,,,,,,,,,,
38,1198,0.89,*****,,,,,,,,,,,,,,,,,
39,874,0.65,****,,,,,,,,,,,,,,,,,
ÇRíiäK,16807,12.43342,,,,,,,,,,,,,,,,,,
40,1409,1.04,******,,,,,,,,,,,,,,,,,
41,1434,1.06,******,,,,,,,,,,,,,,,,,
42,1004,0.74,****,,,,,,,,,,,,,,,,,
43,1442,1.07,******,,,,,,,,,,,,,,,,,
44,1755,1.3,********,,,,,,,,,,,,,,,,,
45,1108,0.82,*****,,,,,,,,,,,,,,,,,
46,1542,1.14,*******,,,,,,,,,,,,,,,,,
47,1988,1.47,*********,,,,,,,,,,,,,,,,,
48,1357,1,******,,,,,,,,,,,,,,,,,
49,1646,1.22,*******,,,,,,,,,,,,,,,,,
50,2122,1.57,*********,,,,,,,,,,,,,,,,,
ÇSíiäK,21158,15.652186,,,,,,,,,,,,,,,,,,
51,1643,1.22,*******,,,,,,,,,,,,,,,,,
52,1685,1.25,*******,,,,,,,,,,,,,,,,,
53,2335,1.73,**********,,,,,,,,,,,,,,,,,
54,1934,1.43,*********,,,,,,,,,,,,,,,,,
55,1770,1.31,********,,,,,,,,,,,,,,,,,
56,2465,1.82,***********,,,,,,,,,,,,,,,,,
57,2219,1.64,**********,,,,,,,,,,,,,,,,,
58,2051,1.52,*********,,,,,,,,,,,,,,,,,
59,2603,1.93,************,,,,,,,,,,,,,,,,,
60,2453,1.81,***********,,,,,,,,,,,,,,,,,
ÇTíiäK,27065,20.022045,,,,,,,,,,,,,,,,,,
61,2137,1.58,*********,,,,,,,,,,,,,,,,,
62,2788,2.06,************,,,,,,,,,,,,,,,,,
63,2687,1.99,************,,,,,,,,,,,,,,,,,
64,2434,1.8,***********,,,,,,,,,,,,,,,,,
65,2872,2.12,*************,,,,,,,,,,,,,,,,,
66,2797,2.07,************,,,,,,,,,,,,,,,,,
67,2692,1.99,************,,,,,,,,,,,,,,,,,
68,3026,2.24,*************,,,,,,,,,,,,,,,,,
69,2857,2.11,*************,,,,,,,,,,,,,,,,,
70,2775,2.05,************,,,,,,,,,,,,,,,,,
ÇUíiäK,23439,17.339616,,,,,,,,,,,,,,,,,,
71,3368,2.49,***************,,,,,,,,,,,,,,,,,
72,2673,1.98,************,,,,,,,,,,,,,,,,,
73,2812,2.08,************,,,,,,,,,,,,,,,,,
74,3317,2.45,***************,,,,,,,,,,,,,,,,,
75,2610,1.93,************,,,,,,,,,,,,,,,,,
76,2467,1.83,***********,,,,,,,,,,,,,,,,,
77,3555,2.63,****************,,,,,,,,,,,,,,,,,
78,2637,1.95,************,,,,,,,,,,,,,,,,,
ÇVíiäK,16700,12.354264,,,,,,,,,,,,,,,,,,
79,2238,1.66,**********,,,,,,,,,,,,,,,,,
80,3302,2.44,***************,,,,,,,,,,,,,,,,,
81,2718,2.01,************,,,,,,,,,,,,,,,,,
82,1613,1.19,*******,,,,,,,,,,,,,,,,,
83,2819,2.09,*************,,,,,,,,,,,,,,,,,
84,2837,2.1,*************,,,,,,,,,,,,,,,,,
85,1173,0.87,*****,,,,,,,,,,,,,,,,,
ÇWíiäK,10577,7.824613,,,,,,,,,,,,,,,,,,
86,2054,1.52,*********,,,,,,,,,,,,,,,,,
87,2807,2.08,************,,,,,,,,,,,,,,,,,
88,1085,0.8,*****,,,,,,,,,,,,,,,,,
89,1088,0.8,*****,,,,,,,,,,,,,,,,,
90,2398,1.77,***********,,,,,,,,,,,,,,,,,
91,1145,0.85,*****,,,,,,,,,,,,,,,,,
ÇXíiäK,5487,4.059152,,,,,,,,,,,,,,,,,,
92,321,0.24,*,,,,,,,,,,,,,,,,,
93,1569,1.16,*******,,,,,,,,,,,,,,,,,
94,1306,0.97,******,,,,,,,,,,,,,,,,,
95,0,0,,,,,,,,,,,,,,,,,,
96,592,0.44,***,,,,,,,,,,,,,,,,,
97,1135,0.84,*****,,,,,,,,,,,,,,,,,
98,0,0,,,,,,,,,,,,,,,,,,
99,0,0,,,,,,,,,,,,,,,,,,
100,564,0.42,***,,,,,,,,,,,,,,,,,
óﬂòaÇWîNìx â»ñ⁄ï ê¨ê—ï™ïzê}Åiñ{ééå±Åj,,,,,,,,,,,,,,,,,,,,
â»ñ⁄ñº,ñûì_,ç≈çÇì_,ç≈í·ì_,ïΩãœì_,ïWèÄïŒç∑,éÛå±é“êî,ìæì_ó¶,ÇTï™ílÇeÇP,ÇTï™ílÇeÇQ,ÇTï™ílÇeÇR,ÇTï™ílÇeÇS,ÇPíiäK,ÇQíiäK,ÇRíiäK,ÇSíiäK,ÇTíiäK,ÇUíiäK,ÇVíiäK,ÇWíiäK,ÇXíiäK
ï®óù,100,100,0,45.55,20.24,145203,0.4555,25,38,51,64,0Å`13,14Å`19,20Å`27,28Å`38,39Å`50,51Å`61,62Å`71,72Å`80,81Å`100
ì_êî,êlêî,î‰ó¶ÅiÅìÅj,,,,,,,,,,,,,,,,,,
ÇPíiäK,5735,3.949642,,,,,,,,,,,,,,,,,,
0,180,0.12,*,,,,,,,,,,,,,,,,,
1,0,0,,,,,,,,,,,,,,,,,,
2,78,0.05,,,,,,,,,,,,,,,,,,
3,51,0.04,,,,,,,,,,,,,,,,,,
4,186,0.13,*,,,,,,,,,,,,,,,,,
5,453,0.31,**,,,,,,,,,,,,,,,,,
6,157,0.11,*,,,,,,,,,,,,,,,,,
7,331,0.23,*,,,,,,,,,,,,,,,,,
8,287,0.2,*,,,,,,,,,,,,,,,,,
9,783,0.54,***,,,,,,,,,,,,,,,,,
10,935,0.64,****,,,,,,,,,,,,,,,,,
11,541,0.37,**,,,,,,,,,,,,,,,,,
12,798,0.55,***,,,,,,,,,,,,,,,,,
13,955,0.66,****,,,,,,,,,,,,,,,,,
ÇQíiäK,9687,6.671349,,,,,,,,,,,,,,,,,,
14,1634,1.13,*******,,,,,,,,,,,,,,,,,
15,1422,0.98,******,,,,,,,,,,,,,,,,,
16,1296,0.89,*****,,,,,,,,,,,,,,,,,
17,1378,0.95,******,,,,,,,,,,,,,,,,,
18,1632,1.12,*******,,,,,,,,,,,,,,,,,
19,2325,1.6,**********,,,,,,,,,,,,,,,,,
ÇRíiäK,16752,11.536951,,,,,,,,,,,,,,,,,,
20,1965,1.35,********,,,,,,,,,,,,,,,,,
21,1883,1.3,********,,,,,,,,,,,,,,,,,
22,1740,1.2,*******,,,,,,,,,,,,,,,,,
23,2311,1.59,**********,,,,,,,,,,,,,,,,,
24,2641,1.82,***********,,,,,,,,,,,,,,,,,
25,2298,1.58,*********,,,,,,,,,,,,,,,,,
26,2071,1.43,*********,,,,,,,,,,,,,,,,,
27,1843,1.27,********,,,,,,,,,,,,,,,,,
ÇSíiäK,25153,17.322644,,,,,,,,,,,,,,,,,,
28,2481,1.71,**********,,,,,,,,,,,,,,,,,
29,2601,1.79,***********,,,,,,,,,,,,,,,,,
30,2363,1.63,**********,,,,,,,,,,,,,,,,,
31,2017,1.39,********,,,,,,,,,,,,,,,,,
32,1965,1.35,********,,,,,,,,,,,,,,,,,
33,2419,1.67,**********,,,,,,,,,,,,,,,,,
34,2572,1.77,***********,,,,,,,,,,,,,,,,,
35,2377,1.64,**********,,,,,,,,,,,,,,,,,
36,1971,1.36,********,,,,,,,,,,,,,,,,,
37,1961,1.35,********,,,,,,,,,,,,,,,,,
38,2426,1.67,**********,,,,,,,,,,,,,,,,,
ÇTíiäK,28143,19.38183,,,,,,,,,,,,,,,,,,
39,2579,1.78,***********,,,,,,,,,,,,,,,,,
40,2349,1.62,**********,,,,,,,,,,,,,,,,,
41,1911,1.32,********,,,,,,,,,,,,,,,,,
42,1949,1.34,********,,,,,,,,,,,,,,,,,
43,2519,1.73,**********,,,,,,,,,,,,,,,,,
44,2662,1.83,***********,,,,,,,,,,,,,,,,,
45,2515,1.73,**********,,,,,,,,,,,,,,,,,
46,1762,1.21,*******,,,,,,,,,,,,,,,,,
47,2145,1.48,*********,,,,,,,,,,,,,,,,,
48,2743,1.89,***********,,,,,,,,,,,,,,,,,
49,2801,1.93,************,,,,,,,,,,,,,,,,,
50,2208,1.52,*********,,,,,,,,,,,,,,,,,
ÇUíiäK,24651,16.976921,,,,,,,,,,,,,,,,,,
51,1767,1.22,*******,,,,,,,,,,,,,,,,,
52,2387,1.64,**********,,,,,,,,,,,,,,,,,
53,2830,1.95,************,,,,,,,,,,,,,,,,,
54,2790,1.92,************,,,,,,,,,,,,,,,,,
55,1836,1.26,********,,,,,,,,,,,,,,,,,
56,1744,1.2,*******,,,,,,,,,,,,,,,,,
57,2637,1.82,***********,,,,,,,,,,,,,,,,,
58,2709,1.87,***********,,,,,,,,,,,,,,,,,
59,2473,1.7,**********,,,,,,,,,,,,,,,,,
60,1534,1.06,******,,,,,,,,,,,,,,,,,
61,1944,1.34,********,,,,,,,,,,,,,,,,,
ÇVíiäK,18570,12.788991,,,,,,,,,,,,,,,,,,
62,2598,1.79,***********,,,,,,,,,,,,,,,,,
63,2449,1.69,**********,,,,,,,,,,,,,,,,,
64,1851,1.27,********,,,,,,,,,,,,,,,,,
65,1189,0.82,*****,,,,,,,,,,,,,,,,,
66,2097,1.44,*********,,,,,,,,,,,,,,,,,
67,2274,1.57,*********,,,,,,,,,,,,,,,,,
68,1935,1.33,********,,,,,,,,,,,,,,,,,
69,1109,0.76,*****,,,,,,,,,,,,,,,,,
70,1088,0.75,****,,,,,,,,,,,,,,,,,
71,1980,1.36,********,,,,,,,,,,,,,,,,,
ÇWíiäK,9772,6.729888,,,,,,,,,,,,,,,,,,
72,1816,1.25,********,,,,,,,,,,,,,,,,,
73,1330,0.92,*****,,,,,,,,,,,,,,,,,
74,544,0.37,**,,,,,,,,,,,,,,,,,
75,1070,0.74,****,,,,,,,,,,,,,,,,,
76,1706,1.17,*******,,,,,,,,,,,,,,,,,
77,1169,0.81,*****,,,,,,,,,,,,,,,,,
78,772,0.53,***,,,,,,,,,,,,,,,,,
79,194,0.13,*,,,,,,,,,,,,,,,,,
80,1171,0.81,*****,,,,,,,,,,,,,,,,,
ÇXíiäK,6740,4.641777,,,,,,,,,,,,,,,,,,
81,1297,0.89,*****,,,,,,,,,,,,,,,,,
82,666,0.46,***,,,,,,,,,,,,,,,,,
83,341,0.23,*,,,,,,,,,,,,,,,,,
84,59,0.04,,,,,,,,,,,,,,,,,,
85,1200,0.83,*****,,,,,,,,,,,,,,,,,
86,725,0.5,***,,,,,,,,,,,,,,,,,
87,336,0.23,*,,,,,,,,,,,,,,,,,
88,92,0.06,,,,,,,,,,,,,,,,,,
89,15,0.01,,,,,,,,,,,,,,,,,,
90,934,0.64,****,,,,,,,,,,,,,,,,,
91,260,0.18,*,,,,,,,,,,,,,,,,,
92,90,0.06,,,,,,,,,,,,,,,,,,
93,19,0.01,,,,,,,,,,,,,,,,,,
94,1,0,,,,,,,,,,,,,,,,,,
95,532,0.37,**,,,,,,,,,,,,,,,,,
96,45,0.03,,,,,,,,,,,,,,,,,,
97,13,0.01,,,,,,,,,,,,,,,,,,
98,2,0,,,,,,,,,,,,,,,,,,
99,0,0,,,,,,,,,,,,,,,,,,
100,113,0.08,,,,,,,,,,,,,,,,,,
óﬂòaÇWîNìx â»ñ⁄ï ê¨ê—ï™ïzê}Åiñ{ééå±Åj,,,,,,,,,,,,,,,,,,,,
â»ñ⁄ñº,ñûì_,ç≈çÇì_,ç≈í·ì_,ïΩãœì_,ïWèÄïŒç∑,éÛå±é“êî,ìæì_ó¶,ÇTï™ílÇeÇP,ÇTï™ílÇeÇQ,ÇTï™ílÇeÇR,ÇTï™ílÇeÇS,ÇPíiäK,ÇQíiäK,ÇRíiäK,ÇSíiäK,ÇTíiäK,ÇUíiäK,ÇVíiäK,ÇWíiäK,ÇXíiäK
âªäw,100,100,0,56.86,23.17,181584,0.5686,33,48,65,80,0Å`19,20Å`26,27Å`34,35Å`48,49Å`64,65Å`77,78Å`86,87Å`93,94Å`100
ì_êî,êlêî,î‰ó¶ÅiÅìÅj,,,,,,,,,,,,,,,,,,
ÇPíiäK,6662,3.668825,,,,,,,,,,,,,,,,,,
0,60,0.03,,,,,,,,,,,,,,,,,,
1,3,0,,,,,,,,,,,,,,,,,,
2,0,0,,,,,,,,,,,,,,,,,,
3,17,0.01,,,,,,,,,,,,,,,,,,
4,25,0.01,,,,,,,,,,,,,,,,,,
5,9,0,,,,,,,,,,,,,,,,,,
6,42,0.02,,,,,,,,,,,,,,,,,,
7,86,0.05,,,,,,,,,,,,,,,,,,
8,61,0.03,,,,,,,,,,,,,,,,,,
9,114,0.06,,,,,,,,,,,,,,,,,,
10,203,0.11,*,,,,,,,,,,,,,,,,,
11,195,0.11,*,,,,,,,,,,,,,,,,,
12,320,0.18,*,,,,,,,,,,,,,,,,,
13,422,0.23,*,,,,,,,,,,,,,,,,,
14,505,0.28,**,,,,,,,,,,,,,,,,,
15,590,0.32,**,,,,,,,,,,,,,,,,,
16,761,0.42,***,,,,,,,,,,,,,,,,,
17,1002,0.55,***,,,,,,,,,,,,,,,,,
18,962,0.53,***,,,,,,,,,,,,,,,,,
19,1285,0.71,****,,,,,,,,,,,,,,,,,
ÇQíiäK,12678,6.981892,,,,,,,,,,,,,,,,,,
20,1447,0.8,*****,,,,,,,,,,,,,,,,,
21,1523,0.84,*****,,,,,,,,,,,,,,,,,
22,1587,0.87,*****,,,,,,,,,,,,,,,,,
23,1867,1.03,******,,,,,,,,,,,,,,,,,
24,1891,1.04,******,,,,,,,,,,,,,,,,,
25,2069,1.14,*******,,,,,,,,,,,,,,,,,
26,2294,1.26,********,,,,,,,,,,,,,,,,,
ÇRíiäK,20120,11.080271,,,,,,,,,,,,,,,,,,
27,2452,1.35,********,,,,,,,,,,,,,,,,,
28,2416,1.33,********,,,,,,,,,,,,,,,,,
29,2414,1.33,********,,,,,,,,,,,,,,,,,
30,2463,1.36,********,,,,,,,,,,,,,,,,,
31,2544,1.4,********,,,,,,,,,,,,,,,,,
32,2551,1.4,********,,,,,,,,,,,,,,,,,
33,2641,1.45,*********,,,,,,,,,,,,,,,,,
34,2639,1.45,*********,,,,,,,,,,,,,,,,,
ÇSíiäK,33089,18.22242,,,,,,,,,,,,,,,,,,
35,2651,1.46,*********,,,,,,,,,,,,,,,,,
36,2473,1.36,********,,,,,,,,,,,,,,,,,
37,2427,1.34,********,,,,,,,,,,,,,,,,,
38,2444,1.35,********,,,,,,,,,,,,,,,,,
39,2502,1.38,********,,,,,,,,,,,,,,,,,
40,2294,1.26,********,,,,,,,,,,,,,,,,,
41,2333,1.28,********,,,,,,,,,,,,,,,,,
42,2339,1.29,********,,,,,,,,,,,,,,,,,
43,2354,1.3,********,,,,,,,,,,,,,,,,,
44,2367,1.3,********,,,,,,,,,,,,,,,,,
45,2273,1.25,********,,,,,,,,,,,,,,,,,
46,2260,1.24,*******,,,,,,,,,,,,,,,,,
47,2153,1.19,*******,,,,,,,,,,,,,,,,,
48,2219,1.22,*******,,,,,,,,,,,,,,,,,
ÇTíiäK,35090,19.324389,,,,,,,,,,,,,,,,,,
49,2290,1.26,********,,,,,,,,,,,,,,,,,
50,2196,1.21,*******,,,,,,,,,,,,,,,,,
51,2145,1.18,*******,,,,,,,,,,,,,,,,,
52,2122,1.17,*******,,,,,,,,,,,,,,,,,
53,2225,1.23,*******,,,,,,,,,,,,,,,,,
54,2131,1.17,*******,,,,,,,,,,,,,,,,,
55,2094,1.15,*******,,,,,,,,,,,,,,,,,
56,2187,1.2,*******,,,,,,,,,,,,,,,,,
57,2203,1.21,*******,,,,,,,,,,,,,,,,,
58,2160,1.19,*******,,,,,,,,,,,,,,,,,
59,2200,1.21,*******,,,,,,,,,,,,,,,,,
60,2195,1.21,*******,,,,,,,,,,,,,,,,,
61,2222,1.22,*******,,,,,,,,,,,,,,,,,
62,2274,1.25,********,,,,,,,,,,,,,,,,,
63,2249,1.24,*******,,,,,,,,,,,,,,,,,
64,2197,1.21,*******,,,,,,,,,,,,,,,,,
ÇUíiäK,30371,16.725592,,,,,,,,,,,,,,,,,,
65,2182,1.2,*******,,,,,,,,,,,,,,,,,
66,2234,1.23,*******,,,,,,,,,,,,,,,,,
67,2332,1.28,********,,,,,,,,,,,,,,,,,
68,2251,1.24,*******,,,,,,,,,,,,,,,,,
69,2361,1.3,********,,,,,,,,,,,,,,,,,
70,2289,1.26,********,,,,,,,,,,,,,,,,,
71,2249,1.24,*******,,,,,,,,,,,,,,,,,
72,2395,1.32,********,,,,,,,,,,,,,,,,,
73,2439,1.34,********,,,,,,,,,,,,,,,,,
74,2359,1.3,********,,,,,,,,,,,,,,,,,
75,2237,1.23,*******,,,,,,,,,,,,,,,,,
76,2645,1.46,*********,,,,,,,,,,,,,,,,,
77,2398,1.32,********,,,,,,,,,,,,,,,,,
ÇVíiäK,21502,11.841351,,,,,,,,,,,,,,,,,,
78,2263,1.25,*******,,,,,,,,,,,,,,,,,
79,2490,1.37,********,,,,,,,,,,,,,,,,,
80,2544,1.4,********,,,,,,,,,,,,,,,,,
81,2139,1.18,*******,,,,,,,,,,,,,,,,,
82,2336,1.29,********,,,,,,,,,,,,,,,,,
83,2856,1.57,*********,,,,,,,,,,,,,,,,,
84,2221,1.22,*******,,,,,,,,,,,,,,,,,
85,1955,1.08,******,,,,,,,,,,,,,,,,,
86,2698,1.49,*********,,,,,,,,,,,,,,,,,
ÇWíiäK,14495,7.982531,,,,,,,,,,,,,,,,,,
87,2501,1.38,********,,,,,,,,,,,,,,,,,
88,1509,0.83,*****,,,,,,,,,,,,,,,,,
89,2177,1.2,*******,,,,,,,,,,,,,,,,,
90,2875,1.58,*********,,,,,,,,,,,,,,,,,
91,1484,0.82,*****,,,,,,,,,,,,,,,,,
92,1294,0.71,****,,,,,,,,,,,,,,,,,
93,2655,1.46,*********,,,,,,,,,,,,,,,,,
ÇXíiäK,7577,4.172724,,,,,,,,,,,,,,,,,,
94,1699,0.94,******,,,,,,,,,,,,,,,,,
95,336,0.19,*,,,,,,,,,,,,,,,,,
96,1622,0.89,*****,,,,,,,,,,,,,,,,,
97,2114,1.16,*******,,,,,,,,,,,,,,,,,
98,132,0.07,,,,,,,,,,,,,,,,,,
99,100,0.06,,,,,,,,,,,,,,,,,,
100,1574,0.87,*****,,,,,,,,,,,,,,,,,
óﬂòaÇWîNìx â»ñ⁄ï ê¨ê—ï™ïzê}Åiñ{ééå±Åj,,,,,,,,,,,,,,,,,,,,
â»ñ⁄ñº,ñûì_,ç≈çÇì_,ç≈í·ì_,ïΩãœì_,ïWèÄïŒç∑,éÛå±é“êî,ìæì_ó¶,ÇTï™ílÇeÇP,ÇTï™ílÇeÇQ,ÇTï™ílÇeÇR,ÇTï™ílÇeÇS,ÇPíiäK,ÇQíiäK,ÇRíiäK,ÇSíiäK,ÇTíiäK,ÇUíiäK,ÇVíiäK,ÇWíiäK,ÇXíiäK
ê∂ï®,100,100,0,55.01,19.2,56314,0.5501,37,49,60,72,0Å`22,23Å`30,31Å`38,39Å`48,49Å`59,60Å`70,71Å`79,80Å`87,88Å`100
ì_êî,êlêî,î‰ó¶ÅiÅìÅj,,,,,,,,,,,,,,,,,,
ÇPíiäK,2251,3.997229,,,,,,,,,,,,,,,,,,
0,35,0.06,,,,,,,,,,,,,,,,,,
1,1,0,,,,,,,,,,,,,,,,,,
2,0,0,,,,,,,,,,,,,,,,,,
3,5,0.01,,,,,,,,,,,,,,,,,,
4,11,0.02,,,,,,,,,,,,,,,,,,
5,9,0.02,,,,,,,,,,,,,,,,,,
6,0,0,,,,,,,,,,,,,,,,,,
7,19,0.03,,,,,,,,,,,,,,,,,,
8,47,0.08,*,,,,,,,,,,,,,,,,,
9,30,0.05,,,,,,,,,,,,,,,,,,
10,18,0.03,,,,,,,,,,,,,,,,,,
11,81,0.14,*,,,,,,,,,,,,,,,,,
12,97,0.17,*,,,,,,,,,,,,,,,,,
13,68,0.12,*,,,,,,,,,,,,,,,,,
14,72,0.13,*,,,,,,,,,,,,,,,,,
15,151,0.27,**,,,,,,,,,,,,,,,,,
16,181,0.32,**,,,,,,,,,,,,,,,,,
17,130,0.23,*,,,,,,,,,,,,,,,,,
18,181,0.32,**,,,,,,,,,,,,,,,,,
19,259,0.46,***,,,,,,,,,,,,,,,,,
20,288,0.51,***,,,,,,,,,,,,,,,,,
21,249,0.44,***,,,,,,,,,,,,,,,,,
22,319,0.57,***,,,,,,,,,,,,,,,,,
ÇQíiäK,3836,6.811805,,,,,,,,,,,,,,,,,,
23,425,0.75,*****,,,,,,,,,,,,,,,,,
24,385,0.68,****,,,,,,,,,,,,,,,,,
25,346,0.61,****,,,,,,,,,,,,,,,,,
26,435,0.77,*****,,,,,,,,,,,,,,,,,
27,599,1.06,******,,,,,,,,,,,,,,,,,
28,554,0.98,******,,,,,,,,,,,,,,,,,
29,505,0.9,*****,,,,,,,,,,,,,,,,,
30,587,1.04,******,,,,,,,,,,,,,,,,,
ÇRíiäK,5947,10.560429,,,,,,,,,,,,,,,,,,
31,678,1.2,*******,,,,,,,,,,,,,,,,,
32,666,1.18,*******,,,,,,,,,,,,,,,,,
33,577,1.02,******,,,,,,,,,,,,,,,,,
34,753,1.34,********,,,,,,,,,,,,,,,,,
35,874,1.55,*********,,,,,,,,,,,,,,,,,
36,743,1.32,********,,,,,,,,,,,,,,,,,
37,739,1.31,********,,,,,,,,,,,,,,,,,
38,917,1.63,**********,,,,,,,,,,,,,,,,,
ÇSíiäK,9924,17.622616,,,,,,,,,,,,,,,,,,
39,1024,1.82,***********,,,,,,,,,,,,,,,,,
40,864,1.53,*********,,,,,,,,,,,,,,,,,
41,793,1.41,********,,,,,,,,,,,,,,,,,
42,1039,1.85,***********,,,,,,,,,,,,,,,,,
43,1158,2.06,************,,,,,,,,,,,,,,,,,
44,948,1.68,**********,,,,,,,,,,,,,,,,,
45,863,1.53,*********,,,,,,,,,,,,,,,,,
46,1020,1.81,***********,,,,,,,,,,,,,,,,,
47,1187,2.11,*************,,,,,,,,,,,,,,,,,
48,1028,1.83,***********,,,,,,,,,,,,,,,,,
ÇTíiäK,11198,19.88493,,,,,,,,,,,,,,,,,,
49,881,1.56,*********,,,,,,,,,,,,,,,,,
50,1081,1.92,************,,,,,,,,,,,,,,,,,
51,1085,1.93,************,,,,,,,,,,,,,,,,,
52,1027,1.82,***********,,,,,,,,,,,,,,,,,
53,798,1.42,*********,,,,,,,,,,,,,,,,,
54,1076,1.91,***********,,,,,,,,,,,,,,,,,
55,1132,2.01,************,,,,,,,,,,,,,,,,,
56,1033,1.83,***********,,,,,,,,,,,,,,,,,
57,891,1.58,*********,,,,,,,,,,,,,,,,,
58,1073,1.91,***********,,,,,,,,,,,,,,,,,
59,1121,1.99,************,,,,,,,,,,,,,,,,,
ÇUíiäK,9897,17.57467,,,,,,,,,,,,,,,,,,
60,1000,1.78,***********,,,,,,,,,,,,,,,,,
61,856,1.52,*********,,,,,,,,,,,,,,,,,
62,1020,1.81,***********,,,,,,,,,,,,,,,,,
63,1108,1.97,************,,,,,,,,,,,,,,,,,
64,856,1.52,*********,,,,,,,,,,,,,,,,,
65,797,1.42,********,,,,,,,,,,,,,,,,,
66,872,1.55,*********,,,,,,,,,,,,,,,,,
67,989,1.76,***********,,,,,,,,,,,,,,,,,
68,859,1.53,*********,,,,,,,,,,,,,,,,,
69,693,1.23,*******,,,,,,,,,,,,,,,,,
70,847,1.5,*********,,,,,,,,,,,,,,,,,
ÇVíiäK,6765,12.012998,,,,,,,,,,,,,,,,,,
71,959,1.7,**********,,,,,,,,,,,,,,,,,
72,825,1.46,*********,,,,,,,,,,,,,,,,,
73,589,1.05,******,,,,,,,,,,,,,,,,,
74,722,1.28,********,,,,,,,,,,,,,,,,,
75,918,1.63,**********,,,,,,,,,,,,,,,,,
76,762,1.35,********,,,,,,,,,,,,,,,,,
77,474,0.84,*****,,,,,,,,,,,,,,,,,
78,630,1.12,*******,,,,,,,,,,,,,,,,,
79,886,1.57,*********,,,,,,,,,,,,,,,,,
ÇWíiäK,3896,6.91835,,,,,,,,,,,,,,,,,,
80,647,1.15,*******,,,,,,,,,,,,,,,,,
81,397,0.7,****,,,,,,,,,,,,,,,,,
82,372,0.66,****,,,,,,,,,,,,,,,,,
83,776,1.38,********,,,,,,,,,,,,,,,,,
84,662,1.18,*******,,,,,,,,,,,,,,,,,
85,281,0.5,***,,,,,,,,,,,,,,,,,
86,188,0.33,**,,,,,,,,,,,,,,,,,
87,573,1.02,******,,,,,,,,,,,,,,,,,
ÇXíiäK,2600,4.616969,,,,,,,,,,,,,,,,,,
88,681,1.21,*******,,,,,,,,,,,,,,,,,
89,169,0.3,**,,,,,,,,,,,,,,,,,
90,48,0.09,*,,,,,,,,,,,,,,,,,
91,324,0.58,***,,,,,,,,,,,,,,,,,
92,563,1,******,,,,,,,,,,,,,,,,,
93,96,0.17,*,,,,,,,,,,,,,,,,,
94,1,0,,,,,,,,,,,,,,,,,,
95,106,0.19,*,,,,,,,,,,,,,,,,,
96,427,0.76,*****,,,,,,,,,,,,,,,,,
97,21,0.04,,,,,,,,,,,,,,,,,,
98,0,0,,,,,,,,,,,,,,,,,,
99,0,0,,,,,,,,,,,,,,,,,,
100,164,0.29,**,,,,,,,,,,,,,,,,,
óﬂòaÇWîNìx â»ñ⁄ï ê¨ê—ï™ïzê}Åiñ{ééå±Åj,,,,,,,,,,,,,,,,,,,,
â»ñ⁄ñº,ñûì_,ç≈çÇì_,ç≈í·ì_,ïΩãœì_,ïWèÄïŒç∑,éÛå±é“êî,ìæì_ó¶,ÇTï™ílÇeÇP,ÇTï™ílÇeÇQ,ÇTï™ílÇeÇR,ÇTï™ílÇeÇS,ÇPíiäK,ÇQíiäK,ÇRíiäK,ÇSíiäK,ÇTíiäK,ÇUíiäK,ÇVíiäK,ÇWíiäK,ÇXíiäK
ínäw,100,100,0,44.29,18.1,2701,0.4429,29,37,45,59,0Å`17,18Å`24,25Å`30,31Å`36,37Å`45,46Å`56,57Å`69,70Å`81,82Å`100
ì_êî,êlêî,î‰ó¶ÅiÅìÅj,,,,,,,,,,,,,,,,,,
ÇPíiäK,97,3.591262,,,,,,,,,,,,,,,,,,
0,19,0.7,****,,,,,,,,,,,,,,,,,
1,0,0,,,,,,,,,,,,,,,,,,
2,0,0,,,,,,,,,,,,,,,,,,
3,1,0.04,,,,,,,,,,,,,,,,,,
4,2,0.07,,,,,,,,,,,,,,,,,,
5,0,0,,,,,,,,,,,,,,,,,,
6,1,0.04,,,,,,,,,,,,,,,,,,
7,2,0.07,,,,,,,,,,,,,,,,,,
8,3,0.11,*,,,,,,,,,,,,,,,,,
9,1,0.04,,,,,,,,,,,,,,,,,,
10,5,0.19,*,,,,,,,,,,,,,,,,,
11,4,0.15,*,,,,,,,,,,,,,,,,,
12,0,0,,,,,,,,,,,,,,,,,,
13,5,0.19,*,,,,,,,,,,,,,,,,,
14,10,0.37,**,,,,,,,,,,,,,,,,,
15,22,0.81,*****,,,,,,,,,,,,,,,,,
16,7,0.26,**,,,,,,,,,,,,,,,,,
17,15,0.56,***,,,,,,,,,,,,,,,,,
ÇQíiäK,179,6.627175,,,,,,,,,,,,,,,,,,
18,19,0.7,****,,,,,,,,,,,,,,,,,
19,17,0.63,****,,,,,,,,,,,,,,,,,
20,23,0.85,*****,,,,,,,,,,,,,,,,,
21,37,1.37,********,,,,,,,,,,,,,,,,,
22,30,1.11,*******,,,,,,,,,,,,,,,,,
23,20,0.74,****,,,,,,,,,,,,,,,,,
24,33,1.22,*******,,,,,,,,,,,,,,,,,
ÇRíiäK,319,11.81044,,,,,,,,,,,,,,,,,,
25,55,2.04,************,,,,,,,,,,,,,,,,,
26,43,1.59,**********,,,,,,,,,,,,,,,,,
27,38,1.41,********,,,,,,,,,,,,,,,,,
28,71,2.63,****************,,,,,,,,,,,,,,,,,
29,65,2.41,**************,,,,,,,,,,,,,,,,,
30,47,1.74,**********,,,,,,,,,,,,,,,,,
ÇSíiäK,450,16.660496,,,,,,,,,,,,,,,,,,
31,67,2.48,***************,,,,,,,,,,,,,,,,,
32,85,3.15,*******************,,,,,,,,,,,,,,,,,
33,72,2.67,****************,,,,,,,,,,,,,,,,,
34,65,2.41,**************,,,,,,,,,,,,,,,,,
35,88,3.26,********************,,,,,,,,,,,,,,,,,
36,73,2.7,****************,,,,,,,,,,,,,,,,,
ÇTíiäK,553,20.473898,,,,,,,,,,,,,,,,,,
37,58,2.15,*************,,,,,,,,,,,,,,,,,
38,55,2.04,************,,,,,,,,,,,,,,,,,
39,84,3.11,*******************,,,,,,,,,,,,,,,,,
40,61,2.26,**************,,,,,,,,,,,,,,,,,
41,61,2.26,**************,,,,,,,,,,,,,,,,,
42,59,2.18,*************,,,,,,,,,,,,,,,,,
43,72,2.67,****************,,,,,,,,,,,,,,,,,
44,47,1.74,**********,,,,,,,,,,,,,,,,,
45,56,2.07,************,,,,,,,,,,,,,,,,,
ÇUíiäK,487,18.030359,,,,,,,,,,,,,,,,,,
46,66,2.44,***************,,,,,,,,,,,,,,,,,
47,53,1.96,************,,,,,,,,,,,,,,,,,
48,52,1.93,************,,,,,,,,,,,,,,,,,
49,61,2.26,**************,,,,,,,,,,,,,,,,,
50,43,1.59,**********,,,,,,,,,,,,,,,,,
51,38,1.41,********,,,,,,,,,,,,,,,,,
52,35,1.3,********,,,,,,,,,,,,,,,,,
53,35,1.3,********,,,,,,,,,,,,,,,,,
54,39,1.44,*********,,,,,,,,,,,,,,,,,
55,27,1,******,,,,,,,,,,,,,,,,,
56,38,1.41,********,,,,,,,,,,,,,,,,,
ÇVíiäK,311,11.514253,,,,,,,,,,,,,,,,,,
57,33,1.22,*******,,,,,,,,,,,,,,,,,
58,28,1.04,******,,,,,,,,,,,,,,,,,
59,20,0.74,****,,,,,,,,,,,,,,,,,
60,23,0.85,*****,,,,,,,,,,,,,,,,,
61,29,1.07,******,,,,,,,,,,,,,,,,,
62,19,0.7,****,,,,,,,,,,,,,,,,,
63,18,0.67,****,,,,,,,,,,,,,,,,,
64,38,1.41,********,,,,,,,,,,,,,,,,,
65,20,0.74,****,,,,,,,,,,,,,,,,,
66,16,0.59,****,,,,,,,,,,,,,,,,,
67,18,0.67,****,,,,,,,,,,,,,,,,,
68,29,1.07,******,,,,,,,,,,,,,,,,,
69,20,0.74,****,,,,,,,,,,,,,,,,,
ÇWíiäK,194,7.182524,,,,,,,,,,,,,,,,,,
70,15,0.56,***,,,,,,,,,,,,,,,,,
71,29,1.07,******,,,,,,,,,,,,,,,,,
72,19,0.7,****,,,,,,,,,,,,,,,,,
73,9,0.33,**,,,,,,,,,,,,,,,,,
74,11,0.41,**,,,,,,,,,,,,,,,,,
75,17,0.63,****,,,,,,,,,,,,,,,,,
76,16,0.59,****,,,,,,,,,,,,,,,,,
77,13,0.48,***,,,,,,,,,,,,,,,,,
78,15,0.56,***,,,,,,,,,,,,,,,,,
79,34,1.26,********,,,,,,,,,,,,,,,,,
80,5,0.19,*,,,,,,,,,,,,,,,,,
81,11,0.41,**,,,,,,,,,,,,,,,,,
ÇXíiäK,111,4.109589,,,,,,,,,,,,,,,,,,
82,18,0.67,****,,,,,,,,,,,,,,,,,
83,11,0.41,**,,,,,,,,,,,,,,,,,
84,4,0.15,*,,,,,,,,,,,,,,,,,
85,15,0.56,***,,,,,,,,,,,,,,,,,
86,17,0.63,****,,,,,,,,,,,,,,,,,
87,4,0.15,*,,,,,,,,,,,,,,,,,
88,0,0,,,,,,,,,,,,,,,,,,
89,11,0.41,**,,,,,,,,,,,,,,,,,
90,8,0.3,**,,,,,,,,,,,,,,,,,
91,4,0.15,*,,,,,,,,,,,,,,,,,
92,2,0.07,,,,,,,,,,,,,,,,,,
93,9,0.33,**,,,,,,,,,,,,,,,,,
94,3,0.11,*,,,,,,,,,,,,,,,,,
95,0,0,,,,,,,,,,,,,,,,,,
96,2,0.07,,,,,,,,,,,,,,,,,,
97,2,0.07,,,,,,,,,,,,,,,,,,
98,0,0,,,,,,,,,,,,,,,,,,
99,0,0,,,,,,,,,,,,,,,,,,
100,1,0.04,,,,,,,,,,,,,,,,,,
óﬂòaÇWîNìx ã≥â»ï ê¨ê—ï™ïzê}Åiñ{ééå±Åj,,,,,,,,,,,,,,,,,,,,
ã≥â»ñº,ñûì_,ç≈çÇì_,ç≈í·ì_,ïΩãœì_,ïWèÄïŒç∑,éÛå±é“êî,ìæì_ó¶,ÇTï™ílÇeÇP,ÇTï™ílÇeÇQ,ÇTï™ílÇeÇR,ÇTï™ílÇeÇS,,,,,,,,,
âpåÍÅiÉäÅ[ÉfÉBÉìÉOÅj,100,100,0,62.81,23.72,455114,0.6281,38,57,72,86,,,,,,,,,
ì_êî,êlêî,î‰ó¶ÅiÅìÅj,,,,,,,,,,,,,,,,,,
0,43,0.01,,,,,,,,,,,,,,,,,,
1,0,0,,,,,,,,,,,,,,,,,,
2,11,0,,,,,,,,,,,,,,,,,,
3,31,0.01,,,,,,,,,,,,,,,,,,
4,15,0,,,,,,,,,,,,,,,,,,
5,63,0.01,,,,,,,,,,,,,,,,,,
6,103,0.02,,,,,,,,,,,,,,,,,,
7,67,0.01,,,,,,,,,,,,,,,,,,
8,246,0.05,,,,,,,,,,,,,,,,,,
9,273,0.06,,,,,,,,,,,,,,,,,,
10,292,0.06,,,,,,,,,,,,,,,,,,
11,638,0.14,*,,,,,,,,,,,,,,,,,
12,637,0.14,*,,,,,,,,,,,,,,,,,
13,755,0.17,*,,,,,,,,,,,,,,,,,
14,1330,0.29,**,,,,,,,,,,,,,,,,,
15,1309,0.29,**,,,,,,,,,,,,,,,,,
16,1511,0.33,**,,,,,,,,,,,,,,,,,
17,2433,0.53,***,,,,,,,,,,,,,,,,,
18,2090,0.46,***,,,,,,,,,,,,,,,,,
19,2562,0.56,***,,,,,,,,,,,,,,,,,
20,3047,0.67,****,,,,,,,,,,,,,,,,,
21,2794,0.61,****,,,,,,,,,,,,,,,,,
22,3288,0.72,****,,,,,,,,,,,,,,,,,
23,3688,0.81,*****,,,,,,,,,,,,,,,,,
24,3466,0.76,*****,,,,,,,,,,,,,,,,,
25,3964,0.87,*****,,,,,,,,,,,,,,,,,
26,4104,0.9,*****,,,,,,,,,,,,,,,,,
27,3922,0.86,*****,,,,,,,,,,,,,,,,,
28,4187,0.92,******,,,,,,,,,,,,,,,,,
29,4306,0.95,******,,,,,,,,,,,,,,,,,
30,4074,0.9,*****,,,,,,,,,,,,,,,,,
31,4365,0.96,******,,,,,,,,,,,,,,,,,
32,4263,0.94,******,,,,,,,,,,,,,,,,,
33,4271,0.94,******,,,,,,,,,,,,,,,,,
34,4446,0.98,******,,,,,,,,,,,,,,,,,
35,4194,0.92,******,,,,,,,,,,,,,,,,,
36,4272,0.94,******,,,,,,,,,,,,,,,,,
37,4324,0.95,******,,,,,,,,,,,,,,,,,
38,4211,0.93,******,,,,,,,,,,,,,,,,,
39,4429,0.97,******,,,,,,,,,,,,,,,,,
40,4486,0.99,******,,,,,,,,,,,,,,,,,
41,4311,0.95,******,,,,,,,,,,,,,,,,,
42,4558,1,******,,,,,,,,,,,,,,,,,
43,4736,1.04,******,,,,,,,,,,,,,,,,,
44,4538,1,******,,,,,,,,,,,,,,,,,
45,4828,1.06,******,,,,,,,,,,,,,,,,,
46,4826,1.06,******,,,,,,,,,,,,,,,,,
47,4820,1.06,******,,,,,,,,,,,,,,,,,
48,5112,1.12,*******,,,,,,,,,,,,,,,,,
49,5087,1.12,*******,,,,,,,,,,,,,,,,,
50,5027,1.1,*******,,,,,,,,,,,,,,,,,
51,5157,1.13,*******,,,,,,,,,,,,,,,,,
52,5332,1.17,*******,,,,,,,,,,,,,,,,,
53,5284,1.16,*******,,,,,,,,,,,,,,,,,
54,5380,1.18,*******,,,,,,,,,,,,,,,,,
55,5440,1.2,*******,,,,,,,,,,,,,,,,,
56,5525,1.21,*******,,,,,,,,,,,,,,,,,
57,5413,1.19,*******,,,,,,,,,,,,,,,,,
58,5646,1.24,*******,,,,,,,,,,,,,,,,,
59,5756,1.26,********,,,,,,,,,,,,,,,,,
60,5577,1.23,*******,,,,,,,,,,,,,,,,,
61,5807,1.28,********,,,,,,,,,,,,,,,,,
62,5752,1.26,********,,,,,,,,,,,,,,,,,
63,5691,1.25,********,,,,,,,,,,,,,,,,,
64,5912,1.3,********,,,,,,,,,,,,,,,,,
65,5854,1.29,********,,,,,,,,,,,,,,,,,
66,5770,1.27,********,,,,,,,,,,,,,,,,,
67,5986,1.32,********,,,,,,,,,,,,,,,,,
68,5890,1.29,********,,,,,,,,,,,,,,,,,
69,6032,1.33,********,,,,,,,,,,,,,,,,,
70,6250,1.37,********,,,,,,,,,,,,,,,,,
71,5883,1.29,********,,,,,,,,,,,,,,,,,
72,5924,1.3,********,,,,,,,,,,,,,,,,,
73,6195,1.36,********,,,,,,,,,,,,,,,,,
74,5871,1.29,********,,,,,,,,,,,,,,,,,
75,6136,1.35,********,,,,,,,,,,,,,,,,,
76,6457,1.42,*********,,,,,,,,,,,,,,,,,
77,5938,1.3,********,,,,,,,,,,,,,,,,,
78,6291,1.38,********,,,,,,,,,,,,,,,,,
79,6610,1.45,*********,,,,,,,,,,,,,,,,,
80,6114,1.34,********,,,,,,,,,,,,,,,,,
81,6417,1.41,********,,,,,,,,,,,,,,,,,
82,7137,1.57,*********,,,,,,,,,,,,,,,,,
83,6247,1.37,********,,,,,,,,,,,,,,,,,
84,6545,1.44,*********,,,,,,,,,,,,,,,,,
85,7729,1.7,**********,,,,,,,,,,,,,,,,,
86,6348,1.39,********,,,,,,,,,,,,,,,,,
87,6718,1.48,*********,,,,,,,,,,,,,,,,,
88,8423,1.85,***********,,,,,,,,,,,,,,,,,
89,6475,1.42,*********,,,,,,,,,,,,,,,,,
90,6865,1.51,*********,,,,,,,,,,,,,,,,,
91,9330,2.05,************,,,,,,,,,,,,,,,,,
92,6250,1.37,********,,,,,,,,,,,,,,,,,
93,6050,1.33,********,,,,,,,,,,,,,,,,,
94,10639,2.34,**************,,,,,,,,,,,,,,,,,
95,5718,1.26,********,,,,,,,,,,,,,,,,,
96,3076,0.68,****,,,,,,,,,,,,,,,,,
97,12143,2.67,****************,,,,,,,,,,,,,,,,,
98,3054,0.67,****,,,,,,,,,,,,,,,,,
99,0,0,,,,,,,,,,,,,,,,,,
100,8724,1.92,************,,,,,,,,,,,,,,,,,
óﬂòaÇWîNìx â»ñ⁄ï ê¨ê—ï™ïzê}Åiñ{ééå±Åj,,,,,,,,,,,,,,,,,,,,
â»ñ⁄ñº,ñûì_,ç≈çÇì_,ç≈í·ì_,ïΩãœì_,ïWèÄïŒç∑,éÛå±é“êî,ìæì_ó¶,ÇTï™ílÇeÇP,ÇTï™ílÇeÇQ,ÇTï™ílÇeÇR,ÇTï™ílÇeÇS,ÇPíiäK,ÇQíiäK,ÇRíiäK,ÇSíiäK,ÇTíiäK,ÇUíiäK,ÇVíiäK,ÇWíiäK,ÇXíiäK
âpåÍÅiÉäÅ[ÉfÉBÉìÉOÅj,100,100,0,62.81,23.72,455114,0.6281,38,57,72,86,0Å`20,21Å`28,29Å`41,42Å`56,57Å`72,73Å`84,85Å`91,92Å`96,97Å`100
ì_êî,êlêî,î‰ó¶ÅiÅìÅj,,,,,,,,,,,,,,,,,,
ÇPíiäK,17456,3.835522,,,,,,,,,,,,,,,,,,
0,43,0.01,,,,,,,,,,,,,,,,,,
1,0,0,,,,,,,,,,,,,,,,,,
2,11,0,,,,,,,,,,,,,,,,,,
3,31,0.01,,,,,,,,,,,,,,,,,,
4,15,0,,,,,,,,,,,,,,,,,,
5,63,0.01,,,,,,,,,,,,,,,,,,
6,103,0.02,,,,,,,,,,,,,,,,,,
7,67,0.01,,,,,,,,,,,,,,,,,,
8,246,0.05,,,,,,,,,,,,,,,,,,
9,273,0.06,,,,,,,,,,,,,,,,,,
10,292,0.06,,,,,,,,,,,,,,,,,,
11,638,0.14,*,,,,,,,,,,,,,,,,,
12,637,0.14,*,,,,,,,,,,,,,,,,,
13,755,0.17,*,,,,,,,,,,,,,,,,,
14,1330,0.29,**,,,,,,,,,,,,,,,,,
15,1309,0.29,**,,,,,,,,,,,,,,,,,
16,1511,0.33,**,,,,,,,,,,,,,,,,,
17,2433,0.53,***,,,,,,,,,,,,,,,,,
18,2090,0.46,***,,,,,,,,,,,,,,,,,
19,2562,0.56,***,,,,,,,,,,,,,,,,,
20,3047,0.67,****,,,,,,,,,,,,,,,,,
ÇQíiäK,29413,6.462776,,,,,,,,,,,,,,,,,,
21,2794,0.61,****,,,,,,,,,,,,,,,,,
22,3288,0.72,****,,,,,,,,,,,,,,,,,
23,3688,0.81,*****,,,,,,,,,,,,,,,,,
24,3466,0.76,*****,,,,,,,,,,,,,,,,,
25,3964,0.87,*****,,,,,,,,,,,,,,,,,
26,4104,0.9,*****,,,,,,,,,,,,,,,,,
27,3922,0.86,*****,,,,,,,,,,,,,,,,,
28,4187,0.92,******,,,,,,,,,,,,,,,,,
ÇRíiäK,55952,12.294062,,,,,,,,,,,,,,,,,,
29,4306,0.95,******,,,,,,,,,,,,,,,,,
30,4074,0.9,*****,,,,,,,,,,,,,,,,,
31,4365,0.96,******,,,,,,,,,,,,,,,,,
32,4263,0.94,******,,,,,,,,,,,,,,,,,
33,4271,0.94,******,,,,,,,,,,,,,,,,,
34,4446,0.98,******,,,,,,,,,,,,,,,,,
35,4194,0.92,******,,,,,,,,,,,,,,,,,
36,4272,0.94,******,,,,,,,,,,,,,,,,,
37,4324,0.95,******,,,,,,,,,,,,,,,,,
38,4211,0.93,******,,,,,,,,,,,,,,,,,
39,4429,0.97,******,,,,,,,,,,,,,,,,,
40,4486,0.99,******,,,,,,,,,,,,,,,,,
41,4311,0.95,******,,,,,,,,,,,,,,,,,
ÇSíiäK,75650,16.622208,,,,,,,,,,,,,,,,,,
42,4558,1,******,,,,,,,,,,,,,,,,,
43,4736,1.04,******,,,,,,,,,,,,,,,,,
44,4538,1,******,,,,,,,,,,,,,,,,,
45,4828,1.06,******,,,,,,,,,,,,,,,,,
46,4826,1.06,******,,,,,,,,,,,,,,,,,
47,4820,1.06,******,,,,,,,,,,,,,,,,,
48,5112,1.12,*******,,,,,,,,,,,,,,,,,
49,5087,1.12,*******,,,,,,,,,,,,,,,,,
50,5027,1.1,*******,,,,,,,,,,,,,,,,,
51,5157,1.13,*******,,,,,,,,,,,,,,,,,
52,5332,1.17,*******,,,,,,,,,,,,,,,,,
53,5284,1.16,*******,,,,,,,,,,,,,,,,,
54,5380,1.18,*******,,,,,,,,,,,,,,,,,
55,5440,1.2,*******,,,,,,,,,,,,,,,,,
56,5525,1.21,*******,,,,,,,,,,,,,,,,,
ÇTíiäK,93143,20.465861,,,,,,,,,,,,,,,,,,
57,5413,1.19,*******,,,,,,,,,,,,,,,,,
58,5646,1.24,*******,,,,,,,,,,,,,,,,,
59,5756,1.26,********,,,,,,,,,,,,,,,,,
60,5577,1.23,*******,,,,,,,,,,,,,,,,,
61,5807,1.28,********,,,,,,,,,,,,,,,,,
62,5752,1.26,********,,,,,,,,,,,,,,,,,
63,5691,1.25,********,,,,,,,,,,,,,,,,,
64,5912,1.3,********,,,,,,,,,,,,,,,,,
65,5854,1.29,********,,,,,,,,,,,,,,,,,
66,5770,1.27,********,,,,,,,,,,,,,,,,,
67,5986,1.32,********,,,,,,,,,,,,,,,,,
68,5890,1.29,********,,,,,,,,,,,,,,,,,
69,6032,1.33,********,,,,,,,,,,,,,,,,,
70,6250,1.37,********,,,,,,,,,,,,,,,,,
71,5883,1.29,********,,,,,,,,,,,,,,,,,
72,5924,1.3,********,,,,,,,,,,,,,,,,,
ÇUíiäK,75958,16.689884,,,,,,,,,,,,,,,,,,
73,6195,1.36,********,,,,,,,,,,,,,,,,,
74,5871,1.29,********,,,,,,,,,,,,,,,,,
75,6136,1.35,********,,,,,,,,,,,,,,,,,
76,6457,1.42,*********,,,,,,,,,,,,,,,,,
77,5938,1.3,********,,,,,,,,,,,,,,,,,
78,6291,1.38,********,,,,,,,,,,,,,,,,,
79,6610,1.45,*********,,,,,,,,,,,,,,,,,
80,6114,1.34,********,,,,,,,,,,,,,,,,,
81,6417,1.41,********,,,,,,,,,,,,,,,,,
82,7137,1.57,*********,,,,,,,,,,,,,,,,,
83,6247,1.37,********,,,,,,,,,,,,,,,,,
84,6545,1.44,*********,,,,,,,,,,,,,,,,,
ÇVíiäK,51888,11.401099,,,,,,,,,,,,,,,,,,
85,7729,1.7,**********,,,,,,,,,,,,,,,,,
86,6348,1.39,********,,,,,,,,,,,,,,,,,
87,6718,1.48,*********,,,,,,,,,,,,,,,,,
88,8423,1.85,***********,,,,,,,,,,,,,,,,,
89,6475,1.42,*********,,,,,,,,,,,,,,,,,
90,6865,1.51,*********,,,,,,,,,,,,,,,,,
91,9330,2.05,************,,,,,,,,,,,,,,,,,
ÇWíiäK,31733,6.972538,,,,,,,,,,,,,,,,,,
92,6250,1.37,********,,,,,,,,,,,,,,,,,
93,6050,1.33,********,,,,,,,,,,,,,,,,,
94,10639,2.34,**************,,,,,,,,,,,,,,,,,
95,5718,1.26,********,,,,,,,,,,,,,,,,,
96,3076,0.68,****,,,,,,,,,,,,,,,,,
ÇXíiäK,23921,5.256045,,,,,,,,,,,,,,,,,,
97,12143,2.67,****************,,,,,,,,,,,,,,,,,
98,3054,0.67,****,,,,,,,,,,,,,,,,,
99,0,0,,,,,,,,,,,,,,,,,,
100,8724,1.92,************,,,,,,,,,,,,,,,,,
óﬂòaÇWîNìx ã≥â»ï ê¨ê—ï™ïzê}Åiñ{ééå±Åj,,,,,,,,,,,,,,,,,,,,
ã≥â»ñº,ñûì_,ç≈çÇì_,ç≈í·ì_,ïΩãœì_,ïWèÄïŒç∑,éÛå±é“êî,ìæì_ó¶,ÇTï™ílÇeÇP,ÇTï™ílÇeÇQ,ÇTï™ílÇeÇR,ÇTï™ílÇeÇS,,,,,,,,,
äOçëåÍ,200,200,0,139.61,39.63,1235,0.6981,105,136,158,175,,,,,,,,,
ì_êî,êlêî,î‰ó¶ÅiÅìÅj,,,,,,,,,,,,,,,,,,
0,1,0.08,,,,,,,,,,,,,,,,,,
1,0,0,,,,,,,,,,,,,,,,,,
2,0,0,,,,,,,,,,,,,,,,,,
3,0,0,,,,,,,,,,,,,,,,,,
4,0,0,,,,,,,,,,,,,,,,,,
5,0,0,,,,,,,,,,,,,,,,,,
6,0,0,,,,,,,,,,,,,,,,,,
7,0,0,,,,,,,,,,,,,,,,,,
8,0,0,,,,,,,,,,,,,,,,,,
9,0,0,,,,,,,,,,,,,,,,,,
10,0,0,,,,,,,,,,,,,,,,,,
11,0,0,,,,,,,,,,,,,,,,,,
12,0,0,,,,,,,,,,,,,,,,,,
13,0,0,,,,,,,,,,,,,,,,,,
14,0,0,,,,,,,,,,,,,,,,,,
15,0,0,,,,,,,,,,,,,,,,,,
16,0,0,,,,,,,,,,,,,,,,,,
17,0,0,,,,,,,,,,,,,,,,,,
18,0,0,,,,,,,,,,,,,,,,,,
19,0,0,,,,,,,,,,,,,,,,,,
20,0,0,,,,,,,,,,,,,,,,,,
21,0,0,,,,,,,,,,,,,,,,,,
22,0,0,,,,,,,,,,,,,,,,,,
23,1,0.08,,,,,,,,,,,,,,,,,,
24,0,0,,,,,,,,,,,,,,,,,,
25,0,0,,,,,,,,,,,,,,,,,,
26,0,0,,,,,,,,,,,,,,,,,,
27,0,0,,,,,,,,,,,,,,,,,,
28,0,0,,,,,,,,,,,,,,,,,,
29,1,0.08,,,,,,,,,,,,,,,,,,
30,0,0,,,,,,,,,,,,,,,,,,
31,1,0.08,,,,,,,,,,,,,,,,,,
32,0,0,,,,,,,,,,,,,,,,,,
33,0,0,,,,,,,,,,,,,,,,,,
34,0,0,,,,,,,,,,,,,,,,,,
35,0,0,,,,,,,,,,,,,,,,,,
36,2,0.16,*,,,,,,,,,,,,,,,,,
37,2,0.16,*,,,,,,,,,,,,,,,,,
38,2,0.16,*,,,,,,,,,,,,,,,,,
39,2,0.16,*,,,,,,,,,,,,,,,,,
40,0,0,,,,,,,,,,,,,,,,,,
41,2,0.16,*,,,,,,,,,,,,,,,,,
42,1,0.08,,,,,,,,,,,,,,,,,,
43,6,0.49,***,,,,,,,,,,,,,,,,,
44,1,0.08,,,,,,,,,,,,,,,,,,
45,2,0.16,*,,,,,,,,,,,,,,,,,
46,1,0.08,,,,,,,,,,,,,,,,,,
47,4,0.32,**,,,,,,,,,,,,,,,,,
48,3,0.24,*,,,,,,,,,,,,,,,,,
49,2,0.16,*,,,,,,,,,,,,,,,,,
50,0,0,,,,,,,,,,,,,,,,,,
51,5,0.4,**,,,,,,,,,,,,,,,,,
52,3,0.24,*,,,,,,,,,,,,,,,,,
53,3,0.24,*,,,,,,,,,,,,,,,,,
54,0,0,,,,,,,,,,,,,,,,,,
55,0,0,,,,,,,,,,,,,,,,,,
56,4,0.32,**,,,,,,,,,,,,,,,,,
57,1,0.08,,,,,,,,,,,,,,,,,,
58,2,0.16,*,,,,,,,,,,,,,,,,,
59,2,0.16,*,,,,,,,,,,,,,,,,,
60,3,0.24,*,,,,,,,,,,,,,,,,,
61,3,0.24,*,,,,,,,,,,,,,,,,,
62,6,0.49,***,,,,,,,,,,,,,,,,,
63,5,0.4,**,,,,,,,,,,,,,,,,,
64,2,0.16,*,,,,,,,,,,,,,,,,,
65,2,0.16,*,,,,,,,,,,,,,,,,,
66,6,0.49,***,,,,,,,,,,,,,,,,,
67,4,0.32,**,,,,,,,,,,,,,,,,,
68,1,0.08,,,,,,,,,,,,,,,,,,
69,2,0.16,*,,,,,,,,,,,,,,,,,
70,2,0.16,*,,,,,,,,,,,,,,,,,
71,6,0.49,***,,,,,,,,,,,,,,,,,
72,1,0.08,,,,,,,,,,,,,,,,,,
73,3,0.24,*,,,,,,,,,,,,,,,,,
74,8,0.65,****,,,,,,,,,,,,,,,,,
75,3,0.24,*,,,,,,,,,,,,,,,,,
76,9,0.73,****,,,,,,,,,,,,,,,,,
77,0,0,,,,,,,,,,,,,,,,,,
78,5,0.4,**,,,,,,,,,,,,,,,,,
79,4,0.32,**,,,,,,,,,,,,,,,,,
80,2,0.16,*,,,,,,,,,,,,,,,,,
81,7,0.57,***,,,,,,,,,,,,,,,,,
82,2,0.16,*,,,,,,,,,,,,,,,,,
83,8,0.65,****,,,,,,,,,,,,,,,,,
84,4,0.32,**,,,,,,,,,,,,,,,,,
85,3,0.24,*,,,,,,,,,,,,,,,,,
86,1,0.08,,,,,,,,,,,,,,,,,,
87,4,0.32,**,,,,,,,,,,,,,,,,,
88,2,0.16,*,,,,,,,,,,,,,,,,,
89,6,0.49,***,,,,,,,,,,,,,,,,,
90,3,0.24,*,,,,,,,,,,,,,,,,,
91,8,0.65,****,,,,,,,,,,,,,,,,,
92,6,0.49,***,,,,,,,,,,,,,,,,,
93,2,0.16,*,,,,,,,,,,,,,,,,,
94,2,0.16,*,,,,,,,,,,,,,,,,,
95,2,0.16,*,,,,,,,,,,,,,,,,,
96,0,0,,,,,,,,,,,,,,,,,,
97,5,0.4,**,,,,,,,,,,,,,,,,,
98,8,0.65,****,,,,,,,,,,,,,,,,,
99,6,0.49,***,,,,,,,,,,,,,,,,,
100,6,0.49,***,,,,,,,,,,,,,,,,,
101,8,0.65,****,,,,,,,,,,,,,,,,,
102,6,0.49,***,,,,,,,,,,,,,,,,,
103,2,0.16,*,,,,,,,,,,,,,,,,,
104,6,0.49,***,,,,,,,,,,,,,,,,,
105,8,0.65,****,,,,,,,,,,,,,,,,,
106,6,0.49,***,,,,,,,,,,,,,,,,,
107,12,0.97,******,,,,,,,,,,,,,,,,,
108,7,0.57,***,,,,,,,,,,,,,,,,,
109,5,0.4,**,,,,,,,,,,,,,,,,,
110,7,0.57,***,,,,,,,,,,,,,,,,,
111,6,0.49,***,,,,,,,,,,,,,,,,,
112,7,0.57,***,,,,,,,,,,,,,,,,,
113,5,0.4,**,,,,,,,,,,,,,,,,,
114,4,0.32,**,,,,,,,,,,,,,,,,,
115,7,0.57,***,,,,,,,,,,,,,,,,,
116,6,0.49,***,,,,,,,,,,,,,,,,,
117,12,0.97,******,,,,,,,,,,,,,,,,,
118,2,0.16,*,,,,,,,,,,,,,,,,,
119,11,0.89,*****,,,,,,,,,,,,,,,,,
120,8,0.65,****,,,,,,,,,,,,,,,,,
121,4,0.32,**,,,,,,,,,,,,,,,,,
122,12,0.97,******,,,,,,,,,,,,,,,,,
123,8,0.65,****,,,,,,,,,,,,,,,,,
124,10,0.81,*****,,,,,,,,,,,,,,,,,
125,6,0.49,***,,,,,,,,,,,,,,,,,
126,6,0.49,***,,,,,,,,,,,,,,,,,
127,11,0.89,*****,,,,,,,,,,,,,,,,,
128,7,0.57,***,,,,,,,,,,,,,,,,,
129,4,0.32,**,,,,,,,,,,,,,,,,,
130,9,0.73,****,,,,,,,,,,,,,,,,,
131,16,1.3,********,,,,,,,,,,,,,,,,,
132,11,0.89,*****,,,,,,,,,,,,,,,,,
133,10,0.81,*****,,,,,,,,,,,,,,,,,
134,6,0.49,***,,,,,,,,,,,,,,,,,
135,11,0.89,*****,,,,,,,,,,,,,,,,,
136,15,1.21,*******,,,,,,,,,,,,,,,,,
137,11,0.89,*****,,,,,,,,,,,,,,,,,
138,16,1.3,********,,,,,,,,,,,,,,,,,
139,5,0.4,**,,,,,,,,,,,,,,,,,
140,10,0.81,*****,,,,,,,,,,,,,,,,,
141,16,1.3,********,,,,,,,,,,,,,,,,,
142,15,1.21,*******,,,,,,,,,,,,,,,,,
143,8,0.65,****,,,,,,,,,,,,,,,,,
144,8,0.65,****,,,,,,,,,,,,,,,,,
145,10,0.81,*****,,,,,,,,,,,,,,,,,
146,9,0.73,****,,,,,,,,,,,,,,,,,
147,10,0.81,*****,,,,,,,,,,,,,,,,,
148,8,0.65,****,,,,,,,,,,,,,,,,,
149,1,0.08,,,,,,,,,,,,,,,,,,
150,11,0.89,*****,,,,,,,,,,,,,,,,,
151,17,1.38,********,,,,,,,,,,,,,,,,,
152,11,0.89,*****,,,,,,,,,,,,,,,,,
153,16,1.3,********,,,,,,,,,,,,,,,,,
154,4,0.32,**,,,,,,,,,,,,,,,,,
155,14,1.13,*******,,,,,,,,,,,,,,,,,
156,21,1.7,**********,,,,,,,,,,,,,,,,,
157,14,1.13,*******,,,,,,,,,,,,,,,,,
158,14,1.13,*******,,,,,,,,,,,,,,,,,
159,6,0.49,***,,,,,,,,,,,,,,,,,
160,17,1.38,********,,,,,,,,,,,,,,,,,
161,21,1.7,**********,,,,,,,,,,,,,,,,,
162,19,1.54,*********,,,,,,,,,,,,,,,,,
163,5,0.4,**,,,,,,,,,,,,,,,,,
164,10,0.81,*****,,,,,,,,,,,,,,,,,
165,16,1.3,********,,,,,,,,,,,,,,,,,
166,25,2.02,************,,,,,,,,,,,,,,,,,
167,13,1.05,******,,,,,,,,,,,,,,,,,
168,10,0.81,*****,,,,,,,,,,,,,,,,,
169,3,0.24,*,,,,,,,,,,,,,,,,,
170,22,1.78,***********,,,,,,,,,,,,,,,,,
171,21,1.7,**********,,,,,,,,,,,,,,,,,
172,18,1.46,*********,,,,,,,,,,,,,,,,,
173,8,0.65,****,,,,,,,,,,,,,,,,,
174,6,0.49,***,,,,,,,,,,,,,,,,,
175,20,1.62,**********,,,,,,,,,,,,,,,,,
176,26,2.11,*************,,,,,,,,,,,,,,,,,
177,16,1.3,********,,,,,,,,,,,,,,,,,
178,5,0.4,**,,,,,,,,,,,,,,,,,
179,3,0.24,*,,,,,,,,,,,,,,,,,
180,25,2.02,************,,,,,,,,,,,,,,,,,
181,22,1.78,***********,,,,,,,,,,,,,,,,,
182,16,1.3,********,,,,,,,,,,,,,,,,,
183,5,0.4,**,,,,,,,,,,,,,,,,,
184,1,0.08,,,,,,,,,,,,,,,,,,
185,21,1.7,**********,,,,,,,,,,,,,,,,,
186,16,1.3,********,,,,,,,,,,,,,,,,,
187,16,1.3,********,,,,,,,,,,,,,,,,,
188,5,0.4,**,,,,,,,,,,,,,,,,,
189,1,0.08,,,,,,,,,,,,,,,,,,
190,17,1.38,********,,,,,,,,,,,,,,,,,
191,15,1.21,*******,,,,,,,,,,,,,,,,,
192,4,0.32,**,,,,,,,,,,,,,,,,,
193,0,0,,,,,,,,,,,,,,,,,,
194,0,0,,,,,,,,,,,,,,,,,,
195,11,0.89,*****,,,,,,,,,,,,,,,,,
196,12,0.97,******,,,,,,,,,,,,,,,,,
197,1,0.08,,,,,,,,,,,,,,,,,,
198,0,0,,,,,,,,,,,,,,,,,,
199,0,0,,,,,,,,,,,,,,,,,,
200,11,0.89,*****,,,,,,,,,,,,,,,,,
óﬂòaÇWîNìx â»ñ⁄ï ê¨ê—ï™ïzê}Åiñ{ééå±Åj,,,,,,,,,,,,,,,,,,,,
â»ñ⁄ñº,ñûì_,ç≈çÇì_,ç≈í·ì_,ïΩãœì_,ïWèÄïŒç∑,éÛå±é“êî,ìæì_ó¶,ÇTï™ílÇeÇP,ÇTï™ílÇeÇQ,ÇTï™ílÇeÇR,ÇTï™ílÇeÇS,ÇPíiäK,ÇQíiäK,ÇRíiäK,ÇSíiäK,ÇTíiäK,ÇUíiäK,ÇVíiäK,ÇWíiäK,ÇXíiäK
ÉhÉCÉcåÍ,200,197,36,109.87,43.25,104,0.5493,72,83,117,154,0Å`50,51Å`63,64Å`73,74Å`82,83Å`118,119Å`146,147Å`174,175Å`188,189Å`200
ì_êî,êlêî,î‰ó¶ÅiÅìÅj,,,,,,,,,,,,,,,,,,
ÇPíiäK,4,3.846153,,,,,,,,,,,,,,,,,,
0,0,0,,,,,,,,,,,,,,,,,,
1,0,0,,,,,,,,,,,,,,,,,,
2,0,0,,,,,,,,,,,,,,,,,,
3,0,0,,,,,,,,,,,,,,,,,,
4,0,0,,,,,,,,,,,,,,,,,,
5,0,0,,,,,,,,,,,,,,,,,,
6,0,0,,,,,,,,,,,,,,,,,,
7,0,0,,,,,,,,,,,,,,,,,,
8,0,0,,,,,,,,,,,,,,,,,,
9,0,0,,,,,,,,,,,,,,,,,,
10,0,0,,,,,,,,,,,,,,,,,,
11,0,0,,,,,,,,,,,,,,,,,,
12,0,0,,,,,,,,,,,,,,,,,,
13,0,0,,,,,,,,,,,,,,,,,,
14,0,0,,,,,,,,,,,,,,,,,,
15,0,0,,,,,,,,,,,,,,,,,,
16,0,0,,,,,,,,,,,,,,,,,,
17,0,0,,,,,,,,,,,,,,,,,,
18,0,0,,,,,,,,,,,,,,,,,,
19,0,0,,,,,,,,,,,,,,,,,,
20,0,0,,,,,,,,,,,,,,,,,,
21,0,0,,,,,,,,,,,,,,,,,,
22,0,0,,,,,,,,,,,,,,,,,,
23,0,0,,,,,,,,,,,,,,,,,,
24,0,0,,,,,,,,,,,,,,,,,,
25,0,0,,,,,,,,,,,,,,,,,,
26,0,0,,,,,,,,,,,,,,,,,,
27,0,0,,,,,,,,,,,,,,,,,,
28,0,0,,,,,,,,,,,,,,,,,,
29,0,0,,,,,,,,,,,,,,,,,,
30,0,0,,,,,,,,,,,,,,,,,,
31,0,0,,,,,,,,,,,,,,,,,,
32,0,0,,,,,,,,,,,,,,,,,,
33,0,0,,,,,,,,,,,,,,,,,,
34,0,0,,,,,,,,,,,,,,,,,,
35,0,0,,,,,,,,,,,,,,,,,,
36,1,0.96,******,,,,,,,,,,,,,,,,,
37,0,0,,,,,,,,,,,,,,,,,,
38,0,0,,,,,,,,,,,,,,,,,,
39,0,0,,,,,,,,,,,,,,,,,,
40,0,0,,,,,,,,,,,,,,,,,,
41,0,0,,,,,,,,,,,,,,,,,,
42,1,0.96,******,,,,,,,,,,,,,,,,,
43,1,0.96,******,,,,,,,,,,,,,,,,,
44,0,0,,,,,,,,,,,,,,,,,,
45,0,0,,,,,,,,,,,,,,,,,,
46,0,0,,,,,,,,,,,,,,,,,,
47,0,0,,,,,,,,,,,,,,,,,,
48,1,0.96,******,,,,,,,,,,,,,,,,,
49,0,0,,,,,,,,,,,,,,,,,,
50,0,0,,,,,,,,,,,,,,,,,,
ÇQíiäK,7,6.730769,,,,,,,,,,,,,,,,,,
51,3,2.88,*****************,,,,,,,,,,,,,,,,,
52,1,0.96,******,,,,,,,,,,,,,,,,,
53,0,0,,,,,,,,,,,,,,,,,,
54,0,0,,,,,,,,,,,,,,,,,,
55,0,0,,,,,,,,,,,,,,,,,,
56,1,0.96,******,,,,,,,,,,,,,,,,,
57,0,0,,,,,,,,,,,,,,,,,,
58,0,0,,,,,,,,,,,,,,,,,,
59,0,0,,,,,,,,,,,,,,,,,,
60,0,0,,,,,,,,,,,,,,,,,,
61,0,0,,,,,,,,,,,,,,,,,,
62,2,1.92,************,,,,,,,,,,,,,,,,,
63,0,0,,,,,,,,,,,,,,,,,,
ÇRíiäK,11,10.576923,,,,,,,,,,,,,,,,,,
64,1,0.96,******,,,,,,,,,,,,,,,,,
65,2,1.92,************,,,,,,,,,,,,,,,,,
66,3,2.88,*****************,,,,,,,,,,,,,,,,,
67,1,0.96,******,,,,,,,,,,,,,,,,,
68,0,0,,,,,,,,,,,,,,,,,,
69,0,0,,,,,,,,,,,,,,,,,,
70,1,0.96,******,,,,,,,,,,,,,,,,,
71,1,0.96,******,,,,,,,,,,,,,,,,,
72,1,0.96,******,,,,,,,,,,,,,,,,,
73,1,0.96,******,,,,,,,,,,,,,,,,,
ÇSíiäK,17,16.346153,,,,,,,,,,,,,,,,,,
74,3,2.88,*****************,,,,,,,,,,,,,,,,,
75,2,1.92,************,,,,,,,,,,,,,,,,,
76,4,3.85,***********************,,,,,,,,,,,,,,,,,
77,0,0,,,,,,,,,,,,,,,,,,
78,2,1.92,************,,,,,,,,,,,,,,,,,
79,2,1.92,************,,,,,,,,,,,,,,,,,
80,0,0,,,,,,,,,,,,,,,,,,
81,3,2.88,*****************,,,,,,,,,,,,,,,,,
82,1,0.96,******,,,,,,,,,,,,,,,,,
ÇTíiäK,23,22.115384,,,,,,,,,,,,,,,,,,
83,3,2.88,*****************,,,,,,,,,,,,,,,,,
84,0,0,,,,,,,,,,,,,,,,,,
85,0,0,,,,,,,,,,,,,,,,,,
86,0,0,,,,,,,,,,,,,,,,,,
87,0,0,,,,,,,,,,,,,,,,,,
88,0,0,,,,,,,,,,,,,,,,,,
89,2,1.92,************,,,,,,,,,,,,,,,,,
90,2,1.92,************,,,,,,,,,,,,,,,,,
91,2,1.92,************,,,,,,,,,,,,,,,,,
92,0,0,,,,,,,,,,,,,,,,,,
93,0,0,,,,,,,,,,,,,,,,,,
94,0,0,,,,,,,,,,,,,,,,,,
95,1,0.96,******,,,,,,,,,,,,,,,,,
96,0,0,,,,,,,,,,,,,,,,,,
97,0,0,,,,,,,,,,,,,,,,,,
98,2,1.92,************,,,,,,,,,,,,,,,,,
99,2,1.92,************,,,,,,,,,,,,,,,,,
100,0,0,,,,,,,,,,,,,,,,,,
101,0,0,,,,,,,,,,,,,,,,,,
102,1,0.96,******,,,,,,,,,,,,,,,,,
103,0,0,,,,,,,,,,,,,,,,,,
104,1,0.96,******,,,,,,,,,,,,,,,,,
105,1,0.96,******,,,,,,,,,,,,,,,,,
106,1,0.96,******,,,,,,,,,,,,,,,,,
107,1,0.96,******,,,,,,,,,,,,,,,,,
108,0,0,,,,,,,,,,,,,,,,,,
109,0,0,,,,,,,,,,,,,,,,,,
110,1,0.96,******,,,,,,,,,,,,,,,,,
111,0,0,,,,,,,,,,,,,,,,,,
112,2,1.92,************,,,,,,,,,,,,,,,,,
113,0,0,,,,,,,,,,,,,,,,,,
114,0,0,,,,,,,,,,,,,,,,,,
115,0,0,,,,,,,,,,,,,,,,,,
116,0,0,,,,,,,,,,,,,,,,,,
117,1,0.96,******,,,,,,,,,,,,,,,,,
118,0,0,,,,,,,,,,,,,,,,,,
ÇUíiäK,18,17.307692,,,,,,,,,,,,,,,,,,
119,1,0.96,******,,,,,,,,,,,,,,,,,
120,1,0.96,******,,,,,,,,,,,,,,,,,
121,0,0,,,,,,,,,,,,,,,,,,
122,0,0,,,,,,,,,,,,,,,,,,
123,0,0,,,,,,,,,,,,,,,,,,
124,2,1.92,************,,,,,,,,,,,,,,,,,
125,0,0,,,,,,,,,,,,,,,,,,
126,0,0,,,,,,,,,,,,,,,,,,
127,0,0,,,,,,,,,,,,,,,,,,
128,0,0,,,,,,,,,,,,,,,,,,
129,1,0.96,******,,,,,,,,,,,,,,,,,
130,0,0,,,,,,,,,,,,,,,,,,
131,1,0.96,******,,,,,,,,,,,,,,,,,
132,1,0.96,******,,,,,,,,,,,,,,,,,
133,0,0,,,,,,,,,,,,,,,,,,
134,1,0.96,******,,,,,,,,,,,,,,,,,
135,1,0.96,******,,,,,,,,,,,,,,,,,
136,1,0.96,******,,,,,,,,,,,,,,,,,
137,3,2.88,*****************,,,,,,,,,,,,,,,,,
138,1,0.96,******,,,,,,,,,,,,,,,,,
139,0,0,,,,,,,,,,,,,,,,,,
140,1,0.96,******,,,,,,,,,,,,,,,,,
141,1,0.96,******,,,,,,,,,,,,,,,,,
142,0,0,,,,,,,,,,,,,,,,,,
143,0,0,,,,,,,,,,,,,,,,,,
144,0,0,,,,,,,,,,,,,,,,,,
145,0,0,,,,,,,,,,,,,,,,,,
146,2,1.92,************,,,,,,,,,,,,,,,,,
ÇVíiäK,12,11.538461,,,,,,,,,,,,,,,,,,
147,1,0.96,******,,,,,,,,,,,,,,,,,
148,0,0,,,,,,,,,,,,,,,,,,
149,0,0,,,,,,,,,,,,,,,,,,
150,0,0,,,,,,,,,,,,,,,,,,
151,0,0,,,,,,,,,,,,,,,,,,
152,0,0,,,,,,,,,,,,,,,,,,
153,1,0.96,******,,,,,,,,,,,,,,,,,
154,1,0.96,******,,,,,,,,,,,,,,,,,
155,0,0,,,,,,,,,,,,,,,,,,
156,3,2.88,*****************,,,,,,,,,,,,,,,,,
157,0,0,,,,,,,,,,,,,,,,,,
158,0,0,,,,,,,,,,,,,,,,,,
159,0,0,,,,,,,,,,,,,,,,,,
160,0,0,,,,,,,,,,,,,,,,,,
161,0,0,,,,,,,,,,,,,,,,,,
162,1,0.96,******,,,,,,,,,,,,,,,,,
163,0,0,,,,,,,,,,,,,,,,,,
164,0,0,,,,,,,,,,,,,,,,,,
165,0,0,,,,,,,,,,,,,,,,,,
166,1,0.96,******,,,,,,,,,,,,,,,,,
167,0,0,,,,,,,,,,,,,,,,,,
168,1,0.96,******,,,,,,,,,,,,,,,,,
169,0,0,,,,,,,,,,,,,,,,,,
170,0,0,,,,,,,,,,,,,,,,,,
171,1,0.96,******,,,,,,,,,,,,,,,,,
172,0,0,,,,,,,,,,,,,,,,,,
173,0,0,,,,,,,,,,,,,,,,,,
174,2,1.92,************,,,,,,,,,,,,,,,,,
ÇWíiäK,7,6.730769,,,,,,,,,,,,,,,,,,
175,1,0.96,******,,,,,,,,,,,,,,,,,
176,1,0.96,******,,,,,,,,,,,,,,,,,
177,0,0,,,,,,,,,,,,,,,,,,
178,1,0.96,******,,,,,,,,,,,,,,,,,
179,0,0,,,,,,,,,,,,,,,,,,
180,1,0.96,******,,,,,,,,,,,,,,,,,
181,1,0.96,******,,,,,,,,,,,,,,,,,
182,1,0.96,******,,,,,,,,,,,,,,,,,
183,0,0,,,,,,,,,,,,,,,,,,
184,0,0,,,,,,,,,,,,,,,,,,
185,1,0.96,******,,,,,,,,,,,,,,,,,
186,0,0,,,,,,,,,,,,,,,,,,
187,0,0,,,,,,,,,,,,,,,,,,
188,0,0,,,,,,,,,,,,,,,,,,
ÇXíiäK,5,4.807692,,,,,,,,,,,,,,,,,,
189,1,0.96,******,,,,,,,,,,,,,,,,,
190,0,0,,,,,,,,,,,,,,,,,,
191,3,2.88,*****************,,,,,,,,,,,,,,,,,
192,0,0,,,,,,,,,,,,,,,,,,
193,0,0,,,,,,,,,,,,,,,,,,
194,0,0,,,,,,,,,,,,,,,,,,
195,0,0,,,,,,,,,,,,,,,,,,
196,0,0,,,,,,,,,,,,,,,,,,
197,1,0.96,******,,,,,,,,,,,,,,,,,
198,0,0,,,,,,,,,,,,,,,,,,
199,0,0,,,,,,,,,,,,,,,,,,
200,0,0,,,,,,,,,,,,,,,,,,
óﬂòaÇWîNìx â»ñ⁄ï ê¨ê—ï™ïzê}Åiñ{ééå±Åj,,,,,,,,,,,,,,,,,,,,
â»ñ⁄ñº,ñûì_,ç≈çÇì_,ç≈í·ì_,ïΩãœì_,ïWèÄïŒç∑,éÛå±é“êî,ìæì_ó¶,ÇTï™ílÇeÇP,ÇTï™ílÇeÇQ,ÇTï™ílÇeÇR,ÇTï™ílÇeÇS,ÇPíiäK,ÇQíiäK,ÇRíiäK,ÇSíiäK,ÇTíiäK,ÇUíiäK,ÇVíiäK,ÇWíiäK,ÇXíiäK
ÉtÉâÉìÉXåÍ,200,196,0,111.93,44.22,87,0.5597,63,104,125,147,0Å`37,38Å`50,51Å`70,71Å`103,104Å`124,125Å`141,142Å`165,166Å`186,187Å`200
ì_êî,êlêî,î‰ó¶ÅiÅìÅj,,,,,,,,,,,,,,,,,,
ÇPíiäK,3,3.448275,,,,,,,,,,,,,,,,,,
0,1,1.15,*******,,,,,,,,,,,,,,,,,
1,0,0,,,,,,,,,,,,,,,,,,
2,0,0,,,,,,,,,,,,,,,,,,
3,0,0,,,,,,,,,,,,,,,,,,
4,0,0,,,,,,,,,,,,,,,,,,
5,0,0,,,,,,,,,,,,,,,,,,
6,0,0,,,,,,,,,,,,,,,,,,
7,0,0,,,,,,,,,,,,,,,,,,
8,0,0,,,,,,,,,,,,,,,,,,
9,0,0,,,,,,,,,,,,,,,,,,
10,0,0,,,,,,,,,,,,,,,,,,
11,0,0,,,,,,,,,,,,,,,,,,
12,0,0,,,,,,,,,,,,,,,,,,
13,0,0,,,,,,,,,,,,,,,,,,
14,0,0,,,,,,,,,,,,,,,,,,
15,0,0,,,,,,,,,,,,,,,,,,
16,0,0,,,,,,,,,,,,,,,,,,
17,0,0,,,,,,,,,,,,,,,,,,
18,0,0,,,,,,,,,,,,,,,,,,
19,0,0,,,,,,,,,,,,,,,,,,
20,0,0,,,,,,,,,,,,,,,,,,
21,0,0,,,,,,,,,,,,,,,,,,
22,0,0,,,,,,,,,,,,,,,,,,
23,1,1.15,*******,,,,,,,,,,,,,,,,,
24,0,0,,,,,,,,,,,,,,,,,,
25,0,0,,,,,,,,,,,,,,,,,,
26,0,0,,,,,,,,,,,,,,,,,,
27,0,0,,,,,,,,,,,,,,,,,,
28,0,0,,,,,,,,,,,,,,,,,,
29,0,0,,,,,,,,,,,,,,,,,,
30,0,0,,,,,,,,,,,,,,,,,,
31,1,1.15,*******,,,,,,,,,,,,,,,,,
32,0,0,,,,,,,,,,,,,,,,,,
33,0,0,,,,,,,,,,,,,,,,,,
34,0,0,,,,,,,,,,,,,,,,,,
35,0,0,,,,,,,,,,,,,,,,,,
36,0,0,,,,,,,,,,,,,,,,,,
37,0,0,,,,,,,,,,,,,,,,,,
ÇQíiäK,5,5.747126,,,,,,,,,,,,,,,,,,
38,2,2.3,**************,,,,,,,,,,,,,,,,,
39,0,0,,,,,,,,,,,,,,,,,,
40,0,0,,,,,,,,,,,,,,,,,,
41,0,0,,,,,,,,,,,,,,,,,,
42,0,0,,,,,,,,,,,,,,,,,,
43,0,0,,,,,,,,,,,,,,,,,,
44,0,0,,,,,,,,,,,,,,,,,,
45,1,1.15,*******,,,,,,,,,,,,,,,,,
46,0,0,,,,,,,,,,,,,,,,,,
47,1,1.15,*******,,,,,,,,,,,,,,,,,
48,1,1.15,*******,,,,,,,,,,,,,,,,,
49,0,0,,,,,,,,,,,,,,,,,,
50,0,0,,,,,,,,,,,,,,,,,,
ÇRíiäK,11,12.643678,,,,,,,,,,,,,,,,,,
51,2,2.3,**************,,,,,,,,,,,,,,,,,
52,2,2.3,**************,,,,,,,,,,,,,,,,,
53,0,0,,,,,,,,,,,,,,,,,,
54,0,0,,,,,,,,,,,,,,,,,,
55,0,0,,,,,,,,,,,,,,,,,,
56,0,0,,,,,,,,,,,,,,,,,,
57,0,0,,,,,,,,,,,,,,,,,,
58,0,0,,,,,,,,,,,,,,,,,,
59,2,2.3,**************,,,,,,,,,,,,,,,,,
60,0,0,,,,,,,,,,,,,,,,,,
61,1,1.15,*******,,,,,,,,,,,,,,,,,
62,1,1.15,*******,,,,,,,,,,,,,,,,,
63,1,1.15,*******,,,,,,,,,,,,,,,,,
64,0,0,,,,,,,,,,,,,,,,,,
65,0,0,,,,,,,,,,,,,,,,,,
66,1,1.15,*******,,,,,,,,,,,,,,,,,
67,1,1.15,*******,,,,,,,,,,,,,,,,,
68,0,0,,,,,,,,,,,,,,,,,,
69,0,0,,,,,,,,,,,,,,,,,,
70,0,0,,,,,,,,,,,,,,,,,,
ÇSíiäK,15,17.241379,,,,,,,,,,,,,,,,,,
71,1,1.15,*******,,,,,,,,,,,,,,,,,
72,0,0,,,,,,,,,,,,,,,,,,
73,1,1.15,*******,,,,,,,,,,,,,,,,,
74,0,0,,,,,,,,,,,,,,,,,,
75,0,0,,,,,,,,,,,,,,,,,,
76,0,0,,,,,,,,,,,,,,,,,,
77,0,0,,,,,,,,,,,,,,,,,,
78,0,0,,,,,,,,,,,,,,,,,,
79,0,0,,,,,,,,,,,,,,,,,,
80,0,0,,,,,,,,,,,,,,,,,,
81,1,1.15,*******,,,,,,,,,,,,,,,,,
82,0,0,,,,,,,,,,,,,,,,,,
83,0,0,,,,,,,,,,,,,,,,,,
84,1,1.15,*******,,,,,,,,,,,,,,,,,
85,2,2.3,**************,,,,,,,,,,,,,,,,,
86,0,0,,,,,,,,,,,,,,,,,,
87,0,0,,,,,,,,,,,,,,,,,,
88,0,0,,,,,,,,,,,,,,,,,,
89,1,1.15,*******,,,,,,,,,,,,,,,,,
90,1,1.15,*******,,,,,,,,,,,,,,,,,
91,2,2.3,**************,,,,,,,,,,,,,,,,,
92,0,0,,,,,,,,,,,,,,,,,,
93,1,1.15,*******,,,,,,,,,,,,,,,,,
94,0,0,,,,,,,,,,,,,,,,,,
95,0,0,,,,,,,,,,,,,,,,,,
96,0,0,,,,,,,,,,,,,,,,,,
97,1,1.15,*******,,,,,,,,,,,,,,,,,
98,0,0,,,,,,,,,,,,,,,,,,
99,2,2.3,**************,,,,,,,,,,,,,,,,,
100,0,0,,,,,,,,,,,,,,,,,,
101,0,0,,,,,,,,,,,,,,,,,,
102,1,1.15,*******,,,,,,,,,,,,,,,,,
103,0,0,,,,,,,,,,,,,,,,,,
ÇTíiäK,17,19.540229,,,,,,,,,,,,,,,,,,
104,1,1.15,*******,,,,,,,,,,,,,,,,,
105,0,0,,,,,,,,,,,,,,,,,,
106,0,0,,,,,,,,,,,,,,,,,,
107,0,0,,,,,,,,,,,,,,,,,,
108,2,2.3,**************,,,,,,,,,,,,,,,,,
109,0,0,,,,,,,,,,,,,,,,,,
110,0,0,,,,,,,,,,,,,,,,,,
111,1,1.15,*******,,,,,,,,,,,,,,,,,
112,1,1.15,*******,,,,,,,,,,,,,,,,,
113,0,0,,,,,,,,,,,,,,,,,,
114,1,1.15,*******,,,,,,,,,,,,,,,,,
115,1,1.15,*******,,,,,,,,,,,,,,,,,
116,2,2.3,**************,,,,,,,,,,,,,,,,,
117,0,0,,,,,,,,,,,,,,,,,,
118,0,0,,,,,,,,,,,,,,,,,,
119,2,2.3,**************,,,,,,,,,,,,,,,,,
120,2,2.3,**************,,,,,,,,,,,,,,,,,
121,0,0,,,,,,,,,,,,,,,,,,
122,0,0,,,,,,,,,,,,,,,,,,
123,2,2.3,**************,,,,,,,,,,,,,,,,,
124,2,2.3,**************,,,,,,,,,,,,,,,,,
ÇUíiäK,15,17.241379,,,,,,,,,,,,,,,,,,
125,1,1.15,*******,,,,,,,,,,,,,,,,,
126,0,0,,,,,,,,,,,,,,,,,,
127,0,0,,,,,,,,,,,,,,,,,,
128,0,0,,,,,,,,,,,,,,,,,,
129,0,0,,,,,,,,,,,,,,,,,,
130,3,3.45,*********************,,,,,,,,,,,,,,,,,
131,1,1.15,*******,,,,,,,,,,,,,,,,,
132,0,0,,,,,,,,,,,,,,,,,,
133,0,0,,,,,,,,,,,,,,,,,,
134,1,1.15,*******,,,,,,,,,,,,,,,,,
135,3,3.45,*********************,,,,,,,,,,,,,,,,,
136,0,0,,,,,,,,,,,,,,,,,,
137,1,1.15,*******,,,,,,,,,,,,,,,,,
138,1,1.15,*******,,,,,,,,,,,,,,,,,
139,1,1.15,*******,,,,,,,,,,,,,,,,,
140,1,1.15,*******,,,,,,,,,,,,,,,,,
141,2,2.3,**************,,,,,,,,,,,,,,,,,
ÇVíiäK,9,10.344827,,,,,,,,,,,,,,,,,,
142,2,2.3,**************,,,,,,,,,,,,,,,,,
143,0,0,,,,,,,,,,,,,,,,,,
144,1,1.15,*******,,,,,,,,,,,,,,,,,
145,0,0,,,,,,,,,,,,,,,,,,
146,0,0,,,,,,,,,,,,,,,,,,
147,1,1.15,*******,,,,,,,,,,,,,,,,,
148,2,2.3,**************,,,,,,,,,,,,,,,,,
149,0,0,,,,,,,,,,,,,,,,,,
150,0,0,,,,,,,,,,,,,,,,,,
151,0,0,,,,,,,,,,,,,,,,,,
152,0,0,,,,,,,,,,,,,,,,,,
153,0,0,,,,,,,,,,,,,,,,,,
154,0,0,,,,,,,,,,,,,,,,,,
155,0,0,,,,,,,,,,,,,,,,,,
156,0,0,,,,,,,,,,,,,,,,,,
157,1,1.15,*******,,,,,,,,,,,,,,,,,
158,2,2.3,**************,,,,,,,,,,,,,,,,,
159,0,0,,,,,,,,,,,,,,,,,,
160,0,0,,,,,,,,,,,,,,,,,,
161,0,0,,,,,,,,,,,,,,,,,,
162,0,0,,,,,,,,,,,,,,,,,,
163,0,0,,,,,,,,,,,,,,,,,,
164,0,0,,,,,,,,,,,,,,,,,,
165,0,0,,,,,,,,,,,,,,,,,,
ÇWíiäK,8,9.195402,,,,,,,,,,,,,,,,,,
166,3,3.45,*********************,,,,,,,,,,,,,,,,,
167,0,0,,,,,,,,,,,,,,,,,,
168,1,1.15,*******,,,,,,,,,,,,,,,,,
169,0,0,,,,,,,,,,,,,,,,,,
170,0,0,,,,,,,,,,,,,,,,,,
171,1,1.15,*******,,,,,,,,,,,,,,,,,
172,0,0,,,,,,,,,,,,,,,,,,
173,0,0,,,,,,,,,,,,,,,,,,
174,0,0,,,,,,,,,,,,,,,,,,
175,0,0,,,,,,,,,,,,,,,,,,
176,0,0,,,,,,,,,,,,,,,,,,
177,0,0,,,,,,,,,,,,,,,,,,
178,1,1.15,*******,,,,,,,,,,,,,,,,,
179,0,0,,,,,,,,,,,,,,,,,,
180,0,0,,,,,,,,,,,,,,,,,,
181,0,0,,,,,,,,,,,,,,,,,,
182,1,1.15,*******,,,,,,,,,,,,,,,,,
183,0,0,,,,,,,,,,,,,,,,,,
184,0,0,,,,,,,,,,,,,,,,,,
185,0,0,,,,,,,,,,,,,,,,,,
186,1,1.15,*******,,,,,,,,,,,,,,,,,
ÇXíiäK,4,4.597701,,,,,,,,,,,,,,,,,,
187,1,1.15,*******,,,,,,,,,,,,,,,,,
188,0,0,,,,,,,,,,,,,,,,,,
189,0,0,,,,,,,,,,,,,,,,,,
190,0,0,,,,,,,,,,,,,,,,,,
191,0,0,,,,,,,,,,,,,,,,,,
192,1,1.15,*******,,,,,,,,,,,,,,,,,
193,0,0,,,,,,,,,,,,,,,,,,
194,0,0,,,,,,,,,,,,,,,,,,
195,0,0,,,,,,,,,,,,,,,,,,
196,2,2.3,**************,,,,,,,,,,,,,,,,,
197,0,0,,,,,,,,,,,,,,,,,,
198,0,0,,,,,,,,,,,,,,,,,,
199,0,0,,,,,,,,,,,,,,,,,,
200,0,0,,,,,,,,,,,,,,,,,,
óﬂòaÇWîNìx â»ñ⁄ï ê¨ê—ï™ïzê}Åiñ{ééå±Åj,,,,,,,,,,,,,,,,,,,,
â»ñ⁄ñº,ñûì_,ç≈çÇì_,ç≈í·ì_,ïΩãœì_,ïWèÄïŒç∑,éÛå±é“êî,ìæì_ó¶,ÇTï™ílÇeÇP,ÇTï™ílÇeÇQ,ÇTï™ílÇeÇR,ÇTï™ílÇeÇS,ÇPíiäK,ÇQíiäK,ÇRíiäK,ÇSíiäK,ÇTíiäK,ÇUíiäK,ÇVíiäK,ÇWíiäK,ÇXíiäK
íÜçëåÍ,200,200,29,145.88,33.59,866,0.7294,118,142,161,175,0Å`72,73Å`100,101Å`121,122Å`141,142Å`160,161Å`172,173Å`180,181Å`189,190Å`200
ì_êî,êlêî,î‰ó¶ÅiÅìÅj,,,,,,,,,,,,,,,,,,
ÇPíiäK,31,3.579676,,,,,,,,,,,,,,,,,,
0,0,0,,,,,,,,,,,,,,,,,,
1,0,0,,,,,,,,,,,,,,,,,,
2,0,0,,,,,,,,,,,,,,,,,,
3,0,0,,,,,,,,,,,,,,,,,,
4,0,0,,,,,,,,,,,,,,,,,,
5,0,0,,,,,,,,,,,,,,,,,,
6,0,0,,,,,,,,,,,,,,,,,,
7,0,0,,,,,,,,,,,,,,,,,,
8,0,0,,,,,,,,,,,,,,,,,,
9,0,0,,,,,,,,,,,,,,,,,,
10,0,0,,,,,,,,,,,,,,,,,,
11,0,0,,,,,,,,,,,,,,,,,,
12,0,0,,,,,,,,,,,,,,,,,,
13,0,0,,,,,,,,,,,,,,,,,,
14,0,0,,,,,,,,,,,,,,,,,,
15,0,0,,,,,,,,,,,,,,,,,,
16,0,0,,,,,,,,,,,,,,,,,,
17,0,0,,,,,,,,,,,,,,,,,,
18,0,0,,,,,,,,,,,,,,,,,,
19,0,0,,,,,,,,,,,,,,,,,,
20,0,0,,,,,,,,,,,,,,,,,,
21,0,0,,,,,,,,,,,,,,,,,,
22,0,0,,,,,,,,,,,,,,,,,,
23,0,0,,,,,,,,,,,,,,,,,,
24,0,0,,,,,,,,,,,,,,,,,,
25,0,0,,,,,,,,,,,,,,,,,,
26,0,0,,,,,,,,,,,,,,,,,,
27,0,0,,,,,,,,,,,,,,,,,,
28,0,0,,,,,,,,,,,,,,,,,,
29,1,0.12,*,,,,,,,,,,,,,,,,,
30,0,0,,,,,,,,,,,,,,,,,,
31,0,0,,,,,,,,,,,,,,,,,,
32,0,0,,,,,,,,,,,,,,,,,,
33,0,0,,,,,,,,,,,,,,,,,,
34,0,0,,,,,,,,,,,,,,,,,,
35,0,0,,,,,,,,,,,,,,,,,,
36,1,0.12,*,,,,,,,,,,,,,,,,,
37,1,0.12,*,,,,,,,,,,,,,,,,,
38,0,0,,,,,,,,,,,,,,,,,,
39,0,0,,,,,,,,,,,,,,,,,,
40,0,0,,,,,,,,,,,,,,,,,,
41,0,0,,,,,,,,,,,,,,,,,,
42,0,0,,,,,,,,,,,,,,,,,,
43,4,0.46,***,,,,,,,,,,,,,,,,,
44,1,0.12,*,,,,,,,,,,,,,,,,,
45,0,0,,,,,,,,,,,,,,,,,,
46,0,0,,,,,,,,,,,,,,,,,,
47,1,0.12,*,,,,,,,,,,,,,,,,,
48,1,0.12,*,,,,,,,,,,,,,,,,,
49,1,0.12,*,,,,,,,,,,,,,,,,,
50,0,0,,,,,,,,,,,,,,,,,,
51,0,0,,,,,,,,,,,,,,,,,,
52,0,0,,,,,,,,,,,,,,,,,,
53,3,0.35,**,,,,,,,,,,,,,,,,,
54,0,0,,,,,,,,,,,,,,,,,,
55,0,0,,,,,,,,,,,,,,,,,,
56,1,0.12,*,,,,,,,,,,,,,,,,,
57,1,0.12,*,,,,,,,,,,,,,,,,,
58,1,0.12,*,,,,,,,,,,,,,,,,,
59,0,0,,,,,,,,,,,,,,,,,,
60,2,0.23,*,,,,,,,,,,,,,,,,,
61,0,0,,,,,,,,,,,,,,,,,,
62,0,0,,,,,,,,,,,,,,,,,,
63,3,0.35,**,,,,,,,,,,,,,,,,,
64,1,0.12,*,,,,,,,,,,,,,,,,,
65,0,0,,,,,,,,,,,,,,,,,,
66,0,0,,,,,,,,,,,,,,,,,,
67,2,0.23,*,,,,,,,,,,,,,,,,,
68,1,0.12,*,,,,,,,,,,,,,,,,,
69,2,0.23,*,,,,,,,,,,,,,,,,,
70,1,0.12,*,,,,,,,,,,,,,,,,,
71,2,0.23,*,,,,,,,,,,,,,,,,,
72,0,0,,,,,,,,,,,,,,,,,,
ÇQíiäK,57,6.581986,,,,,,,,,,,,,,,,,,
73,1,0.12,*,,,,,,,,,,,,,,,,,
74,4,0.46,***,,,,,,,,,,,,,,,,,
75,1,0.12,*,,,,,,,,,,,,,,,,,
76,4,0.46,***,,,,,,,,,,,,,,,,,
77,0,0,,,,,,,,,,,,,,,,,,
78,2,0.23,*,,,,,,,,,,,,,,,,,
79,1,0.12,*,,,,,,,,,,,,,,,,,
80,0,0,,,,,,,,,,,,,,,,,,
81,1,0.12,*,,,,,,,,,,,,,,,,,
82,0,0,,,,,,,,,,,,,,,,,,
83,4,0.46,***,,,,,,,,,,,,,,,,,
84,3,0.35,**,,,,,,,,,,,,,,,,,
85,1,0.12,*,,,,,,,,,,,,,,,,,
86,1,0.12,*,,,,,,,,,,,,,,,,,
87,4,0.46,***,,,,,,,,,,,,,,,,,
88,2,0.23,*,,,,,,,,,,,,,,,,,
89,2,0.23,*,,,,,,,,,,,,,,,,,
90,0,0,,,,,,,,,,,,,,,,,,
91,2,0.23,*,,,,,,,,,,,,,,,,,
92,5,0.58,***,,,,,,,,,,,,,,,,,
93,1,0.12,*,,,,,,,,,,,,,,,,,
94,2,0.23,*,,,,,,,,,,,,,,,,,
95,0,0,,,,,,,,,,,,,,,,,,
96,0,0,,,,,,,,,,,,,,,,,,
97,4,0.46,***,,,,,,,,,,,,,,,,,
98,6,0.69,****,,,,,,,,,,,,,,,,,
99,1,0.12,*,,,,,,,,,,,,,,,,,
100,5,0.58,***,,,,,,,,,,,,,,,,,
ÇRíiäK,100,11.547344,,,,,,,,,,,,,,,,,,
101,7,0.81,*****,,,,,,,,,,,,,,,,,
102,4,0.46,***,,,,,,,,,,,,,,,,,
103,2,0.23,*,,,,,,,,,,,,,,,,,
104,4,0.46,***,,,,,,,,,,,,,,,,,
105,5,0.58,***,,,,,,,,,,,,,,,,,
106,4,0.46,***,,,,,,,,,,,,,,,,,
107,11,1.27,********,,,,,,,,,,,,,,,,,
108,5,0.58,***,,,,,,,,,,,,,,,,,
109,5,0.58,***,,,,,,,,,,,,,,,,,
110,6,0.69,****,,,,,,,,,,,,,,,,,
111,4,0.46,***,,,,,,,,,,,,,,,,,
112,3,0.35,**,,,,,,,,,,,,,,,,,
113,5,0.58,***,,,,,,,,,,,,,,,,,
114,3,0.35,**,,,,,,,,,,,,,,,,,
115,5,0.58,***,,,,,,,,,,,,,,,,,
116,2,0.23,*,,,,,,,,,,,,,,,,,
117,7,0.81,*****,,,,,,,,,,,,,,,,,
118,1,0.12,*,,,,,,,,,,,,,,,,,
119,8,0.92,******,,,,,,,,,,,,,,,,,
120,5,0.58,***,,,,,,,,,,,,,,,,,
121,4,0.46,***,,,,,,,,,,,,,,,,,
ÇSíiäK,150,17.321016,,,,,,,,,,,,,,,,,,
122,11,1.27,********,,,,,,,,,,,,,,,,,
123,5,0.58,***,,,,,,,,,,,,,,,,,
124,5,0.58,***,,,,,,,,,,,,,,,,,
125,5,0.58,***,,,,,,,,,,,,,,,,,
126,6,0.69,****,,,,,,,,,,,,,,,,,
127,10,1.15,*******,,,,,,,,,,,,,,,,,
128,6,0.69,****,,,,,,,,,,,,,,,,,
129,3,0.35,**,,,,,,,,,,,,,,,,,
130,5,0.58,***,,,,,,,,,,,,,,,,,
131,13,1.5,*********,,,,,,,,,,,,,,,,,
132,10,1.15,*******,,,,,,,,,,,,,,,,,
133,10,1.15,*******,,,,,,,,,,,,,,,,,
134,3,0.35,**,,,,,,,,,,,,,,,,,
135,7,0.81,*****,,,,,,,,,,,,,,,,,
136,10,1.15,*******,,,,,,,,,,,,,,,,,
137,5,0.58,***,,,,,,,,,,,,,,,,,
138,14,1.62,**********,,,,,,,,,,,,,,,,,
139,3,0.35,**,,,,,,,,,,,,,,,,,
140,8,0.92,******,,,,,,,,,,,,,,,,,
141,11,1.27,********,,,,,,,,,,,,,,,,,
ÇTíiäK,170,19.630484,,,,,,,,,,,,,,,,,,
142,10,1.15,*******,,,,,,,,,,,,,,,,,
143,7,0.81,*****,,,,,,,,,,,,,,,,,
144,7,0.81,*****,,,,,,,,,,,,,,,,,
145,9,1.04,******,,,,,,,,,,,,,,,,,
146,6,0.69,****,,,,,,,,,,,,,,,,,
147,7,0.81,*****,,,,,,,,,,,,,,,,,
148,6,0.69,****,,,,,,,,,,,,,,,,,
149,1,0.12,*,,,,,,,,,,,,,,,,,
150,10,1.15,*******,,,,,,,,,,,,,,,,,
151,13,1.5,*********,,,,,,,,,,,,,,,,,
152,8,0.92,******,,,,,,,,,,,,,,,,,
153,14,1.62,**********,,,,,,,,,,,,,,,,,
154,3,0.35,**,,,,,,,,,,,,,,,,,
155,11,1.27,********,,,,,,,,,,,,,,,,,
156,16,1.85,***********,,,,,,,,,,,,,,,,,
157,12,1.39,********,,,,,,,,,,,,,,,,,
158,10,1.15,*******,,,,,,,,,,,,,,,,,
159,4,0.46,***,,,,,,,,,,,,,,,,,
160,16,1.85,***********,,,,,,,,,,,,,,,,,
ÇUíiäK,157,18.12933,,,,,,,,,,,,,,,,,,
161,19,2.19,*************,,,,,,,,,,,,,,,,,
162,18,2.08,************,,,,,,,,,,,,,,,,,
163,4,0.46,***,,,,,,,,,,,,,,,,,
164,6,0.69,****,,,,,,,,,,,,,,,,,
165,12,1.39,********,,,,,,,,,,,,,,,,,
166,19,2.19,*************,,,,,,,,,,,,,,,,,
167,13,1.5,*********,,,,,,,,,,,,,,,,,
168,7,0.81,*****,,,,,,,,,,,,,,,,,
169,2,0.23,*,,,,,,,,,,,,,,,,,
170,21,2.42,***************,,,,,,,,,,,,,,,,,
171,18,2.08,************,,,,,,,,,,,,,,,,,
172,18,2.08,************,,,,,,,,,,,,,,,,,
ÇVíiäK,88,10.161662,,,,,,,,,,,,,,,,,,
173,5,0.58,***,,,,,,,,,,,,,,,,,
174,0,0,,,,,,,,,,,,,,,,,,
175,18,2.08,************,,,,,,,,,,,,,,,,,
176,25,2.89,*****************,,,,,,,,,,,,,,,,,
177,15,1.73,**********,,,,,,,,,,,,,,,,,
178,1,0.12,*,,,,,,,,,,,,,,,,,
179,0,0,,,,,,,,,,,,,,,,,,
180,24,2.77,*****************,,,,,,,,,,,,,,,,,
ÇWíiäK,71,8.198614,,,,,,,,,,,,,,,,,,
181,20,2.31,**************,,,,,,,,,,,,,,,,,
182,9,1.04,******,,,,,,,,,,,,,,,,,
183,2,0.23,*,,,,,,,,,,,,,,,,,
184,0,0,,,,,,,,,,,,,,,,,,
185,20,2.31,**************,,,,,,,,,,,,,,,,,
186,15,1.73,**********,,,,,,,,,,,,,,,,,
187,3,0.35,**,,,,,,,,,,,,,,,,,
188,2,0.23,*,,,,,,,,,,,,,,,,,
189,0,0,,,,,,,,,,,,,,,,,,
ÇXíiäK,42,4.849884,,,,,,,,,,,,,,,,,,
190,17,1.96,************,,,,,,,,,,,,,,,,,
191,7,0.81,*****,,,,,,,,,,,,,,,,,
192,1,0.12,*,,,,,,,,,,,,,,,,,
193,0,0,,,,,,,,,,,,,,,,,,
194,0,0,,,,,,,,,,,,,,,,,,
195,8,0.92,******,,,,,,,,,,,,,,,,,
196,3,0.35,**,,,,,,,,,,,,,,,,,
197,0,0,,,,,,,,,,,,,,,,,,
198,0,0,,,,,,,,,,,,,,,,,,
199,0,0,,,,,,,,,,,,,,,,,,
200,6,0.69,****,,,,,,,,,,,,,,,,,
óﬂòaÇWîNìx â»ñ⁄ï ê¨ê—ï™ïzê}Åiñ{ééå±Åj,,,,,,,,,,,,,,,,,,,,
â»ñ⁄ñº,ñûì_,ç≈çÇì_,ç≈í·ì_,ïΩãœì_,ïWèÄïŒç∑,éÛå±é“êî,ìæì_ó¶,ÇTï™ílÇeÇP,ÇTï™ílÇeÇQ,ÇTï™ílÇeÇR,ÇTï™ílÇeÇS,ÇPíiäK,ÇQíiäK,ÇRíiäK,ÇSíiäK,ÇTíiäK,ÇUíiäK,ÇVíiäK,ÇWíiäK,ÇXíiäK
äÿçëåÍ,200,200,37,140.04,47.68,178,0.7002,89,139,164,186,0Å`45,46Å`61,62Å`98,99Å`138,139Å`163,164Å`182,183Å`190,191Å`195,196Å`200
ì_êî,êlêî,î‰ó¶ÅiÅìÅj,,,,,,,,,,,,,,,,,,
ÇPíiäK,7,3.932584,,,,,,,,,,,,,,,,,,
0,0,0,,,,,,,,,,,,,,,,,,
1,0,0,,,,,,,,,,,,,,,,,,
2,0,0,,,,,,,,,,,,,,,,,,
3,0,0,,,,,,,,,,,,,,,,,,
4,0,0,,,,,,,,,,,,,,,,,,
5,0,0,,,,,,,,,,,,,,,,,,
6,0,0,,,,,,,,,,,,,,,,,,
7,0,0,,,,,,,,,,,,,,,,,,
8,0,0,,,,,,,,,,,,,,,,,,
9,0,0,,,,,,,,,,,,,,,,,,
10,0,0,,,,,,,,,,,,,,,,,,
11,0,0,,,,,,,,,,,,,,,,,,
12,0,0,,,,,,,,,,,,,,,,,,
13,0,0,,,,,,,,,,,,,,,,,,
14,0,0,,,,,,,,,,,,,,,,,,
15,0,0,,,,,,,,,,,,,,,,,,
16,0,0,,,,,,,,,,,,,,,,,,
17,0,0,,,,,,,,,,,,,,,,,,
18,0,0,,,,,,,,,,,,,,,,,,
19,0,0,,,,,,,,,,,,,,,,,,
20,0,0,,,,,,,,,,,,,,,,,,
21,0,0,,,,,,,,,,,,,,,,,,
22,0,0,,,,,,,,,,,,,,,,,,
23,0,0,,,,,,,,,,,,,,,,,,
24,0,0,,,,,,,,,,,,,,,,,,
25,0,0,,,,,,,,,,,,,,,,,,
26,0,0,,,,,,,,,,,,,,,,,,
27,0,0,,,,,,,,,,,,,,,,,,
28,0,0,,,,,,,,,,,,,,,,,,
29,0,0,,,,,,,,,,,,,,,,,,
30,0,0,,,,,,,,,,,,,,,,,,
31,0,0,,,,,,,,,,,,,,,,,,
32,0,0,,,,,,,,,,,,,,,,,,
33,0,0,,,,,,,,,,,,,,,,,,
34,0,0,,,,,,,,,,,,,,,,,,
35,0,0,,,,,,,,,,,,,,,,,,
36,0,0,,,,,,,,,,,,,,,,,,
37,1,0.56,***,,,,,,,,,,,,,,,,,
38,0,0,,,,,,,,,,,,,,,,,,
39,2,1.12,*******,,,,,,,,,,,,,,,,,
40,0,0,,,,,,,,,,,,,,,,,,
41,2,1.12,*******,,,,,,,,,,,,,,,,,
42,0,0,,,,,,,,,,,,,,,,,,
43,1,0.56,***,,,,,,,,,,,,,,,,,
44,0,0,,,,,,,,,,,,,,,,,,
45,1,0.56,***,,,,,,,,,,,,,,,,,
ÇQíiäK,10,5.617977,,,,,,,,,,,,,,,,,,
46,1,0.56,***,,,,,,,,,,,,,,,,,
47,2,1.12,*******,,,,,,,,,,,,,,,,,
48,0,0,,,,,,,,,,,,,,,,,,
49,1,0.56,***,,,,,,,,,,,,,,,,,
50,0,0,,,,,,,,,,,,,,,,,,
51,0,0,,,,,,,,,,,,,,,,,,
52,0,0,,,,,,,,,,,,,,,,,,
53,0,0,,,,,,,,,,,,,,,,,,
54,0,0,,,,,,,,,,,,,,,,,,
55,0,0,,,,,,,,,,,,,,,,,,
56,2,1.12,*******,,,,,,,,,,,,,,,,,
57,0,0,,,,,,,,,,,,,,,,,,
58,1,0.56,***,,,,,,,,,,,,,,,,,
59,0,0,,,,,,,,,,,,,,,,,,
60,1,0.56,***,,,,,,,,,,,,,,,,,
61,2,1.12,*******,,,,,,,,,,,,,,,,,
ÇRíiäK,23,12.921348,,,,,,,,,,,,,,,,,,
62,3,1.69,**********,,,,,,,,,,,,,,,,,
63,1,0.56,***,,,,,,,,,,,,,,,,,
64,0,0,,,,,,,,,,,,,,,,,,
65,0,0,,,,,,,,,,,,,,,,,,
66,2,1.12,*******,,,,,,,,,,,,,,,,,
67,0,0,,,,,,,,,,,,,,,,,,
68,0,0,,,,,,,,,,,,,,,,,,
69,0,0,,,,,,,,,,,,,,,,,,
70,0,0,,,,,,,,,,,,,,,,,,
71,2,1.12,*******,,,,,,,,,,,,,,,,,
72,0,0,,,,,,,,,,,,,,,,,,
73,0,0,,,,,,,,,,,,,,,,,,
74,1,0.56,***,,,,,,,,,,,,,,,,,
75,0,0,,,,,,,,,,,,,,,,,,
76,1,0.56,***,,,,,,,,,,,,,,,,,
77,0,0,,,,,,,,,,,,,,,,,,
78,1,0.56,***,,,,,,,,,,,,,,,,,
79,1,0.56,***,,,,,,,,,,,,,,,,,
80,2,1.12,*******,,,,,,,,,,,,,,,,,
81,2,1.12,*******,,,,,,,,,,,,,,,,,
82,1,0.56,***,,,,,,,,,,,,,,,,,
83,1,0.56,***,,,,,,,,,,,,,,,,,
84,0,0,,,,,,,,,,,,,,,,,,
85,0,0,,,,,,,,,,,,,,,,,,
86,0,0,,,,,,,,,,,,,,,,,,
87,0,0,,,,,,,,,,,,,,,,,,
88,0,0,,,,,,,,,,,,,,,,,,
89,1,0.56,***,,,,,,,,,,,,,,,,,
90,0,0,,,,,,,,,,,,,,,,,,
91,2,1.12,*******,,,,,,,,,,,,,,,,,
92,1,0.56,***,,,,,,,,,,,,,,,,,
93,0,0,,,,,,,,,,,,,,,,,,
94,0,0,,,,,,,,,,,,,,,,,,
95,1,0.56,***,,,,,,,,,,,,,,,,,
96,0,0,,,,,,,,,,,,,,,,,,
97,0,0,,,,,,,,,,,,,,,,,,
98,0,0,,,,,,,,,,,,,,,,,,
ÇSíiäK,30,16.853932,,,,,,,,,,,,,,,,,,
99,1,0.56,***,,,,,,,,,,,,,,,,,
100,1,0.56,***,,,,,,,,,,,,,,,,,
101,1,0.56,***,,,,,,,,,,,,,,,,,
102,0,0,,,,,,,,,,,,,,,,,,
103,0,0,,,,,,,,,,,,,,,,,,
104,0,0,,,,,,,,,,,,,,,,,,
105,2,1.12,*******,,,,,,,,,,,,,,,,,
106,1,0.56,***,,,,,,,,,,,,,,,,,
107,0,0,,,,,,,,,,,,,,,,,,
108,0,0,,,,,,,,,,,,,,,,,,
109,0,0,,,,,,,,,,,,,,,,,,
110,0,0,,,,,,,,,,,,,,,,,,
111,1,0.56,***,,,,,,,,,,,,,,,,,
112,1,0.56,***,,,,,,,,,,,,,,,,,
113,0,0,,,,,,,,,,,,,,,,,,
114,0,0,,,,,,,,,,,,,,,,,,
115,1,0.56,***,,,,,,,,,,,,,,,,,
116,2,1.12,*******,,,,,,,,,,,,,,,,,
117,4,2.25,*************,,,,,,,,,,,,,,,,,
118,1,0.56,***,,,,,,,,,,,,,,,,,
119,0,0,,,,,,,,,,,,,,,,,,
120,0,0,,,,,,,,,,,,,,,,,,
121,0,0,,,,,,,,,,,,,,,,,,
122,1,0.56,***,,,,,,,,,,,,,,,,,
123,1,0.56,***,,,,,,,,,,,,,,,,,
124,1,0.56,***,,,,,,,,,,,,,,,,,
125,0,0,,,,,,,,,,,,,,,,,,
126,0,0,,,,,,,,,,,,,,,,,,
127,1,0.56,***,,,,,,,,,,,,,,,,,
128,1,0.56,***,,,,,,,,,,,,,,,,,
129,0,0,,,,,,,,,,,,,,,,,,
130,1,0.56,***,,,,,,,,,,,,,,,,,
131,1,0.56,***,,,,,,,,,,,,,,,,,
132,0,0,,,,,,,,,,,,,,,,,,
133,0,0,,,,,,,,,,,,,,,,,,
134,1,0.56,***,,,,,,,,,,,,,,,,,
135,0,0,,,,,,,,,,,,,,,,,,
136,4,2.25,*************,,,,,,,,,,,,,,,,,
137,2,1.12,*******,,,,,,,,,,,,,,,,,
138,0,0,,,,,,,,,,,,,,,,,,
ÇTíiäK,33,18.539325,,,,,,,,,,,,,,,,,,
139,1,0.56,***,,,,,,,,,,,,,,,,,
140,0,0,,,,,,,,,,,,,,,,,,
141,2,1.12,*******,,,,,,,,,,,,,,,,,
142,3,1.69,**********,,,,,,,,,,,,,,,,,
143,1,0.56,***,,,,,,,,,,,,,,,,,
144,0,0,,,,,,,,,,,,,,,,,,
145,1,0.56,***,,,,,,,,,,,,,,,,,
146,1,0.56,***,,,,,,,,,,,,,,,,,
147,1,0.56,***,,,,,,,,,,,,,,,,,
148,0,0,,,,,,,,,,,,,,,,,,
149,0,0,,,,,,,,,,,,,,,,,,
150,1,0.56,***,,,,,,,,,,,,,,,,,
151,4,2.25,*************,,,,,,,,,,,,,,,,,
152,3,1.69,**********,,,,,,,,,,,,,,,,,
153,1,0.56,***,,,,,,,,,,,,,,,,,
154,0,0,,,,,,,,,,,,,,,,,,
155,3,1.69,**********,,,,,,,,,,,,,,,,,
156,2,1.12,*******,,,,,,,,,,,,,,,,,
157,1,0.56,***,,,,,,,,,,,,,,,,,
158,2,1.12,*******,,,,,,,,,,,,,,,,,
159,2,1.12,*******,,,,,,,,,,,,,,,,,
160,1,0.56,***,,,,,,,,,,,,,,,,,
161,2,1.12,*******,,,,,,,,,,,,,,,,,
162,0,0,,,,,,,,,,,,,,,,,,
163,1,0.56,***,,,,,,,,,,,,,,,,,
ÇUíiäK,34,19.101123,,,,,,,,,,,,,,,,,,
164,4,2.25,*************,,,,,,,,,,,,,,,,,
165,4,2.25,*************,,,,,,,,,,,,,,,,,
166,2,1.12,*******,,,,,,,,,,,,,,,,,
167,0,0,,,,,,,,,,,,,,,,,,
168,1,0.56,***,,,,,,,,,,,,,,,,,
169,1,0.56,***,,,,,,,,,,,,,,,,,
170,1,0.56,***,,,,,,,,,,,,,,,,,
171,1,0.56,***,,,,,,,,,,,,,,,,,
172,0,0,,,,,,,,,,,,,,,,,,
173,3,1.69,**********,,,,,,,,,,,,,,,,,
174,4,2.25,*************,,,,,,,,,,,,,,,,,
175,1,0.56,***,,,,,,,,,,,,,,,,,
176,0,0,,,,,,,,,,,,,,,,,,
177,1,0.56,***,,,,,,,,,,,,,,,,,
178,2,1.12,*******,,,,,,,,,,,,,,,,,
179,3,1.69,**********,,,,,,,,,,,,,,,,,
180,0,0,,,,,,,,,,,,,,,,,,
181,1,0.56,***,,,,,,,,,,,,,,,,,
182,5,2.81,*****************,,,,,,,,,,,,,,,,,
ÇVíiäK,19,10.674157,,,,,,,,,,,,,,,,,,
183,3,1.69,**********,,,,,,,,,,,,,,,,,
184,1,0.56,***,,,,,,,,,,,,,,,,,
185,0,0,,,,,,,,,,,,,,,,,,
186,0,0,,,,,,,,,,,,,,,,,,
187,12,6.74,****************************************,,,,,,,,,,,,,,,,,
188,3,1.69,**********,,,,,,,,,,,,,,,,,
189,0,0,,,,,,,,,,,,,,,,,,
190,0,0,,,,,,,,,,,,,,,,,,
ÇWíiäK,10,5.617977,,,,,,,,,,,,,,,,,,
191,5,2.81,*****************,,,,,,,,,,,,,,,,,
192,2,1.12,*******,,,,,,,,,,,,,,,,,
193,0,0,,,,,,,,,,,,,,,,,,
194,0,0,,,,,,,,,,,,,,,,,,
195,3,1.69,**********,,,,,,,,,,,,,,,,,
ÇXíiäK,12,6.741573,,,,,,,,,,,,,,,,,,
196,7,3.93,************************,,,,,,,,,,,,,,,,,
197,0,0,,,,,,,,,,,,,,,,,,
198,0,0,,,,,,,,,,,,,,,,,,
199,0,0,,,,,,,,,,,,,,,,,,
200,5,2.81,*****************,,,,,,,,,,,,,,,,,
óﬂòaÇWîNìx ã≥â»ï ê¨ê—ï™ïzê}Åiñ{ééå±Åj,,,,,,,,,,,,,,,,,,,,
ã≥â»ñº,ñûì_,ç≈çÇì_,ç≈í·ì_,ïΩãœì_,ïWèÄïŒç∑,éÛå±é“êî,ìæì_ó¶,ÇTï™ílÇeÇP,ÇTï™ílÇeÇQ,ÇTï™ílÇeÇR,ÇTï™ílÇeÇS,,,,,,,,,
ÉäÉXÉjÉìÉO,100,100,0,54.65,18.4,453425,0.5465,37,48,59,72,,,,,,,,,
ì_êî,êlêî,î‰ó¶ÅiÅìÅj,,,,,,,,,,,,,,,,,,
0,32,0.01,,,,,,,,,,,,,,,,,,
1,1,0,,,,,,,,,,,,,,,,,,
2,0,0,,,,,,,,,,,,,,,,,,
3,15,0,,,,,,,,,,,,,,,,,,
4,22,0,,,,,,,,,,,,,,,,,,
5,13,0,,,,,,,,,,,,,,,,,,
6,19,0,,,,,,,,,,,,,,,,,,
7,51,0.01,,,,,,,,,,,,,,,,,,
8,45,0.01,,,,,,,,,,,,,,,,,,
9,65,0.01,,,,,,,,,,,,,,,,,,
10,106,0.02,,,,,,,,,,,,,,,,,,
11,197,0.04,,,,,,,,,,,,,,,,,,
12,218,0.05,,,,,,,,,,,,,,,,,,
13,291,0.06,,,,,,,,,,,,,,,,,,
14,429,0.09,*,,,,,,,,,,,,,,,,,
15,549,0.12,*,,,,,,,,,,,,,,,,,
16,671,0.15,*,,,,,,,,,,,,,,,,,
17,889,0.2,*,,,,,,,,,,,,,,,,,
18,1223,0.27,**,,,,,,,,,,,,,,,,,
19,1370,0.3,**,,,,,,,,,,,,,,,,,
20,1575,0.35,**,,,,,,,,,,,,,,,,,
21,1997,0.44,***,,,,,,,,,,,,,,,,,
22,2356,0.52,***,,,,,,,,,,,,,,,,,
23,2641,0.58,***,,,,,,,,,,,,,,,,,
24,2950,0.65,****,,,,,,,,,,,,,,,,,
25,3455,0.76,*****,,,,,,,,,,,,,,,,,
26,3840,0.85,*****,,,,,,,,,,,,,,,,,
27,4059,0.9,*****,,,,,,,,,,,,,,,,,
28,4561,1.01,******,,,,,,,,,,,,,,,,,
29,4915,1.08,*******,,,,,,,,,,,,,,,,,
30,5271,1.16,*******,,,,,,,,,,,,,,,,,
31,5733,1.26,********,,,,,,,,,,,,,,,,,
32,6159,1.36,********,,,,,,,,,,,,,,,,,
33,6517,1.44,*********,,,,,,,,,,,,,,,,,
34,6564,1.45,*********,,,,,,,,,,,,,,,,,
35,6981,1.54,*********,,,,,,,,,,,,,,,,,
36,7143,1.58,*********,,,,,,,,,,,,,,,,,
37,7577,1.67,**********,,,,,,,,,,,,,,,,,
38,7716,1.7,**********,,,,,,,,,,,,,,,,,
39,7857,1.73,**********,,,,,,,,,,,,,,,,,
40,8001,1.76,***********,,,,,,,,,,,,,,,,,
41,8259,1.82,***********,,,,,,,,,,,,,,,,,
42,8336,1.84,***********,,,,,,,,,,,,,,,,,
43,8189,1.81,***********,,,,,,,,,,,,,,,,,
44,8625,1.9,***********,,,,,,,,,,,,,,,,,
45,8677,1.91,***********,,,,,,,,,,,,,,,,,
46,8470,1.87,***********,,,,,,,,,,,,,,,,,
47,8360,1.84,***********,,,,,,,,,,,,,,,,,
48,8503,1.88,***********,,,,,,,,,,,,,,,,,
49,8563,1.89,***********,,,,,,,,,,,,,,,,,
50,8439,1.86,***********,,,,,,,,,,,,,,,,,
51,8501,1.87,***********,,,,,,,,,,,,,,,,,
52,8413,1.86,***********,,,,,,,,,,,,,,,,,
53,8335,1.84,***********,,,,,,,,,,,,,,,,,
54,8263,1.82,***********,,,,,,,,,,,,,,,,,
55,8374,1.85,***********,,,,,,,,,,,,,,,,,
56,8192,1.81,***********,,,,,,,,,,,,,,,,,
57,8129,1.79,***********,,,,,,,,,,,,,,,,,
58,7918,1.75,**********,,,,,,,,,,,,,,,,,
59,7928,1.75,**********,,,,,,,,,,,,,,,,,
60,7873,1.74,**********,,,,,,,,,,,,,,,,,
61,7591,1.67,**********,,,,,,,,,,,,,,,,,
62,7666,1.69,**********,,,,,,,,,,,,,,,,,
63,7662,1.69,**********,,,,,,,,,,,,,,,,,
64,7479,1.65,**********,,,,,,,,,,,,,,,,,
65,7035,1.55,*********,,,,,,,,,,,,,,,,,
66,7230,1.59,**********,,,,,,,,,,,,,,,,,
67,7120,1.57,*********,,,,,,,,,,,,,,,,,
68,6839,1.51,*********,,,,,,,,,,,,,,,,,
69,6699,1.48,*********,,,,,,,,,,,,,,,,,
70,6769,1.49,*********,,,,,,,,,,,,,,,,,
71,6593,1.45,*********,,,,,,,,,,,,,,,,,
72,6365,1.4,********,,,,,,,,,,,,,,,,,
73,6380,1.41,********,,,,,,,,,,,,,,,,,
74,6248,1.38,********,,,,,,,,,,,,,,,,,
75,5729,1.26,********,,,,,,,,,,,,,,,,,
76,5657,1.25,*******,,,,,,,,,,,,,,,,,
77,5475,1.21,*******,,,,,,,,,,,,,,,,,
78,5370,1.18,*******,,,,,,,,,,,,,,,,,
79,4994,1.1,*******,,,,,,,,,,,,,,,,,
80,5106,1.13,*******,,,,,,,,,,,,,,,,,
81,4530,1,******,,,,,,,,,,,,,,,,,
82,4153,0.92,*****,,,,,,,,,,,,,,,,,
83,4285,0.95,******,,,,,,,,,,,,,,,,,
84,3815,0.84,*****,,,,,,,,,,,,,,,,,
85,3484,0.77,*****,,,,,,,,,,,,,,,,,
86,3228,0.71,****,,,,,,,,,,,,,,,,,
87,3346,0.74,****,,,,,,,,,,,,,,,,,
88,2495,0.55,***,,,,,,,,,,,,,,,,,
89,2304,0.51,***,,,,,,,,,,,,,,,,,
90,2377,0.52,***,,,,,,,,,,,,,,,,,
91,1813,0.4,**,,,,,,,,,,,,,,,,,
92,1544,0.34,**,,,,,,,,,,,,,,,,,
93,1146,0.25,**,,,,,,,,,,,,,,,,,
94,1451,0.32,**,,,,,,,,,,,,,,,,,
95,497,0.11,*,,,,,,,,,,,,,,,,,
96,1044,0.23,*,,,,,,,,,,,,,,,,,
97,249,0.05,,,,,,,,,,,,,,,,,,
98,517,0.11,*,,,,,,,,,,,,,,,,,
99,16,0,,,,,,,,,,,,,,,,,,
100,703,0.16,*,,,,,,,,,,,,,,,,,
óﬂòaÇWîNìx â»ñ⁄ï ê¨ê—ï™ïzê}Åiñ{ééå±Åj,,,,,,,,,,,,,,,,,,,,
â»ñ⁄ñº,ñûì_,ç≈çÇì_,ç≈í·ì_,ïΩãœì_,ïWèÄïŒç∑,éÛå±é“êî,ìæì_ó¶,ÇTï™ílÇeÇP,ÇTï™ílÇeÇQ,ÇTï™ílÇeÇR,ÇTï™ílÇeÇS,ÇPíiäK,ÇQíiäK,ÇRíiäK,ÇSíiäK,ÇTíiäK,ÇUíiäK,ÇVíiäK,ÇWíiäK,ÇXíiäK
âpåÍÅiÉäÉXÉjÉìÉOÅj,100,100,0,54.65,18.4,453425,0.5465,37,48,59,72,0Å`24,25Å`31,32Å`38,39Å`48,49Å`58,59Å`69,70Å`78,79Å`86,87Å`100
ì_êî,êlêî,î‰ó¶ÅiÅìÅj,,,,,,,,,,,,,,,,,,
ÇPíiäK,17725,3.909136,,,,,,,,,,,,,,,,,,
0,32,0.01,,,,,,,,,,,,,,,,,,
1,1,0,,,,,,,,,,,,,,,,,,
2,0,0,,,,,,,,,,,,,,,,,,
3,15,0,,,,,,,,,,,,,,,,,,
4,22,0,,,,,,,,,,,,,,,,,,
5,13,0,,,,,,,,,,,,,,,,,,
6,19,0,,,,,,,,,,,,,,,,,,
7,51,0.01,,,,,,,,,,,,,,,,,,
8,45,0.01,,,,,,,,,,,,,,,,,,
9,65,0.01,,,,,,,,,,,,,,,,,,
10,106,0.02,,,,,,,,,,,,,,,,,,
11,197,0.04,,,,,,,,,,,,,,,,,,
12,218,0.05,,,,,,,,,,,,,,,,,,
13,291,0.06,,,,,,,,,,,,,,,,,,
14,429,0.09,*,,,,,,,,,,,,,,,,,
15,549,0.12,*,,,,,,,,,,,,,,,,,
16,671,0.15,*,,,,,,,,,,,,,,,,,
17,889,0.2,*,,,,,,,,,,,,,,,,,
18,1223,0.27,**,,,,,,,,,,,,,,,,,
19,1370,0.3,**,,,,,,,,,,,,,,,,,
20,1575,0.35,**,,,,,,,,,,,,,,,,,
21,1997,0.44,***,,,,,,,,,,,,,,,,,
22,2356,0.52,***,,,,,,,,,,,,,,,,,
23,2641,0.58,***,,,,,,,,,,,,,,,,,
24,2950,0.65,****,,,,,,,,,,,,,,,,,
ÇQíiäK,31834,7.020786,,,,,,,,,,,,,,,,,,
25,3455,0.76,*****,,,,,,,,,,,,,,,,,
26,3840,0.85,*****,,,,,,,,,,,,,,,,,
27,4059,0.9,*****,,,,,,,,,,,,,,,,,
28,4561,1.01,******,,,,,,,,,,,,,,,,,
29,4915,1.08,*******,,,,,,,,,,,,,,,,,
30,5271,1.16,*******,,,,,,,,,,,,,,,,,
31,5733,1.26,********,,,,,,,,,,,,,,,,,
ÇRíiäK,48657,10.730991,,,,,,,,,,,,,,,,,,
32,6159,1.36,********,,,,,,,,,,,,,,,,,
33,6517,1.44,*********,,,,,,,,,,,,,,,,,
34,6564,1.45,*********,,,,,,,,,,,,,,,,,
35,6981,1.54,*********,,,,,,,,,,,,,,,,,
36,7143,1.58,*********,,,,,,,,,,,,,,,,,
37,7577,1.67,**********,,,,,,,,,,,,,,,,,
38,7716,1.7,**********,,,,,,,,,,,,,,,,,
ÇSíiäK,83277,18.366212,,,,,,,,,,,,,,,,,,
39,7857,1.73,**********,,,,,,,,,,,,,,,,,
40,8001,1.76,***********,,,,,,,,,,,,,,,,,
41,8259,1.82,***********,,,,,,,,,,,,,,,,,
42,8336,1.84,***********,,,,,,,,,,,,,,,,,
43,8189,1.81,***********,,,,,,,,,,,,,,,,,
44,8625,1.9,***********,,,,,,,,,,,,,,,,,
45,8677,1.91,***********,,,,,,,,,,,,,,,,,
46,8470,1.87,***********,,,,,,,,,,,,,,,,,
47,8360,1.84,***********,,,,,,,,,,,,,,,,,
48,8503,1.88,***********,,,,,,,,,,,,,,,,,
ÇTíiäK,83127,18.333131,,,,,,,,,,,,,,,,,,
49,8563,1.89,***********,,,,,,,,,,,,,,,,,
50,8439,1.86,***********,,,,,,,,,,,,,,,,,
51,8501,1.87,***********,,,,,,,,,,,,,,,,,
52,8413,1.86,***********,,,,,,,,,,,,,,,,,
53,8335,1.84,***********,,,,,,,,,,,,,,,,,
54,8263,1.82,***********,,,,,,,,,,,,,,,,,
55,8374,1.85,***********,,,,,,,,,,,,,,,,,
56,8192,1.81,***********,,,,,,,,,,,,,,,,,
57,8129,1.79,***********,,,,,,,,,,,,,,,,,
58,7918,1.75,**********,,,,,,,,,,,,,,,,,
ÇUíiäK,81122,17.890941,,,,,,,,,,,,,,,,,,
59,7928,1.75,**********,,,,,,,,,,,,,,,,,
60,7873,1.74,**********,,,,,,,,,,,,,,,,,
61,7591,1.67,**********,,,,,,,,,,,,,,,,,
62,7666,1.69,**********,,,,,,,,,,,,,,,,,
63,7662,1.69,**********,,,,,,,,,,,,,,,,,
64,7479,1.65,**********,,,,,,,,,,,,,,,,,
65,7035,1.55,*********,,,,,,,,,,,,,,,,,
66,7230,1.59,**********,,,,,,,,,,,,,,,,,
67,7120,1.57,*********,,,,,,,,,,,,,,,,,
68,6839,1.51,*********,,,,,,,,,,,,,,,,,
69,6699,1.48,*********,,,,,,,,,,,,,,,,,
ÇVíiäK,54586,12.038595,,,,,,,,,,,,,,,,,,
70,6769,1.49,*********,,,,,,,,,,,,,,,,,
71,6593,1.45,*********,,,,,,,,,,,,,,,,,
72,6365,1.4,********,,,,,,,,,,,,,,,,,
73,6380,1.41,********,,,,,,,,,,,,,,,,,
74,6248,1.38,********,,,,,,,,,,,,,,,,,
75,5729,1.26,********,,,,,,,,,,,,,,,,,
76,5657,1.25,*******,,,,,,,,,,,,,,,,,
77,5475,1.21,*******,,,,,,,,,,,,,,,,,
78,5370,1.18,*******,,,,,,,,,,,,,,,,,
ÇWíiäK,33595,7.409163,,,,,,,,,,,,,,,,,,
79,4994,1.1,*******,,,,,,,,,,,,,,,,,
80,5106,1.13,*******,,,,,,,,,,,,,,,,,
81,4530,1,******,,,,,,,,,,,,,,,,,
82,4153,0.92,*****,,,,,,,,,,,,,,,,,
83,4285,0.95,******,,,,,,,,,,,,,,,,,
84,3815,0.84,*****,,,,,,,,,,,,,,,,,
85,3484,0.77,*****,,,,,,,,,,,,,,,,,
86,3228,0.71,****,,,,,,,,,,,,,,,,,
ÇXíiäK,19502,4.301042,,,,,,,,,,,,,,,,,,
87,3346,0.74,****,,,,,,,,,,,,,,,,,
88,2495,0.55,***,,,,,,,,,,,,,,,,,
89,2304,0.51,***,,,,,,,,,,,,,,,,,
90,2377,0.52,***,,,,,,,,,,,,,,,,,
91,1813,0.4,**,,,,,,,,,,,,,,,,,
92,1544,0.34,**,,,,,,,,,,,,,,,,,
93,1146,0.25,**,,,,,,,,,,,,,,,,,
94,1451,0.32,**,,,,,,,,,,,,,,,,,
95,497,0.11,*,,,,,,,,,,,,,,,,,
96,1044,0.23,*,,,,,,,,,,,,,,,,,
97,249,0.05,,,,,,,,,,,,,,,,,,
98,517,0.11,*,,,,,,,,,,,,,,,,,
99,16,0,,,,,,,,,,,,,,,,,,
100,703,0.16,*,,,,,,,,,,,,,,,,,
óﬂòaÇWîNìx ã≥â»ï ê¨ê—ï™ïzê}Åiñ{ééå±Åj,,,,,,,,,,,,,,,,,,,,
ã≥â»ñº,ñûì_,ç≈çÇì_,ç≈í·ì_,ïΩãœì_,ïWèÄïŒç∑,éÛå±é“êî,ìæì_ó¶,ÇTï™ílÇeÇP,ÇTï™ílÇeÇQ,ÇTï™ílÇeÇR,ÇTï™ílÇeÇS,,,,,,,,,
èÓïÒ,100,100,0,56.59,15.72,305202,0.5659,43,52,60,70,,,,,,,,,
ì_êî,êlêî,î‰ó¶ÅiÅìÅj,,,,,,,,,,,,,,,,,,
0,37,0.01,,,,,,,,,,,,,,,,,,
1,0,0,,,,,,,,,,,,,,,,,,
2,9,0,,,,,,,,,,,,,,,,,,
3,7,0,,,,,,,,,,,,,,,,,,
4,15,0,,,,,,,,,,,,,,,,,,
5,15,0,,,,,,,,,,,,,,,,,,
6,18,0.01,,,,,,,,,,,,,,,,,,
7,22,0.01,,,,,,,,,,,,,,,,,,
8,34,0.01,,,,,,,,,,,,,,,,,,
9,46,0.02,,,,,,,,,,,,,,,,,,
10,68,0.02,,,,,,,,,,,,,,,,,,
11,79,0.03,,,,,,,,,,,,,,,,,,
12,113,0.04,,,,,,,,,,,,,,,,,,
13,144,0.05,,,,,,,,,,,,,,,,,,
14,212,0.07,,,,,,,,,,,,,,,,,,
15,238,0.08,,,,,,,,,,,,,,,,,,
16,264,0.09,*,,,,,,,,,,,,,,,,,
17,327,0.11,*,,,,,,,,,,,,,,,,,
18,395,0.13,*,,,,,,,,,,,,,,,,,
19,469,0.15,*,,,,,,,,,,,,,,,,,
20,535,0.18,*,,,,,,,,,,,,,,,,,
21,607,0.2,*,,,,,,,,,,,,,,,,,
22,727,0.24,*,,,,,,,,,,,,,,,,,
23,857,0.28,**,,,,,,,,,,,,,,,,,
24,895,0.29,**,,,,,,,,,,,,,,,,,
25,1064,0.35,**,,,,,,,,,,,,,,,,,
26,1112,0.36,**,,,,,,,,,,,,,,,,,
27,1345,0.44,***,,,,,,,,,,,,,,,,,
28,1484,0.49,***,,,,,,,,,,,,,,,,,
29,1657,0.54,***,,,,,,,,,,,,,,,,,
30,1879,0.62,****,,,,,,,,,,,,,,,,,
31,2041,0.67,****,,,,,,,,,,,,,,,,,
32,2201,0.72,****,,,,,,,,,,,,,,,,,
33,2634,0.86,*****,,,,,,,,,,,,,,,,,
34,2783,0.91,*****,,,,,,,,,,,,,,,,,
35,3120,1.02,******,,,,,,,,,,,,,,,,,
36,3347,1.1,*******,,,,,,,,,,,,,,,,,
37,3569,1.17,*******,,,,,,,,,,,,,,,,,
38,4018,1.32,********,,,,,,,,,,,,,,,,,
39,4250,1.39,********,,,,,,,,,,,,,,,,,
40,4568,1.5,*********,,,,,,,,,,,,,,,,,
41,5040,1.65,**********,,,,,,,,,,,,,,,,,
42,5249,1.72,**********,,,,,,,,,,,,,,,,,
43,5527,1.81,***********,,,,,,,,,,,,,,,,,
44,5814,1.9,***********,,,,,,,,,,,,,,,,,
45,6157,2.02,************,,,,,,,,,,,,,,,,,
46,6318,2.07,************,,,,,,,,,,,,,,,,,
47,6628,2.17,*************,,,,,,,,,,,,,,,,,
48,6899,2.26,**************,,,,,,,,,,,,,,,,,
49,7056,2.31,**************,,,,,,,,,,,,,,,,,
50,7268,2.38,**************,,,,,,,,,,,,,,,,,
51,7312,2.4,**************,,,,,,,,,,,,,,,,,
52,7195,2.36,**************,,,,,,,,,,,,,,,,,
53,7365,2.41,**************,,,,,,,,,,,,,,,,,
54,7420,2.43,***************,,,,,,,,,,,,,,,,,
55,7413,2.43,***************,,,,,,,,,,,,,,,,,
56,7561,2.48,***************,,,,,,,,,,,,,,,,,
57,7506,2.46,***************,,,,,,,,,,,,,,,,,
58,7406,2.43,***************,,,,,,,,,,,,,,,,,
59,7262,2.38,**************,,,,,,,,,,,,,,,,,
60,7093,2.32,**************,,,,,,,,,,,,,,,,,
61,7162,2.35,**************,,,,,,,,,,,,,,,,,
62,7018,2.3,**************,,,,,,,,,,,,,,,,,
63,6732,2.21,*************,,,,,,,,,,,,,,,,,
64,6360,2.08,*************,,,,,,,,,,,,,,,,,
65,6454,2.11,*************,,,,,,,,,,,,,,,,,
66,6190,2.03,************,,,,,,,,,,,,,,,,,
67,5953,1.95,************,,,,,,,,,,,,,,,,,
68,5773,1.89,***********,,,,,,,,,,,,,,,,,
69,5557,1.82,***********,,,,,,,,,,,,,,,,,
70,5245,1.72,**********,,,,,,,,,,,,,,,,,
71,4967,1.63,**********,,,,,,,,,,,,,,,,,
72,4690,1.54,*********,,,,,,,,,,,,,,,,,
73,4573,1.5,*********,,,,,,,,,,,,,,,,,
74,4321,1.42,********,,,,,,,,,,,,,,,,,
75,3965,1.3,********,,,,,,,,,,,,,,,,,
76,3807,1.25,*******,,,,,,,,,,,,,,,,,
77,3558,1.17,*******,,,,,,,,,,,,,,,,,
78,3250,1.06,******,,,,,,,,,,,,,,,,,
79,2930,0.96,******,,,,,,,,,,,,,,,,,
80,2756,0.9,*****,,,,,,,,,,,,,,,,,
81,2628,0.86,*****,,,,,,,,,,,,,,,,,
82,2305,0.76,*****,,,,,,,,,,,,,,,,,
83,2198,0.72,****,,,,,,,,,,,,,,,,,
84,2027,0.66,****,,,,,,,,,,,,,,,,,
85,1794,0.59,****,,,,,,,,,,,,,,,,,
86,1705,0.56,***,,,,,,,,,,,,,,,,,
87,1462,0.48,***,,,,,,,,,,,,,,,,,
88,1253,0.41,**,,,,,,,,,,,,,,,,,
89,1136,0.37,**,,,,,,,,,,,,,,,,,
90,945,0.31,**,,,,,,,,,,,,,,,,,
91,894,0.29,**,,,,,,,,,,,,,,,,,
92,653,0.21,*,,,,,,,,,,,,,,,,,
93,637,0.21,*,,,,,,,,,,,,,,,,,
94,424,0.14,*,,,,,,,,,,,,,,,,,
95,385,0.13,*,,,,,,,,,,,,,,,,,
96,302,0.1,*,,,,,,,,,,,,,,,,,
97,167,0.05,,,,,,,,,,,,,,,,,,
98,218,0.07,,,,,,,,,,,,,,,,,,
99,9,0,,,,,,,,,,,,,,,,,,
100,105,0.03,,,,,,,,,,,,,,,,,,
óﬂòaÇWîNìx â»ñ⁄ï ê¨ê—ï™ïzê}Åiñ{ééå±Åj,,,,,,,,,,,,,,,,,,,,
â»ñ⁄ñº,ñûì_,ç≈çÇì_,ç≈í·ì_,ïΩãœì_,ïWèÄïŒç∑,éÛå±é“êî,ìæì_ó¶,ÇTï™ílÇeÇP,ÇTï™ílÇeÇQ,ÇTï™ílÇeÇR,ÇTï™ílÇeÇS,ÇPíiäK,ÇQíiäK,ÇRíiäK,ÇSíiäK,ÇTíiäK,ÇUíiäK,ÇVíiäK,ÇWíiäK,ÇXíiäK
èÓïÒáT,100,100,0,56.59,15.72,305202,0.5659,43,52,60,70,0Å`28,29Å`36,37Å`44,45Å`51,52Å`60,61Å`68,69Å`76,77Å`84,85Å`100
ì_êî,êlêî,î‰ó¶ÅiÅìÅj,,,,,,,,,,,,,,,,,,
ÇPíiäK,11138,3.649386,,,,,,,,,,,,,,,,,,
0,37,0.01,,,,,,,,,,,,,,,,,,
1,0,0,,,,,,,,,,,,,,,,,,
2,9,0,,,,,,,,,,,,,,,,,,
3,7,0,,,,,,,,,,,,,,,,,,
4,15,0,,,,,,,,,,,,,,,,,,
5,15,0,,,,,,,,,,,,,,,,,,
6,18,0.01,,,,,,,,,,,,,,,,,,
7,22,0.01,,,,,,,,,,,,,,,,,,
8,34,0.01,,,,,,,,,,,,,,,,,,
9,46,0.02,,,,,,,,,,,,,,,,,,
10,68,0.02,,,,,,,,,,,,,,,,,,
11,79,0.03,,,,,,,,,,,,,,,,,,
12,113,0.04,,,,,,,,,,,,,,,,,,
13,144,0.05,,,,,,,,,,,,,,,,,,
14,212,0.07,,,,,,,,,,,,,,,,,,
15,238,0.08,,,,,,,,,,,,,,,,,,
16,264,0.09,*,,,,,,,,,,,,,,,,,
17,327,0.11,*,,,,,,,,,,,,,,,,,
18,395,0.13,*,,,,,,,,,,,,,,,,,
19,469,0.15,*,,,,,,,,,,,,,,,,,
20,535,0.18,*,,,,,,,,,,,,,,,,,
21,607,0.2,*,,,,,,,,,,,,,,,,,
22,727,0.24,*,,,,,,,,,,,,,,,,,
23,857,0.28,**,,,,,,,,,,,,,,,,,
24,895,0.29,**,,,,,,,,,,,,,,,,,
25,1064,0.35,**,,,,,,,,,,,,,,,,,
26,1112,0.36,**,,,,,,,,,,,,,,,,,
27,1345,0.44,***,,,,,,,,,,,,,,,,,
28,1484,0.49,***,,,,,,,,,,,,,,,,,
ÇQíiäK,19662,6.44229,,,,,,,,,,,,,,,,,,
29,1657,0.54,***,,,,,,,,,,,,,,,,,
30,1879,0.62,****,,,,,,,,,,,,,,,,,
31,2041,0.67,****,,,,,,,,,,,,,,,,,
32,2201,0.72,****,,,,,,,,,,,,,,,,,
33,2634,0.86,*****,,,,,,,,,,,,,,,,,
34,2783,0.91,*****,,,,,,,,,,,,,,,,,
35,3120,1.02,******,,,,,,,,,,,,,,,,,
36,3347,1.1,*******,,,,,,,,,,,,,,,,,
ÇRíiäK,38035,12.462238,,,,,,,,,,,,,,,,,,
37,3569,1.17,*******,,,,,,,,,,,,,,,,,
38,4018,1.32,********,,,,,,,,,,,,,,,,,
39,4250,1.39,********,,,,,,,,,,,,,,,,,
40,4568,1.5,*********,,,,,,,,,,,,,,,,,
41,5040,1.65,**********,,,,,,,,,,,,,,,,,
42,5249,1.72,**********,,,,,,,,,,,,,,,,,
43,5527,1.81,***********,,,,,,,,,,,,,,,,,
44,5814,1.9,***********,,,,,,,,,,,,,,,,,
ÇSíiäK,47638,15.608678,,,,,,,,,,,,,,,,,,
45,6157,2.02,************,,,,,,,,,,,,,,,,,
46,6318,2.07,************,,,,,,,,,,,,,,,,,
47,6628,2.17,*************,,,,,,,,,,,,,,,,,
48,6899,2.26,**************,,,,,,,,,,,,,,,,,
49,7056,2.31,**************,,,,,,,,,,,,,,,,,
50,7268,2.38,**************,,,,,,,,,,,,,,,,,
51,7312,2.4,**************,,,,,,,,,,,,,,,,,
ÇTíiäK,66221,21.697433,,,,,,,,,,,,,,,,,,
52,7195,2.36,**************,,,,,,,,,,,,,,,,,
53,7365,2.41,**************,,,,,,,,,,,,,,,,,
54,7420,2.43,***************,,,,,,,,,,,,,,,,,
55,7413,2.43,***************,,,,,,,,,,,,,,,,,
56,7561,2.48,***************,,,,,,,,,,,,,,,,,
57,7506,2.46,***************,,,,,,,,,,,,,,,,,
58,7406,2.43,***************,,,,,,,,,,,,,,,,,
59,7262,2.38,**************,,,,,,,,,,,,,,,,,
60,7093,2.32,**************,,,,,,,,,,,,,,,,,
ÇUíiäK,51642,16.920596,,,,,,,,,,,,,,,,,,
61,7162,2.35,**************,,,,,,,,,,,,,,,,,
62,7018,2.3,**************,,,,,,,,,,,,,,,,,
63,6732,2.21,*************,,,,,,,,,,,,,,,,,
64,6360,2.08,*************,,,,,,,,,,,,,,,,,
65,6454,2.11,*************,,,,,,,,,,,,,,,,,
66,6190,2.03,************,,,,,,,,,,,,,,,,,
67,5953,1.95,************,,,,,,,,,,,,,,,,,
68,5773,1.89,***********,,,,,,,,,,,,,,,,,
ÇVíiäK,37125,12.164074,,,,,,,,,,,,,,,,,,
69,5557,1.82,***********,,,,,,,,,,,,,,,,,
70,5245,1.72,**********,,,,,,,,,,,,,,,,,
71,4967,1.63,**********,,,,,,,,,,,,,,,,,
72,4690,1.54,*********,,,,,,,,,,,,,,,,,
73,4573,1.5,*********,,,,,,,,,,,,,,,,,
74,4321,1.42,********,,,,,,,,,,,,,,,,,
75,3965,1.3,********,,,,,,,,,,,,,,,,,
76,3807,1.25,*******,,,,,,,,,,,,,,,,,
ÇWíiäK,21652,7.094317,,,,,,,,,,,,,,,,,,
77,3558,1.17,*******,,,,,,,,,,,,,,,,,
78,3250,1.06,******,,,,,,,,,,,,,,,,,
79,2930,0.96,******,,,,,,,,,,,,,,,,,
80,2756,0.9,*****,,,,,,,,,,,,,,,,,
81,2628,0.86,*****,,,,,,,,,,,,,,,,,
82,2305,0.76,*****,,,,,,,,,,,,,,,,,
83,2198,0.72,****,,,,,,,,,,,,,,,,,
84,2027,0.66,****,,,,,,,,,,,,,,,,,
ÇXíiäK,12089,3.960983,,,,,,,,,,,,,,,,,,
85,1794,0.59,****,,,,,,,,,,,,,,,,,
86,1705,0.56,***,,,,,,,,,,,,,,,,,
87,1462,0.48,***,,,,,,,,,,,,,,,,,
88,1253,0.41,**,,,,,,,,,,,,,,,,,
89,1136,0.37,**,,,,,,,,,,,,,,,,,
90,945,0.31,**,,,,,,,,,,,,,,,,,
91,894,0.29,**,,,,,,,,,,,,,,,,,
92,653,0.21,*,,,,,,,,,,,,,,,,,
93,637,0.21,*,,,,,,,,,,,,,,,,,
94,424,0.14,*,,,,,,,,,,,,,,,,,
95,385,0.13,*,,,,,,,,,,,,,,,,,
96,302,0.1,*,,,,,,,,,,,,,,,,,
97,167,0.05,,,,,,,,,,,,,,,,,,
98,218,0.07,,,,,,,,,,,,,,,,,,
99,9,0,,,,,,,,,,,,,,,,,,
100,105,0.03,,,,,,,,,,,,,,,,,,
