óﬂòaÇUîNìx ã≥â»ï ê¨ê—ï™ïzê}Åiñ{ééå±Åj,,,,,,,,,,,,,,,,,,,,
ã≥â»ñº,ñûì_,ç≈çÇì_,ç≈í·ì_,ïΩãœì_,ïWèÄïŒç∑,éÛå±é“êî,ìæì_ó¶,ÇTï™ílÇeÇP,ÇTï™ílÇeÇQ,ÇTï™ílÇeÇR,ÇTï™ílÇeÇS,,,,,,,,,
çëÅ@åÍ,200,200,0,116.5,35.33,433173,0.5825,83,108,128,149,,,,,,,,,
ì_êî,êlêî,î‰ó¶ÅiÅìÅj,,,,,,,,,,,,,,,,,,
0,20,0,,,,,,,,,,,,,,,,,,
1,0,0,,,,,,,,,,,,,,,,,,
2,5,0,,,,,,,,,,,,,,,,,,
3,0,0,,,,,,,,,,,,,,,,,,
4,3,0,,,,,,,,,,,,,,,,,,
5,2,0,,,,,,,,,,,,,,,,,,
6,6,0,,,,,,,,,,,,,,,,,,
7,2,0,,,,,,,,,,,,,,,,,,
8,11,0,,,,,,,,,,,,,,,,,,
9,9,0,,,,,,,,,,,,,,,,,,
10,17,0,,,,,,,,,,,,,,,,,,
11,7,0,,,,,,,,,,,,,,,,,,
12,11,0,,,,,,,,,,,,,,,,,,
13,20,0,,,,,,,,,,,,,,,,,,
14,18,0,,,,,,,,,,,,,,,,,,
15,30,0.01,,,,,,,,,,,,,,,,,,
16,37,0.01,,,,,,,,,,,,,,,,,,
17,32,0.01,,,,,,,,,,,,,,,,,,
18,40,0.01,,,,,,,,,,,,,,,,,,
19,43,0.01,,,,,,,,,,,,,,,,,,
20,51,0.01,,,,,,,,,,,,,,,,,,
21,68,0.02,,,,,,,,,,,,,,,,,,
22,86,0.02,,,,,,,,,,,,,,,,,,
23,78,0.02,,,,,,,,,,,,,,,,,,
24,109,0.03,,,,,,,,,,,,,,,,,,
25,132,0.03,,,,,,,,,,,,,,,,,,
26,155,0.04,,,,,,,,,,,,,,,,,,
27,175,0.04,,,,,,,,,,,,,,,,,,
28,170,0.04,,,,,,,,,,,,,,,,,,
29,208,0.05,,,,,,,,,,,,,,,,,,
30,199,0.05,,,,,,,,,,,,,,,,,,
31,271,0.06,,,,,,,,,,,,,,,,,,
32,256,0.06,,,,,,,,,,,,,,,,,,
33,287,0.07,,,,,,,,,,,,,,,,,,
34,300,0.07,,,,,,,,,,,,,,,,,,
35,383,0.09,*,,,,,,,,,,,,,,,,,
36,408,0.09,*,,,,,,,,,,,,,,,,,
37,446,0.1,*,,,,,,,,,,,,,,,,,
38,470,0.11,*,,,,,,,,,,,,,,,,,
39,527,0.12,*,,,,,,,,,,,,,,,,,
40,534,0.12,*,,,,,,,,,,,,,,,,,
41,603,0.14,*,,,,,,,,,,,,,,,,,
42,655,0.15,*,,,,,,,,,,,,,,,,,
43,702,0.16,*,,,,,,,,,,,,,,,,,
44,704,0.16,*,,,,,,,,,,,,,,,,,
45,812,0.19,*,,,,,,,,,,,,,,,,,
46,906,0.21,*,,,,,,,,,,,,,,,,,
47,944,0.22,*,,,,,,,,,,,,,,,,,
48,1006,0.23,*,,,,,,,,,,,,,,,,,
49,992,0.23,*,,,,,,,,,,,,,,,,,
50,1066,0.25,*,,,,,,,,,,,,,,,,,
51,1178,0.27,**,,,,,,,,,,,,,,,,,
52,1208,0.28,**,,,,,,,,,,,,,,,,,
53,1305,0.3,**,,,,,,,,,,,,,,,,,
54,1373,0.32,**,,,,,,,,,,,,,,,,,
55,1409,0.33,**,,,,,,,,,,,,,,,,,
56,1539,0.36,**,,,,,,,,,,,,,,,,,
57,1531,0.35,**,,,,,,,,,,,,,,,,,
58,1573,0.36,**,,,,,,,,,,,,,,,,,
59,1679,0.39,**,,,,,,,,,,,,,,,,,
60,1718,0.4,**,,,,,,,,,,,,,,,,,
61,1785,0.41,**,,,,,,,,,,,,,,,,,
62,1826,0.42,***,,,,,,,,,,,,,,,,,
63,1932,0.45,***,,,,,,,,,,,,,,,,,
64,1987,0.46,***,,,,,,,,,,,,,,,,,
65,2161,0.5,***,,,,,,,,,,,,,,,,,
66,2166,0.5,***,,,,,,,,,,,,,,,,,
67,2314,0.53,***,,,,,,,,,,,,,,,,,
68,2292,0.53,***,,,,,,,,,,,,,,,,,
69,2393,0.55,***,,,,,,,,,,,,,,,,,
70,2442,0.56,***,,,,,,,,,,,,,,,,,
71,2587,0.6,****,,,,,,,,,,,,,,,,,
72,2477,0.57,***,,,,,,,,,,,,,,,,,
73,2570,0.59,****,,,,,,,,,,,,,,,,,
74,2549,0.59,****,,,,,,,,,,,,,,,,,
75,2724,0.63,****,,,,,,,,,,,,,,,,,
76,2771,0.64,****,,,,,,,,,,,,,,,,,
77,2681,0.62,****,,,,,,,,,,,,,,,,,
78,2879,0.66,****,,,,,,,,,,,,,,,,,
79,3022,0.7,****,,,,,,,,,,,,,,,,,
80,3002,0.69,****,,,,,,,,,,,,,,,,,
81,3065,0.71,****,,,,,,,,,,,,,,,,,
82,2882,0.67,****,,,,,,,,,,,,,,,,,
83,3112,0.72,****,,,,,,,,,,,,,,,,,
84,3076,0.71,****,,,,,,,,,,,,,,,,,
85,3074,0.71,****,,,,,,,,,,,,,,,,,
86,3107,0.72,****,,,,,,,,,,,,,,,,,
87,3121,0.72,****,,,,,,,,,,,,,,,,,
88,3373,0.78,*****,,,,,,,,,,,,,,,,,
89,3042,0.7,****,,,,,,,,,,,,,,,,,
90,3522,0.81,*****,,,,,,,,,,,,,,,,,
91,3347,0.77,*****,,,,,,,,,,,,,,,,,
92,3328,0.77,*****,,,,,,,,,,,,,,,,,
93,3469,0.8,*****,,,,,,,,,,,,,,,,,
94,3461,0.8,*****,,,,,,,,,,,,,,,,,
95,3533,0.82,*****,,,,,,,,,,,,,,,,,
96,3466,0.8,*****,,,,,,,,,,,,,,,,,
97,3573,0.82,*****,,,,,,,,,,,,,,,,,
98,3615,0.83,*****,,,,,,,,,,,,,,,,,
99,3531,0.82,*****,,,,,,,,,,,,,,,,,
100,3703,0.85,*****,,,,,,,,,,,,,,,,,
101,3697,0.85,*****,,,,,,,,,,,,,,,,,
102,3843,0.89,*****,,,,,,,,,,,,,,,,,
103,3799,0.88,*****,,,,,,,,,,,,,,,,,
104,3836,0.89,*****,,,,,,,,,,,,,,,,,
105,3899,0.9,*****,,,,,,,,,,,,,,,,,
106,3870,0.89,*****,,,,,,,,,,,,,,,,,
107,4112,0.95,******,,,,,,,,,,,,,,,,,
108,4005,0.92,******,,,,,,,,,,,,,,,,,
109,4075,0.94,******,,,,,,,,,,,,,,,,,
110,4056,0.94,******,,,,,,,,,,,,,,,,,
111,4128,0.95,******,,,,,,,,,,,,,,,,,
112,4256,0.98,******,,,,,,,,,,,,,,,,,
113,4116,0.95,******,,,,,,,,,,,,,,,,,
114,4171,0.96,******,,,,,,,,,,,,,,,,,
115,4183,0.97,******,,,,,,,,,,,,,,,,,
116,4155,0.96,******,,,,,,,,,,,,,,,,,
117,4366,1.01,******,,,,,,,,,,,,,,,,,
118,4224,0.98,******,,,,,,,,,,,,,,,,,
119,4369,1.01,******,,,,,,,,,,,,,,,,,
120,4457,1.03,******,,,,,,,,,,,,,,,,,
121,4332,1,******,,,,,,,,,,,,,,,,,
122,4248,0.98,******,,,,,,,,,,,,,,,,,
123,4399,1.02,******,,,,,,,,,,,,,,,,,
124,4497,1.04,******,,,,,,,,,,,,,,,,,
125,4452,1.03,******,,,,,,,,,,,,,,,,,
126,4506,1.04,******,,,,,,,,,,,,,,,,,
127,4332,1,******,,,,,,,,,,,,,,,,,
128,4374,1.01,******,,,,,,,,,,,,,,,,,
129,4398,1.02,******,,,,,,,,,,,,,,,,,
130,4332,1,******,,,,,,,,,,,,,,,,,
131,4300,0.99,******,,,,,,,,,,,,,,,,,
132,4284,0.99,******,,,,,,,,,,,,,,,,,
133,4386,1.01,******,,,,,,,,,,,,,,,,,
134,4435,1.02,******,,,,,,,,,,,,,,,,,
135,4387,1.01,******,,,,,,,,,,,,,,,,,
136,4276,0.99,******,,,,,,,,,,,,,,,,,
137,4282,0.99,******,,,,,,,,,,,,,,,,,
138,4129,0.95,******,,,,,,,,,,,,,,,,,
139,4263,0.98,******,,,,,,,,,,,,,,,,,
140,4270,0.99,******,,,,,,,,,,,,,,,,,
141,4264,0.98,******,,,,,,,,,,,,,,,,,
142,4099,0.95,******,,,,,,,,,,,,,,,,,
143,4017,0.93,******,,,,,,,,,,,,,,,,,
144,4117,0.95,******,,,,,,,,,,,,,,,,,
145,4062,0.94,******,,,,,,,,,,,,,,,,,
146,4002,0.92,******,,,,,,,,,,,,,,,,,
147,3928,0.91,*****,,,,,,,,,,,,,,,,,
148,3841,0.89,*****,,,,,,,,,,,,,,,,,
149,3822,0.88,*****,,,,,,,,,,,,,,,,,
150,3646,0.84,*****,,,,,,,,,,,,,,,,,
151,3757,0.87,*****,,,,,,,,,,,,,,,,,
152,3697,0.85,*****,,,,,,,,,,,,,,,,,
153,3477,0.8,*****,,,,,,,,,,,,,,,,,
154,3650,0.84,*****,,,,,,,,,,,,,,,,,
155,3444,0.8,*****,,,,,,,,,,,,,,,,,
156,3377,0.78,*****,,,,,,,,,,,,,,,,,
157,3171,0.73,****,,,,,,,,,,,,,,,,,
158,2956,0.68,****,,,,,,,,,,,,,,,,,
159,3283,0.76,*****,,,,,,,,,,,,,,,,,
160,2747,0.63,****,,,,,,,,,,,,,,,,,
161,3144,0.73,****,,,,,,,,,,,,,,,,,
162,2789,0.64,****,,,,,,,,,,,,,,,,,
163,2645,0.61,****,,,,,,,,,,,,,,,,,
164,2806,0.65,****,,,,,,,,,,,,,,,,,
165,2323,0.54,***,,,,,,,,,,,,,,,,,
166,2669,0.62,****,,,,,,,,,,,,,,,,,
167,2100,0.48,***,,,,,,,,,,,,,,,,,
168,2337,0.54,***,,,,,,,,,,,,,,,,,
169,2178,0.5,***,,,,,,,,,,,,,,,,,
170,1947,0.45,***,,,,,,,,,,,,,,,,,
171,2133,0.49,***,,,,,,,,,,,,,,,,,
172,1571,0.36,**,,,,,,,,,,,,,,,,,
173,1841,0.43,***,,,,,,,,,,,,,,,,,
174,1553,0.36,**,,,,,,,,,,,,,,,,,
175,1336,0.31,**,,,,,,,,,,,,,,,,,
176,1702,0.39,**,,,,,,,,,,,,,,,,,
177,1036,0.24,*,,,,,,,,,,,,,,,,,
178,1539,0.36,**,,,,,,,,,,,,,,,,,
179,1006,0.23,*,,,,,,,,,,,,,,,,,
180,1072,0.25,*,,,,,,,,,,,,,,,,,
181,1052,0.24,*,,,,,,,,,,,,,,,,,
182,710,0.16,*,,,,,,,,,,,,,,,,,
183,1128,0.26,**,,,,,,,,,,,,,,,,,
184,513,0.12,*,,,,,,,,,,,,,,,,,
185,783,0.18,*,,,,,,,,,,,,,,,,,
186,639,0.15,*,,,,,,,,,,,,,,,,,
187,460,0.11,*,,,,,,,,,,,,,,,,,
188,592,0.14,*,,,,,,,,,,,,,,,,,
189,194,0.04,,,,,,,,,,,,,,,,,,
190,578,0.13,*,,,,,,,,,,,,,,,,,
191,235,0.05,,,,,,,,,,,,,,,,,,
192,207,0.05,,,,,,,,,,,,,,,,,,
193,364,0.08,*,,,,,,,,,,,,,,,,,
194,97,0.02,,,,,,,,,,,,,,,,,,
195,185,0.04,,,,,,,,,,,,,,,,,,
196,3,0,,,,,,,,,,,,,,,,,,
197,154,0.04,,,,,,,,,,,,,,,,,,
198,60,0.01,,,,,,,,,,,,,,,,,,
199,0,0,,,,,,,,,,,,,,,,,,
200,147,0.03,,,,,,,,,,,,,,,,,,
óﬂòaÇUîNìx â»ñ⁄ï ê¨ê—ï™ïzê}Åiñ{ééå±Åj,,,,,,,,,,,,,,,,,,,,
â»ñ⁄ñº,ñûì_,ç≈çÇì_,ç≈í·ì_,ïΩãœì_,ïWèÄïŒç∑,éÛå±é“êî,ìæì_ó¶,ÇTï™ílÇeÇP,ÇTï™ílÇeÇQ,ÇTï™ílÇeÇR,ÇTï™ílÇeÇS,ÇPíiäK,ÇQíiäK,ÇRíiäK,ÇSíiäK,ÇTíiäK,ÇUíiäK,ÇVíiäK,ÇWíiäK,ÇXíiäK
çëåÍ,200,200,0,116.5,35.33,433173,0.5825,83,108,128,149,0Å`52,53Å`69,70Å`87,88Å`107,108Å`127,128Å`145,146Å`160,161Å`173,174Å`200
ì_êî,êlêî,î‰ó¶ÅiÅìÅj,,,,,,,,,,,,,,,,,,
ÇPíiäK,16402,3.786477,,,,,,,,,,,,,,,,,,
0,20,0,,,,,,,,,,,,,,,,,,
1,0,0,,,,,,,,,,,,,,,,,,
2,5,0,,,,,,,,,,,,,,,,,,
3,0,0,,,,,,,,,,,,,,,,,,
4,3,0,,,,,,,,,,,,,,,,,,
5,2,0,,,,,,,,,,,,,,,,,,
6,6,0,,,,,,,,,,,,,,,,,,
7,2,0,,,,,,,,,,,,,,,,,,
8,11,0,,,,,,,,,,,,,,,,,,
9,9,0,,,,,,,,,,,,,,,,,,
10,17,0,,,,,,,,,,,,,,,,,,
11,7,0,,,,,,,,,,,,,,,,,,
12,11,0,,,,,,,,,,,,,,,,,,
13,20,0,,,,,,,,,,,,,,,,,,
14,18,0,,,,,,,,,,,,,,,,,,
15,30,0.01,,,,,,,,,,,,,,,,,,
16,37,0.01,,,,,,,,,,,,,,,,,,
17,32,0.01,,,,,,,,,,,,,,,,,,
18,40,0.01,,,,,,,,,,,,,,,,,,
19,43,0.01,,,,,,,,,,,,,,,,,,
20,51,0.01,,,,,,,,,,,,,,,,,,
21,68,0.02,,,,,,,,,,,,,,,,,,
22,86,0.02,,,,,,,,,,,,,,,,,,
23,78,0.02,,,,,,,,,,,,,,,,,,
24,109,0.03,,,,,,,,,,,,,,,,,,
25,132,0.03,,,,,,,,,,,,,,,,,,
26,155,0.04,,,,,,,,,,,,,,,,,,
27,175,0.04,,,,,,,,,,,,,,,,,,
28,170,0.04,,,,,,,,,,,,,,,,,,
29,208,0.05,,,,,,,,,,,,,,,,,,
30,199,0.05,,,,,,,,,,,,,,,,,,
31,271,0.06,,,,,,,,,,,,,,,,,,
32,256,0.06,,,,,,,,,,,,,,,,,,
33,287,0.07,,,,,,,,,,,,,,,,,,
34,300,0.07,,,,,,,,,,,,,,,,,,
35,383,0.09,*,,,,,,,,,,,,,,,,,
36,408,0.09,*,,,,,,,,,,,,,,,,,
37,446,0.1,*,,,,,,,,,,,,,,,,,
38,470,0.11,*,,,,,,,,,,,,,,,,,
39,527,0.12,*,,,,,,,,,,,,,,,,,
40,534,0.12,*,,,,,,,,,,,,,,,,,
41,603,0.14,*,,,,,,,,,,,,,,,,,
42,655,0.15,*,,,,,,,,,,,,,,,,,
43,702,0.16,*,,,,,,,,,,,,,,,,,
44,704,0.16,*,,,,,,,,,,,,,,,,,
45,812,0.19,*,,,,,,,,,,,,,,,,,
46,906,0.21,*,,,,,,,,,,,,,,,,,
47,944,0.22,*,,,,,,,,,,,,,,,,,
48,1006,0.23,*,,,,,,,,,,,,,,,,,
49,992,0.23,*,,,,,,,,,,,,,,,,,
50,1066,0.25,*,,,,,,,,,,,,,,,,,
51,1178,0.27,**,,,,,,,,,,,,,,,,,
52,1208,0.28,**,,,,,,,,,,,,,,,,,
ÇQíiäK,30983,7.152569,,,,,,,,,,,,,,,,,,
53,1305,0.3,**,,,,,,,,,,,,,,,,,
54,1373,0.32,**,,,,,,,,,,,,,,,,,
55,1409,0.33,**,,,,,,,,,,,,,,,,,
56,1539,0.36,**,,,,,,,,,,,,,,,,,
57,1531,0.35,**,,,,,,,,,,,,,,,,,
58,1573,0.36,**,,,,,,,,,,,,,,,,,
59,1679,0.39,**,,,,,,,,,,,,,,,,,
60,1718,0.4,**,,,,,,,,,,,,,,,,,
61,1785,0.41,**,,,,,,,,,,,,,,,,,
62,1826,0.42,***,,,,,,,,,,,,,,,,,
63,1932,0.45,***,,,,,,,,,,,,,,,,,
64,1987,0.46,***,,,,,,,,,,,,,,,,,
65,2161,0.5,***,,,,,,,,,,,,,,,,,
66,2166,0.5,***,,,,,,,,,,,,,,,,,
67,2314,0.53,***,,,,,,,,,,,,,,,,,
68,2292,0.53,***,,,,,,,,,,,,,,,,,
69,2393,0.55,***,,,,,,,,,,,,,,,,,
ÇRíiäK,51141,11.806137,,,,,,,,,,,,,,,,,,
70,2442,0.56,***,,,,,,,,,,,,,,,,,
71,2587,0.6,****,,,,,,,,,,,,,,,,,
72,2477,0.57,***,,,,,,,,,,,,,,,,,
73,2570,0.59,****,,,,,,,,,,,,,,,,,
74,2549,0.59,****,,,,,,,,,,,,,,,,,
75,2724,0.63,****,,,,,,,,,,,,,,,,,
76,2771,0.64,****,,,,,,,,,,,,,,,,,
77,2681,0.62,****,,,,,,,,,,,,,,,,,
78,2879,0.66,****,,,,,,,,,,,,,,,,,
79,3022,0.7,****,,,,,,,,,,,,,,,,,
80,3002,0.69,****,,,,,,,,,,,,,,,,,
81,3065,0.71,****,,,,,,,,,,,,,,,,,
82,2882,0.67,****,,,,,,,,,,,,,,,,,
83,3112,0.72,****,,,,,,,,,,,,,,,,,
84,3076,0.71,****,,,,,,,,,,,,,,,,,
85,3074,0.71,****,,,,,,,,,,,,,,,,,
86,3107,0.72,****,,,,,,,,,,,,,,,,,
87,3121,0.72,****,,,,,,,,,,,,,,,,,
ÇSíiäK,72019,16.62592,,,,,,,,,,,,,,,,,,
88,3373,0.78,*****,,,,,,,,,,,,,,,,,
89,3042,0.7,****,,,,,,,,,,,,,,,,,
90,3522,0.81,*****,,,,,,,,,,,,,,,,,
91,3347,0.77,*****,,,,,,,,,,,,,,,,,
92,3328,0.77,*****,,,,,,,,,,,,,,,,,
93,3469,0.8,*****,,,,,,,,,,,,,,,,,
94,3461,0.8,*****,,,,,,,,,,,,,,,,,
95,3533,0.82,*****,,,,,,,,,,,,,,,,,
96,3466,0.8,*****,,,,,,,,,,,,,,,,,
97,3573,0.82,*****,,,,,,,,,,,,,,,,,
98,3615,0.83,*****,,,,,,,,,,,,,,,,,
99,3531,0.82,*****,,,,,,,,,,,,,,,,,
100,3703,0.85,*****,,,,,,,,,,,,,,,,,
101,3697,0.85,*****,,,,,,,,,,,,,,,,,
102,3843,0.89,*****,,,,,,,,,,,,,,,,,
103,3799,0.88,*****,,,,,,,,,,,,,,,,,
104,3836,0.89,*****,,,,,,,,,,,,,,,,,
105,3899,0.9,*****,,,,,,,,,,,,,,,,,
106,3870,0.89,*****,,,,,,,,,,,,,,,,,
107,4112,0.95,******,,,,,,,,,,,,,,,,,
ÇTíiäK,85327,19.698134,,,,,,,,,,,,,,,,,,
108,4005,0.92,******,,,,,,,,,,,,,,,,,
109,4075,0.94,******,,,,,,,,,,,,,,,,,
110,4056,0.94,******,,,,,,,,,,,,,,,,,
111,4128,0.95,******,,,,,,,,,,,,,,,,,
112,4256,0.98,******,,,,,,,,,,,,,,,,,
113,4116,0.95,******,,,,,,,,,,,,,,,,,
114,4171,0.96,******,,,,,,,,,,,,,,,,,
115,4183,0.97,******,,,,,,,,,,,,,,,,,
116,4155,0.96,******,,,,,,,,,,,,,,,,,
117,4366,1.01,******,,,,,,,,,,,,,,,,,
118,4224,0.98,******,,,,,,,,,,,,,,,,,
119,4369,1.01,******,,,,,,,,,,,,,,,,,
120,4457,1.03,******,,,,,,,,,,,,,,,,,
121,4332,1,******,,,,,,,,,,,,,,,,,
122,4248,0.98,******,,,,,,,,,,,,,,,,,
123,4399,1.02,******,,,,,,,,,,,,,,,,,
124,4497,1.04,******,,,,,,,,,,,,,,,,,
125,4452,1.03,******,,,,,,,,,,,,,,,,,
126,4506,1.04,******,,,,,,,,,,,,,,,,,
127,4332,1,******,,,,,,,,,,,,,,,,,
ÇUíiäK,76675,17.70078,,,,,,,,,,,,,,,,,,
128,4374,1.01,******,,,,,,,,,,,,,,,,,
129,4398,1.02,******,,,,,,,,,,,,,,,,,
130,4332,1,******,,,,,,,,,,,,,,,,,
131,4300,0.99,******,,,,,,,,,,,,,,,,,
132,4284,0.99,******,,,,,,,,,,,,,,,,,
133,4386,1.01,******,,,,,,,,,,,,,,,,,
134,4435,1.02,******,,,,,,,,,,,,,,,,,
135,4387,1.01,******,,,,,,,,,,,,,,,,,
136,4276,0.99,******,,,,,,,,,,,,,,,,,
137,4282,0.99,******,,,,,,,,,,,,,,,,,
138,4129,0.95,******,,,,,,,,,,,,,,,,,
139,4263,0.98,******,,,,,,,,,,,,,,,,,
140,4270,0.99,******,,,,,,,,,,,,,,,,,
141,4264,0.98,******,,,,,,,,,,,,,,,,,
142,4099,0.95,******,,,,,,,,,,,,,,,,,
143,4017,0.93,******,,,,,,,,,,,,,,,,,
144,4117,0.95,******,,,,,,,,,,,,,,,,,
145,4062,0.94,******,,,,,,,,,,,,,,,,,
ÇVíiäK,52798,12.188663,,,,,,,,,,,,,,,,,,
146,4002,0.92,******,,,,,,,,,,,,,,,,,
147,3928,0.91,*****,,,,,,,,,,,,,,,,,
148,3841,0.89,*****,,,,,,,,,,,,,,,,,
149,3822,0.88,*****,,,,,,,,,,,,,,,,,
150,3646,0.84,*****,,,,,,,,,,,,,,,,,
151,3757,0.87,*****,,,,,,,,,,,,,,,,,
152,3697,0.85,*****,,,,,,,,,,,,,,,,,
153,3477,0.8,*****,,,,,,,,,,,,,,,,,
154,3650,0.84,*****,,,,,,,,,,,,,,,,,
155,3444,0.8,*****,,,,,,,,,,,,,,,,,
156,3377,0.78,*****,,,,,,,,,,,,,,,,,
157,3171,0.73,****,,,,,,,,,,,,,,,,,
158,2956,0.68,****,,,,,,,,,,,,,,,,,
159,3283,0.76,*****,,,,,,,,,,,,,,,,,
160,2747,0.63,****,,,,,,,,,,,,,,,,,
ÇWíiäK,30483,7.037142,,,,,,,,,,,,,,,,,,
161,3144,0.73,****,,,,,,,,,,,,,,,,,
162,2789,0.64,****,,,,,,,,,,,,,,,,,
163,2645,0.61,****,,,,,,,,,,,,,,,,,
164,2806,0.65,****,,,,,,,,,,,,,,,,,
165,2323,0.54,***,,,,,,,,,,,,,,,,,
166,2669,0.62,****,,,,,,,,,,,,,,,,,
167,2100,0.48,***,,,,,,,,,,,,,,,,,
168,2337,0.54,***,,,,,,,,,,,,,,,,,
169,2178,0.5,***,,,,,,,,,,,,,,,,,
170,1947,0.45,***,,,,,,,,,,,,,,,,,
171,2133,0.49,***,,,,,,,,,,,,,,,,,
172,1571,0.36,**,,,,,,,,,,,,,,,,,
173,1841,0.43,***,,,,,,,,,,,,,,,,,
ÇXíiäK,17345,4.004173,,,,,,,,,,,,,,,,,,
174,1553,0.36,**,,,,,,,,,,,,,,,,,
175,1336,0.31,**,,,,,,,,,,,,,,,,,
176,1702,0.39,**,,,,,,,,,,,,,,,,,
177,1036,0.24,*,,,,,,,,,,,,,,,,,
178,1539,0.36,**,,,,,,,,,,,,,,,,,
179,1006,0.23,*,,,,,,,,,,,,,,,,,
180,1072,0.25,*,,,,,,,,,,,,,,,,,
181,1052,0.24,*,,,,,,,,,,,,,,,,,
182,710,0.16,*,,,,,,,,,,,,,,,,,
183,1128,0.26,**,,,,,,,,,,,,,,,,,
184,513,0.12,*,,,,,,,,,,,,,,,,,
185,783,0.18,*,,,,,,,,,,,,,,,,,
186,639,0.15,*,,,,,,,,,,,,,,,,,
187,460,0.11,*,,,,,,,,,,,,,,,,,
188,592,0.14,*,,,,,,,,,,,,,,,,,
189,194,0.04,,,,,,,,,,,,,,,,,,
190,578,0.13,*,,,,,,,,,,,,,,,,,
191,235,0.05,,,,,,,,,,,,,,,,,,
192,207,0.05,,,,,,,,,,,,,,,,,,
193,364,0.08,*,,,,,,,,,,,,,,,,,
194,97,0.02,,,,,,,,,,,,,,,,,,
195,185,0.04,,,,,,,,,,,,,,,,,,
196,3,0,,,,,,,,,,,,,,,,,,
197,154,0.04,,,,,,,,,,,,,,,,,,
198,60,0.01,,,,,,,,,,,,,,,,,,
199,0,0,,,,,,,,,,,,,,,,,,
200,147,0.03,,,,,,,,,,,,,,,,,,
óﬂòaÇUîNìx ã≥â»ï ê¨ê—ï™ïzê}Åiñ{ééå±Åj,,,,,,,,,,,,,,,,,,,,
ã≥â»ñº,ñûì_,ç≈çÇì_,ç≈í·ì_,ïΩãœì_,ïWèÄïŒç∑,éÛå±é“êî,ìæì_ó¶,ÇTï™ílÇeÇP,ÇTï™ílÇeÇQ,ÇTï™ílÇeÇR,ÇTï™ílÇeÇS,,,,,,,,,
ínóùóéj,100,100,0,60.69,17.95,349859,0.6069,44,56,66,77,,,,,,,,,
ì_êî,êlêî,î‰ó¶ÅiÅìÅj,,,,,,,,,,,,,,,,,,
0,28,0.01,,,,,,,,,,,,,,,,,,
1,0,0,,,,,,,,,,,,,,,,,,
2,0,0,,,,,,,,,,,,,,,,,,
3,14,0,,,,,,,,,,,,,,,,,,
4,4,0,,,,,,,,,,,,,,,,,,
5,0,0,,,,,,,,,,,,,,,,,,
6,56,0.02,,,,,,,,,,,,,,,,,,
7,23,0.01,,,,,,,,,,,,,,,,,,
8,6,0,,,,,,,,,,,,,,,,,,
9,128,0.04,,,,,,,,,,,,,,,,,,
10,62,0.02,,,,,,,,,,,,,,,,,,
11,34,0.01,,,,,,,,,,,,,,,,,,
12,316,0.09,*,,,,,,,,,,,,,,,,,
13,172,0.05,,,,,,,,,,,,,,,,,,
14,84,0.02,,,,,,,,,,,,,,,,,,
15,508,0.15,*,,,,,,,,,,,,,,,,,
16,382,0.11,*,,,,,,,,,,,,,,,,,
17,196,0.06,,,,,,,,,,,,,,,,,,
18,864,0.25,*,,,,,,,,,,,,,,,,,
19,697,0.2,*,,,,,,,,,,,,,,,,,
20,342,0.1,*,,,,,,,,,,,,,,,,,
21,1248,0.36,**,,,,,,,,,,,,,,,,,
22,1183,0.34,**,,,,,,,,,,,,,,,,,
23,650,0.19,*,,,,,,,,,,,,,,,,,
24,1611,0.46,***,,,,,,,,,,,,,,,,,
25,1803,0.52,***,,,,,,,,,,,,,,,,,
26,969,0.28,**,,,,,,,,,,,,,,,,,
27,2015,0.58,***,,,,,,,,,,,,,,,,,
28,2535,0.72,****,,,,,,,,,,,,,,,,,
29,1299,0.37,**,,,,,,,,,,,,,,,,,
30,2447,0.7,****,,,,,,,,,,,,,,,,,
31,3240,0.93,******,,,,,,,,,,,,,,,,,
32,1747,0.5,***,,,,,,,,,,,,,,,,,
33,2825,0.81,*****,,,,,,,,,,,,,,,,,
34,3910,1.12,*******,,,,,,,,,,,,,,,,,
35,2197,0.63,****,,,,,,,,,,,,,,,,,
36,3191,0.91,*****,,,,,,,,,,,,,,,,,
37,4572,1.31,********,,,,,,,,,,,,,,,,,
38,2860,0.82,*****,,,,,,,,,,,,,,,,,
39,3564,1.02,******,,,,,,,,,,,,,,,,,
40,5174,1.48,*********,,,,,,,,,,,,,,,,,
41,3367,0.96,******,,,,,,,,,,,,,,,,,
42,3815,1.09,*******,,,,,,,,,,,,,,,,,
43,5910,1.69,**********,,,,,,,,,,,,,,,,,
44,3897,1.11,*******,,,,,,,,,,,,,,,,,
45,4161,1.19,*******,,,,,,,,,,,,,,,,,
46,6474,1.85,***********,,,,,,,,,,,,,,,,,
47,4763,1.36,********,,,,,,,,,,,,,,,,,
48,4285,1.22,*******,,,,,,,,,,,,,,,,,
49,6875,1.97,************,,,,,,,,,,,,,,,,,
50,5728,1.64,**********,,,,,,,,,,,,,,,,,
51,4664,1.33,********,,,,,,,,,,,,,,,,,
52,6961,1.99,************,,,,,,,,,,,,,,,,,
53,6633,1.9,***********,,,,,,,,,,,,,,,,,
54,4929,1.41,********,,,,,,,,,,,,,,,,,
55,6790,1.94,************,,,,,,,,,,,,,,,,,
56,7216,2.06,************,,,,,,,,,,,,,,,,,
57,5622,1.61,**********,,,,,,,,,,,,,,,,,
58,6556,1.87,***********,,,,,,,,,,,,,,,,,
59,7723,2.21,*************,,,,,,,,,,,,,,,,,
60,6472,1.85,***********,,,,,,,,,,,,,,,,,
61,6202,1.77,***********,,,,,,,,,,,,,,,,,
62,7588,2.17,*************,,,,,,,,,,,,,,,,,
63,7465,2.13,*************,,,,,,,,,,,,,,,,,
64,6287,1.8,***********,,,,,,,,,,,,,,,,,
65,7044,2.01,************,,,,,,,,,,,,,,,,,
66,8084,2.31,**************,,,,,,,,,,,,,,,,,
67,6589,1.88,***********,,,,,,,,,,,,,,,,,
68,6288,1.8,***********,,,,,,,,,,,,,,,,,
69,8074,2.31,**************,,,,,,,,,,,,,,,,,
70,7034,2.01,************,,,,,,,,,,,,,,,,,
71,5941,1.7,**********,,,,,,,,,,,,,,,,,
72,7268,2.08,************,,,,,,,,,,,,,,,,,
73,7454,2.13,*************,,,,,,,,,,,,,,,,,
74,5879,1.68,**********,,,,,,,,,,,,,,,,,
75,6357,1.82,***********,,,,,,,,,,,,,,,,,
76,6958,1.99,************,,,,,,,,,,,,,,,,,
77,5977,1.71,**********,,,,,,,,,,,,,,,,,
78,5592,1.6,**********,,,,,,,,,,,,,,,,,
79,5931,1.7,**********,,,,,,,,,,,,,,,,,
80,5808,1.66,**********,,,,,,,,,,,,,,,,,
81,5269,1.51,*********,,,,,,,,,,,,,,,,,
82,4706,1.35,********,,,,,,,,,,,,,,,,,
83,4701,1.34,********,,,,,,,,,,,,,,,,,
84,5178,1.48,*********,,,,,,,,,,,,,,,,,
85,3635,1.04,******,,,,,,,,,,,,,,,,,
86,2941,0.84,*****,,,,,,,,,,,,,,,,,
87,4511,1.29,********,,,,,,,,,,,,,,,,,
88,3314,0.95,******,,,,,,,,,,,,,,,,,
89,1241,0.35,**,,,,,,,,,,,,,,,,,
90,3316,0.95,******,,,,,,,,,,,,,,,,,
91,3157,0.9,*****,,,,,,,,,,,,,,,,,
92,294,0.08,*,,,,,,,,,,,,,,,,,
93,1754,0.5,***,,,,,,,,,,,,,,,,,
94,2776,0.79,*****,,,,,,,,,,,,,,,,,
95,11,0,,,,,,,,,,,,,,,,,,
96,483,0.14,*,,,,,,,,,,,,,,,,,
97,1997,0.57,***,,,,,,,,,,,,,,,,,
98,0,0,,,,,,,,,,,,,,,,,,
99,0,0,,,,,,,,,,,,,,,,,,
100,958,0.27,**,,,,,,,,,,,,,,,,,
óﬂòaÇUîNìx â»ñ⁄ï ê¨ê—ï™ïzê}Åiñ{ééå±Åj,,,,,,,,,,,,,,,,,,,,
â»ñ⁄ñº,ñûì_,ç≈çÇì_,ç≈í·ì_,ïΩãœì_,ïWèÄïŒç∑,éÛå±é“êî,ìæì_ó¶,ÇTï™ílÇeÇP,ÇTï™ílÇeÇQ,ÇTï™ílÇeÇR,ÇTï™ílÇeÇS,ÇPíiäK,ÇQíiäK,ÇRíiäK,ÇSíiäK,ÇTíiäK,ÇUíiäK,ÇVíiäK,ÇWíiäK,ÇXíiäK
ê¢äEéjÇ`,100,100,0,42.16,17.06,1214,0.4216,27,36,43,54,0Å`16,17Å`22,23Å`28,29Å`36,37Å`43,44Å`52,53Å`63,64Å`77,78Å`100
ì_êî,êlêî,î‰ó¶ÅiÅìÅj,,,,,,,,,,,,,,,,,,
ÇPíiäK,39,3.21252,,,,,,,,,,,,,,,,,,
0,2,0.16,*,,,,,,,,,,,,,,,,,
1,0,0,,,,,,,,,,,,,,,,,,
2,0,0,,,,,,,,,,,,,,,,,,
3,0,0,,,,,,,,,,,,,,,,,,
4,1,0.08,,,,,,,,,,,,,,,,,,
5,0,0,,,,,,,,,,,,,,,,,,
6,1,0.08,,,,,,,,,,,,,,,,,,
7,2,0.16,*,,,,,,,,,,,,,,,,,
8,0,0,,,,,,,,,,,,,,,,,,
9,1,0.08,,,,,,,,,,,,,,,,,,
10,3,0.25,*,,,,,,,,,,,,,,,,,
11,2,0.16,*,,,,,,,,,,,,,,,,,
12,1,0.08,,,,,,,,,,,,,,,,,,
13,9,0.74,****,,,,,,,,,,,,,,,,,
14,4,0.33,**,,,,,,,,,,,,,,,,,
15,3,0.25,*,,,,,,,,,,,,,,,,,
16,10,0.82,*****,,,,,,,,,,,,,,,,,
ÇQíiäK,81,6.672158,,,,,,,,,,,,,,,,,,
17,21,1.73,**********,,,,,,,,,,,,,,,,,
18,7,0.58,***,,,,,,,,,,,,,,,,,
19,11,0.91,*****,,,,,,,,,,,,,,,,,
20,14,1.15,*******,,,,,,,,,,,,,,,,,
21,11,0.91,*****,,,,,,,,,,,,,,,,,
22,17,1.4,********,,,,,,,,,,,,,,,,,
ÇRíiäK,143,11.779242,,,,,,,,,,,,,,,,,,
23,22,1.81,***********,,,,,,,,,,,,,,,,,
24,28,2.31,**************,,,,,,,,,,,,,,,,,
25,17,1.4,********,,,,,,,,,,,,,,,,,
26,30,2.47,***************,,,,,,,,,,,,,,,,,
27,27,2.22,*************,,,,,,,,,,,,,,,,,
28,19,1.57,*********,,,,,,,,,,,,,,,,,
ÇSíiäK,213,17.545304,,,,,,,,,,,,,,,,,,
29,22,1.81,***********,,,,,,,,,,,,,,,,,
30,28,2.31,**************,,,,,,,,,,,,,,,,,
31,26,2.14,*************,,,,,,,,,,,,,,,,,
32,25,2.06,************,,,,,,,,,,,,,,,,,
33,36,2.97,******************,,,,,,,,,,,,,,,,,
34,40,3.29,********************,,,,,,,,,,,,,,,,,
35,17,1.4,********,,,,,,,,,,,,,,,,,
36,19,1.57,*********,,,,,,,,,,,,,,,,,
ÇTíiäK,243,20.016474,,,,,,,,,,,,,,,,,,
37,39,3.21,*******************,,,,,,,,,,,,,,,,,
38,31,2.55,***************,,,,,,,,,,,,,,,,,
39,26,2.14,*************,,,,,,,,,,,,,,,,,
40,49,4.04,************************,,,,,,,,,,,,,,,,,
41,31,2.55,***************,,,,,,,,,,,,,,,,,
42,32,2.64,****************,,,,,,,,,,,,,,,,,
43,35,2.88,*****************,,,,,,,,,,,,,,,,,
ÇUíiäK,215,17.710049,,,,,,,,,,,,,,,,,,
44,37,3.05,******************,,,,,,,,,,,,,,,,,
45,21,1.73,**********,,,,,,,,,,,,,,,,,
46,24,1.98,************,,,,,,,,,,,,,,,,,
47,23,1.89,***********,,,,,,,,,,,,,,,,,
48,22,1.81,***********,,,,,,,,,,,,,,,,,
49,28,2.31,**************,,,,,,,,,,,,,,,,,
50,23,1.89,***********,,,,,,,,,,,,,,,,,
51,25,2.06,************,,,,,,,,,,,,,,,,,
52,12,0.99,******,,,,,,,,,,,,,,,,,
ÇVíiäK,141,11.614497,,,,,,,,,,,,,,,,,,
53,24,1.98,************,,,,,,,,,,,,,,,,,
54,17,1.4,********,,,,,,,,,,,,,,,,,
55,14,1.15,*******,,,,,,,,,,,,,,,,,
56,10,0.82,*****,,,,,,,,,,,,,,,,,
57,14,1.15,*******,,,,,,,,,,,,,,,,,
58,12,0.99,******,,,,,,,,,,,,,,,,,
59,8,0.66,****,,,,,,,,,,,,,,,,,
60,11,0.91,*****,,,,,,,,,,,,,,,,,
61,16,1.32,********,,,,,,,,,,,,,,,,,
62,5,0.41,**,,,,,,,,,,,,,,,,,
63,10,0.82,*****,,,,,,,,,,,,,,,,,
ÇWíiäK,89,7.331136,,,,,,,,,,,,,,,,,,
64,9,0.74,****,,,,,,,,,,,,,,,,,
65,6,0.49,***,,,,,,,,,,,,,,,,,
66,6,0.49,***,,,,,,,,,,,,,,,,,
67,8,0.66,****,,,,,,,,,,,,,,,,,
68,9,0.74,****,,,,,,,,,,,,,,,,,
69,5,0.41,**,,,,,,,,,,,,,,,,,
70,9,0.74,****,,,,,,,,,,,,,,,,,
71,5,0.41,**,,,,,,,,,,,,,,,,,
72,2,0.16,*,,,,,,,,,,,,,,,,,
73,8,0.66,****,,,,,,,,,,,,,,,,,
74,7,0.58,***,,,,,,,,,,,,,,,,,
75,3,0.25,*,,,,,,,,,,,,,,,,,
76,4,0.33,**,,,,,,,,,,,,,,,,,
77,8,0.66,****,,,,,,,,,,,,,,,,,
ÇXíiäK,50,4.118616,,,,,,,,,,,,,,,,,,
78,4,0.33,**,,,,,,,,,,,,,,,,,
79,0,0,,,,,,,,,,,,,,,,,,
80,4,0.33,**,,,,,,,,,,,,,,,,,
81,4,0.33,**,,,,,,,,,,,,,,,,,
82,1,0.08,,,,,,,,,,,,,,,,,,
83,2,0.16,*,,,,,,,,,,,,,,,,,
84,5,0.41,**,,,,,,,,,,,,,,,,,
85,1,0.08,,,,,,,,,,,,,,,,,,
86,2,0.16,*,,,,,,,,,,,,,,,,,
87,8,0.66,****,,,,,,,,,,,,,,,,,
88,2,0.16,*,,,,,,,,,,,,,,,,,
89,0,0,,,,,,,,,,,,,,,,,,
90,5,0.41,**,,,,,,,,,,,,,,,,,
91,2,0.16,*,,,,,,,,,,,,,,,,,
92,0,0,,,,,,,,,,,,,,,,,,
93,2,0.16,*,,,,,,,,,,,,,,,,,
94,5,0.41,**,,,,,,,,,,,,,,,,,
95,0,0,,,,,,,,,,,,,,,,,,
96,0,0,,,,,,,,,,,,,,,,,,
97,2,0.16,*,,,,,,,,,,,,,,,,,
98,0,0,,,,,,,,,,,,,,,,,,
99,0,0,,,,,,,,,,,,,,,,,,
100,1,0.08,,,,,,,,,,,,,,,,,,
óﬂòaÇUîNìx â»ñ⁄ï ê¨ê—ï™ïzê}Åiñ{ééå±Åj,,,,,,,,,,,,,,,,,,,,
â»ñ⁄ñº,ñûì_,ç≈çÇì_,ç≈í·ì_,ïΩãœì_,ïWèÄïŒç∑,éÛå±é“êî,ìæì_ó¶,ÇTï™ílÇeÇP,ÇTï™ílÇeÇQ,ÇTï™ílÇeÇR,ÇTï™ílÇeÇS,ÇPíiäK,ÇQíiäK,ÇRíiäK,ÇSíiäK,ÇTíiäK,ÇUíiäK,ÇVíiäK,ÇWíiäK,ÇXíiäK
ê¢äEéjÇa,100,100,0,60.28,21.55,75866,0.6028,39,53,68,81,0Å`23,24Å`30,31Å`40,41Å`53,54Å`68,69Å`78,79Å`87,88Å`93,94Å`100
ì_êî,êlêî,î‰ó¶ÅiÅìÅj,,,,,,,,,,,,,,,,,,
ÇPíiäK,2843,3.747396,,,,,,,,,,,,,,,,,,
0,8,0.01,,,,,,,,,,,,,,,,,,
1,0,0,,,,,,,,,,,,,,,,,,
2,0,0,,,,,,,,,,,,,,,,,,
3,6,0.01,,,,,,,,,,,,,,,,,,
4,0,0,,,,,,,,,,,,,,,,,,
5,0,0,,,,,,,,,,,,,,,,,,
6,17,0.02,,,,,,,,,,,,,,,,,,
7,5,0.01,,,,,,,,,,,,,,,,,,
8,4,0.01,,,,,,,,,,,,,,,,,,
9,52,0.07,,,,,,,,,,,,,,,,,,
10,13,0.02,,,,,,,,,,,,,,,,,,
11,18,0.02,,,,,,,,,,,,,,,,,,
12,150,0.2,*,,,,,,,,,,,,,,,,,
13,58,0.08,,,,,,,,,,,,,,,,,,
14,46,0.06,,,,,,,,,,,,,,,,,,
15,248,0.33,**,,,,,,,,,,,,,,,,,
16,145,0.19,*,,,,,,,,,,,,,,,,,
17,90,0.12,*,,,,,,,,,,,,,,,,,
18,361,0.48,***,,,,,,,,,,,,,,,,,
19,277,0.37,**,,,,,,,,,,,,,,,,,
20,145,0.19,*,,,,,,,,,,,,,,,,,
21,514,0.68,****,,,,,,,,,,,,,,,,,
22,443,0.58,****,,,,,,,,,,,,,,,,,
23,243,0.32,**,,,,,,,,,,,,,,,,,
ÇQíiäK,4629,6.101547,,,,,,,,,,,,,,,,,,
24,667,0.88,*****,,,,,,,,,,,,,,,,,
25,670,0.88,*****,,,,,,,,,,,,,,,,,
26,303,0.4,**,,,,,,,,,,,,,,,,,
27,746,0.98,******,,,,,,,,,,,,,,,,,
28,996,1.31,********,,,,,,,,,,,,,,,,,
29,393,0.52,***,,,,,,,,,,,,,,,,,
30,854,1.13,*******,,,,,,,,,,,,,,,,,
ÇRíiäK,9556,12.595892,,,,,,,,,,,,,,,,,,
31,1160,1.53,*********,,,,,,,,,,,,,,,,,
32,465,0.61,****,,,,,,,,,,,,,,,,,
33,867,1.14,*******,,,,,,,,,,,,,,,,,
34,1316,1.73,**********,,,,,,,,,,,,,,,,,
35,489,0.64,****,,,,,,,,,,,,,,,,,
36,892,1.18,*******,,,,,,,,,,,,,,,,,
37,1431,1.89,***********,,,,,,,,,,,,,,,,,
38,563,0.74,****,,,,,,,,,,,,,,,,,
39,895,1.18,*******,,,,,,,,,,,,,,,,,
40,1478,1.95,************,,,,,,,,,,,,,,,,,
ÇSíiäK,12762,16.821764,,,,,,,,,,,,,,,,,,
41,569,0.75,*****,,,,,,,,,,,,,,,,,
42,928,1.22,*******,,,,,,,,,,,,,,,,,
43,1487,1.96,************,,,,,,,,,,,,,,,,,
44,584,0.77,*****,,,,,,,,,,,,,,,,,
45,1002,1.32,********,,,,,,,,,,,,,,,,,
46,1452,1.91,***********,,,,,,,,,,,,,,,,,
47,612,0.81,*****,,,,,,,,,,,,,,,,,
48,994,1.31,********,,,,,,,,,,,,,,,,,
49,1451,1.91,***********,,,,,,,,,,,,,,,,,
50,606,0.8,*****,,,,,,,,,,,,,,,,,
51,1032,1.36,********,,,,,,,,,,,,,,,,,
52,1436,1.89,***********,,,,,,,,,,,,,,,,,
53,609,0.8,*****,,,,,,,,,,,,,,,,,
ÇTíiäK,15548,20.494028,,,,,,,,,,,,,,,,,,
54,1113,1.47,*********,,,,,,,,,,,,,,,,,
55,1314,1.73,**********,,,,,,,,,,,,,,,,,
56,578,0.76,*****,,,,,,,,,,,,,,,,,
57,1160,1.53,*********,,,,,,,,,,,,,,,,,
58,1367,1.8,***********,,,,,,,,,,,,,,,,,
59,566,0.75,****,,,,,,,,,,,,,,,,,
60,1203,1.59,**********,,,,,,,,,,,,,,,,,
61,1287,1.7,**********,,,,,,,,,,,,,,,,,
62,509,0.67,****,,,,,,,,,,,,,,,,,
63,1301,1.71,**********,,,,,,,,,,,,,,,,,
64,1383,1.82,***********,,,,,,,,,,,,,,,,,
65,513,0.68,****,,,,,,,,,,,,,,,,,
66,1358,1.79,***********,,,,,,,,,,,,,,,,,
67,1449,1.91,***********,,,,,,,,,,,,,,,,,
68,447,0.59,****,,,,,,,,,,,,,,,,,
ÇUíiäK,11663,15.373157,,,,,,,,,,,,,,,,,,
69,1411,1.86,***********,,,,,,,,,,,,,,,,,
70,1481,1.95,************,,,,,,,,,,,,,,,,,
71,466,0.61,****,,,,,,,,,,,,,,,,,
72,1442,1.9,***********,,,,,,,,,,,,,,,,,
73,1595,2.1,*************,,,,,,,,,,,,,,,,,
74,410,0.54,***,,,,,,,,,,,,,,,,,
75,1448,1.91,***********,,,,,,,,,,,,,,,,,
76,1660,2.19,*************,,,,,,,,,,,,,,,,,
77,304,0.4,**,,,,,,,,,,,,,,,,,
78,1446,1.91,***********,,,,,,,,,,,,,,,,,
ÇVíiäK,9746,12.846334,,,,,,,,,,,,,,,,,,
79,1777,2.34,**************,,,,,,,,,,,,,,,,,
80,295,0.39,**,,,,,,,,,,,,,,,,,
81,1291,1.7,**********,,,,,,,,,,,,,,,,,
82,1956,2.58,***************,,,,,,,,,,,,,,,,,
83,204,0.27,**,,,,,,,,,,,,,,,,,
84,1145,1.51,*********,,,,,,,,,,,,,,,,,
85,2032,2.68,****************,,,,,,,,,,,,,,,,,
86,125,0.16,*,,,,,,,,,,,,,,,,,
87,921,1.21,*******,,,,,,,,,,,,,,,,,
ÇWíiäK,5226,6.888461,,,,,,,,,,,,,,,,,,
88,2131,2.81,*****************,,,,,,,,,,,,,,,,,
89,87,0.11,*,,,,,,,,,,,,,,,,,
90,628,0.83,*****,,,,,,,,,,,,,,,,,
91,1995,2.63,****************,,,,,,,,,,,,,,,,,
92,40,0.05,,,,,,,,,,,,,,,,,,
93,345,0.45,***,,,,,,,,,,,,,,,,,
ÇXíiäK,3893,5.131415,,,,,,,,,,,,,,,,,,
94,1715,2.26,**************,,,,,,,,,,,,,,,,,
95,11,0.01,,,,,,,,,,,,,,,,,,
96,115,0.15,*,,,,,,,,,,,,,,,,,
97,1348,1.78,***********,,,,,,,,,,,,,,,,,
98,0,0,,,,,,,,,,,,,,,,,,
99,0,0,,,,,,,,,,,,,,,,,,
100,704,0.93,******,,,,,,,,,,,,,,,,,
óﬂòaÇUîNìx â»ñ⁄ï ê¨ê—ï™ïzê}Åiñ{ééå±Åj,,,,,,,,,,,,,,,,,,,,
â»ñ⁄ñº,ñûì_,ç≈çÇì_,ç≈í·ì_,ïΩãœì_,ïWèÄïŒç∑,éÛå±é“êî,ìæì_ó¶,ÇTï™ílÇeÇP,ÇTï™ílÇeÇQ,ÇTï™ílÇeÇR,ÇTï™ílÇeÇS,ÇPíiäK,ÇQíiäK,ÇRíiäK,ÇSíiäK,ÇTíiäK,ÇUíiäK,ÇVíiäK,ÇWíiäK,ÇXíiäK
ì˙ñ{éjÇ`,100,100,0,42.04,16.97,2452,0.4204,27,35,43,55,0Å`17,18Å`22,23Å`28,29Å`34,35Å`43,44Å`52,53Å`64,65Å`77,78Å`100
ì_êî,êlêî,î‰ó¶ÅiÅìÅj,,,,,,,,,,,,,,,,,,
ÇPíiäK,78,3.181076,,,,,,,,,,,,,,,,,,
0,3,0.12,*,,,,,,,,,,,,,,,,,
1,0,0,,,,,,,,,,,,,,,,,,
2,0,0,,,,,,,,,,,,,,,,,,
3,2,0.08,,,,,,,,,,,,,,,,,,
4,0,0,,,,,,,,,,,,,,,,,,
5,0,0,,,,,,,,,,,,,,,,,,
6,3,0.12,*,,,,,,,,,,,,,,,,,
7,2,0.08,,,,,,,,,,,,,,,,,,
8,0,0,,,,,,,,,,,,,,,,,,
9,6,0.24,*,,,,,,,,,,,,,,,,,
10,2,0.08,,,,,,,,,,,,,,,,,,
11,0,0,,,,,,,,,,,,,,,,,,
12,13,0.53,***,,,,,,,,,,,,,,,,,
13,6,0.24,*,,,,,,,,,,,,,,,,,
14,3,0.12,*,,,,,,,,,,,,,,,,,
15,23,0.94,******,,,,,,,,,,,,,,,,,
16,10,0.41,**,,,,,,,,,,,,,,,,,
17,5,0.2,*,,,,,,,,,,,,,,,,,
ÇQíiäK,171,6.973898,,,,,,,,,,,,,,,,,,
18,37,1.51,*********,,,,,,,,,,,,,,,,,
19,34,1.39,********,,,,,,,,,,,,,,,,,
20,4,0.16,*,,,,,,,,,,,,,,,,,
21,45,1.84,***********,,,,,,,,,,,,,,,,,
22,51,2.08,************,,,,,,,,,,,,,,,,,
ÇRíiäK,294,11.990212,,,,,,,,,,,,,,,,,,
23,24,0.98,******,,,,,,,,,,,,,,,,,
24,44,1.79,***********,,,,,,,,,,,,,,,,,
25,70,2.85,*****************,,,,,,,,,,,,,,,,,
26,34,1.39,********,,,,,,,,,,,,,,,,,
27,44,1.79,***********,,,,,,,,,,,,,,,,,
28,78,3.18,*******************,,,,,,,,,,,,,,,,,
ÇSíiäK,408,16.639477,,,,,,,,,,,,,,,,,,
29,53,2.16,*************,,,,,,,,,,,,,,,,,
30,51,2.08,************,,,,,,,,,,,,,,,,,
31,98,4,************************,,,,,,,,,,,,,,,,,
32,68,2.77,*****************,,,,,,,,,,,,,,,,,
33,42,1.71,**********,,,,,,,,,,,,,,,,,
34,96,3.92,***********************,,,,,,,,,,,,,,,,,
ÇTíiäK,502,20.473083,,,,,,,,,,,,,,,,,,
35,55,2.24,*************,,,,,,,,,,,,,,,,,
36,47,1.92,************,,,,,,,,,,,,,,,,,
37,74,3.02,******************,,,,,,,,,,,,,,,,,
38,67,2.73,****************,,,,,,,,,,,,,,,,,
39,47,1.92,************,,,,,,,,,,,,,,,,,
40,57,2.32,**************,,,,,,,,,,,,,,,,,
41,71,2.9,*****************,,,,,,,,,,,,,,,,,
42,36,1.47,*********,,,,,,,,,,,,,,,,,
43,48,1.96,************,,,,,,,,,,,,,,,,,
ÇUíiäK,403,16.435562,,,,,,,,,,,,,,,,,,
44,57,2.32,**************,,,,,,,,,,,,,,,,,
45,35,1.43,*********,,,,,,,,,,,,,,,,,
46,57,2.32,**************,,,,,,,,,,,,,,,,,
47,46,1.88,***********,,,,,,,,,,,,,,,,,
48,45,1.84,***********,,,,,,,,,,,,,,,,,
49,36,1.47,*********,,,,,,,,,,,,,,,,,
50,60,2.45,***************,,,,,,,,,,,,,,,,,
51,38,1.55,*********,,,,,,,,,,,,,,,,,
52,29,1.18,*******,,,,,,,,,,,,,,,,,
ÇVíiäK,316,12.887438,,,,,,,,,,,,,,,,,,
53,42,1.71,**********,,,,,,,,,,,,,,,,,
54,30,1.22,*******,,,,,,,,,,,,,,,,,
55,19,0.77,*****,,,,,,,,,,,,,,,,,
56,38,1.55,*********,,,,,,,,,,,,,,,,,
57,31,1.26,********,,,,,,,,,,,,,,,,,
58,16,0.65,****,,,,,,,,,,,,,,,,,
59,31,1.26,********,,,,,,,,,,,,,,,,,
60,33,1.35,********,,,,,,,,,,,,,,,,,
61,9,0.37,**,,,,,,,,,,,,,,,,,
62,25,1.02,******,,,,,,,,,,,,,,,,,
63,27,1.1,*******,,,,,,,,,,,,,,,,,
64,15,0.61,****,,,,,,,,,,,,,,,,,
ÇWíiäK,175,7.13703,,,,,,,,,,,,,,,,,,
65,17,0.69,****,,,,,,,,,,,,,,,,,
66,27,1.1,*******,,,,,,,,,,,,,,,,,
67,11,0.45,***,,,,,,,,,,,,,,,,,
68,9,0.37,**,,,,,,,,,,,,,,,,,
69,19,0.77,*****,,,,,,,,,,,,,,,,,
70,12,0.49,***,,,,,,,,,,,,,,,,,
71,12,0.49,***,,,,,,,,,,,,,,,,,
72,21,0.86,*****,,,,,,,,,,,,,,,,,
73,15,0.61,****,,,,,,,,,,,,,,,,,
74,7,0.29,**,,,,,,,,,,,,,,,,,
75,15,0.61,****,,,,,,,,,,,,,,,,,
76,6,0.24,*,,,,,,,,,,,,,,,,,
77,4,0.16,*,,,,,,,,,,,,,,,,,
ÇXíiäK,105,4.282218,,,,,,,,,,,,,,,,,,
78,17,0.69,****,,,,,,,,,,,,,,,,,
79,9,0.37,**,,,,,,,,,,,,,,,,,
80,2,0.08,,,,,,,,,,,,,,,,,,
81,8,0.33,**,,,,,,,,,,,,,,,,,
82,13,0.53,***,,,,,,,,,,,,,,,,,
83,3,0.12,*,,,,,,,,,,,,,,,,,
84,17,0.69,****,,,,,,,,,,,,,,,,,
85,9,0.37,**,,,,,,,,,,,,,,,,,
86,0,0,,,,,,,,,,,,,,,,,,
87,5,0.2,*,,,,,,,,,,,,,,,,,
88,4,0.16,*,,,,,,,,,,,,,,,,,
89,0,0,,,,,,,,,,,,,,,,,,
90,3,0.12,*,,,,,,,,,,,,,,,,,
91,6,0.24,*,,,,,,,,,,,,,,,,,
92,0,0,,,,,,,,,,,,,,,,,,
93,1,0.04,,,,,,,,,,,,,,,,,,
94,4,0.16,*,,,,,,,,,,,,,,,,,
95,0,0,,,,,,,,,,,,,,,,,,
96,0,0,,,,,,,,,,,,,,,,,,
97,3,0.12,*,,,,,,,,,,,,,,,,,
98,0,0,,,,,,,,,,,,,,,,,,
99,0,0,,,,,,,,,,,,,,,,,,
100,1,0.04,,,,,,,,,,,,,,,,,,
óﬂòaÇUîNìx â»ñ⁄ï ê¨ê—ï™ïzê}Åiñ{ééå±Åj,,,,,,,,,,,,,,,,,,,,
â»ñ⁄ñº,ñûì_,ç≈çÇì_,ç≈í·ì_,ïΩãœì_,ïWèÄïŒç∑,éÛå±é“êî,ìæì_ó¶,ÇTï™ílÇeÇP,ÇTï™ílÇeÇQ,ÇTï™ílÇeÇR,ÇTï™ílÇeÇS,ÇPíiäK,ÇQíiäK,ÇRíiäK,ÇSíiäK,ÇTíiäK,ÇUíiäK,ÇVíiäK,ÇWíiäK,ÇXíiäK
ì˙ñ{éjÇa,100,100,0,56.27,16.88,131309,0.5627,41,51,61,71,0Å`26,27Å`33,34Å`42,43Å`51,52Å`60,61Å`68,69Å`77,78Å`84,85Å`100
ì_êî,êlêî,î‰ó¶ÅiÅìÅj,,,,,,,,,,,,,,,,,,
ÇPíiäK,4873,3.711093,,,,,,,,,,,,,,,,,,
0,12,0.01,,,,,,,,,,,,,,,,,,
1,0,0,,,,,,,,,,,,,,,,,,
2,0,0,,,,,,,,,,,,,,,,,,
3,4,0,,,,,,,,,,,,,,,,,,
4,1,0,,,,,,,,,,,,,,,,,,
5,0,0,,,,,,,,,,,,,,,,,,
6,23,0.02,,,,,,,,,,,,,,,,,,
7,5,0,,,,,,,,,,,,,,,,,,
8,1,0,,,,,,,,,,,,,,,,,,
9,59,0.04,,,,,,,,,,,,,,,,,,
10,23,0.02,,,,,,,,,,,,,,,,,,
11,3,0,,,,,,,,,,,,,,,,,,
12,135,0.1,*,,,,,,,,,,,,,,,,,
13,54,0.04,,,,,,,,,,,,,,,,,,
14,7,0.01,,,,,,,,,,,,,,,,,,
15,216,0.16,*,,,,,,,,,,,,,,,,,
16,164,0.12,*,,,,,,,,,,,,,,,,,
17,33,0.03,,,,,,,,,,,,,,,,,,
18,401,0.31,**,,,,,,,,,,,,,,,,,
19,302,0.23,*,,,,,,,,,,,,,,,,,
20,78,0.06,,,,,,,,,,,,,,,,,,
21,599,0.46,***,,,,,,,,,,,,,,,,,
22,552,0.42,***,,,,,,,,,,,,,,,,,
23,209,0.16,*,,,,,,,,,,,,,,,,,
24,758,0.58,***,,,,,,,,,,,,,,,,,
25,899,0.68,****,,,,,,,,,,,,,,,,,
26,335,0.26,**,,,,,,,,,,,,,,,,,
ÇQíiäK,7601,5.788635,,,,,,,,,,,,,,,,,,
27,1007,0.77,*****,,,,,,,,,,,,,,,,,
28,1223,0.93,******,,,,,,,,,,,,,,,,,
29,506,0.39,**,,,,,,,,,,,,,,,,,
30,1120,0.85,*****,,,,,,,,,,,,,,,,,
31,1662,1.27,********,,,,,,,,,,,,,,,,,
32,742,0.57,***,,,,,,,,,,,,,,,,,
33,1341,1.02,******,,,,,,,,,,,,,,,,,
ÇRíiäK,16157,12.304564,,,,,,,,,,,,,,,,,,
34,2029,1.55,*********,,,,,,,,,,,,,,,,,
35,1043,0.79,*****,,,,,,,,,,,,,,,,,
36,1475,1.12,*******,,,,,,,,,,,,,,,,,
37,2389,1.82,***********,,,,,,,,,,,,,,,,,
38,1453,1.11,*******,,,,,,,,,,,,,,,,,
39,1585,1.21,*******,,,,,,,,,,,,,,,,,
40,2723,2.07,************,,,,,,,,,,,,,,,,,
41,1842,1.4,********,,,,,,,,,,,,,,,,,
42,1618,1.23,*******,,,,,,,,,,,,,,,,,
ÇSíiäK,22750,17.325545,,,,,,,,,,,,,,,,,,
43,3044,2.32,**************,,,,,,,,,,,,,,,,,
44,2154,1.64,**********,,,,,,,,,,,,,,,,,
45,1712,1.3,********,,,,,,,,,,,,,,,,,
46,3227,2.46,***************,,,,,,,,,,,,,,,,,
47,2633,2.01,************,,,,,,,,,,,,,,,,,
48,1773,1.35,********,,,,,,,,,,,,,,,,,
49,3206,2.44,***************,,,,,,,,,,,,,,,,,
50,3111,2.37,**************,,,,,,,,,,,,,,,,,
51,1890,1.44,*********,,,,,,,,,,,,,,,,,
ÇTíiäK,25881,19.709997,,,,,,,,,,,,,,,,,,
52,3185,2.43,***************,,,,,,,,,,,,,,,,,
53,3388,2.58,***************,,,,,,,,,,,,,,,,,
54,1860,1.42,********,,,,,,,,,,,,,,,,,
55,3078,2.34,**************,,,,,,,,,,,,,,,,,
56,3667,2.79,*****************,,,,,,,,,,,,,,,,,
57,2019,1.54,*********,,,,,,,,,,,,,,,,,
58,2799,2.13,*************,,,,,,,,,,,,,,,,,
59,3825,2.91,*****************,,,,,,,,,,,,,,,,,
60,2060,1.57,*********,,,,,,,,,,,,,,,,,
ÇUíiäK,21469,16.349983,,,,,,,,,,,,,,,,,,
61,2368,1.8,***********,,,,,,,,,,,,,,,,,
62,3754,2.86,*****************,,,,,,,,,,,,,,,,,
63,2280,1.74,**********,,,,,,,,,,,,,,,,,
64,2087,1.59,**********,,,,,,,,,,,,,,,,,
65,3594,2.74,****************,,,,,,,,,,,,,,,,,
66,2480,1.89,***********,,,,,,,,,,,,,,,,,
67,1663,1.27,********,,,,,,,,,,,,,,,,,
68,3243,2.47,***************,,,,,,,,,,,,,,,,,
ÇVíiäK,17436,13.278602,,,,,,,,,,,,,,,,,,
69,2527,1.92,************,,,,,,,,,,,,,,,,,
70,1335,1.02,******,,,,,,,,,,,,,,,,,
71,2675,2.04,************,,,,,,,,,,,,,,,,,
72,2472,1.88,***********,,,,,,,,,,,,,,,,,
73,1139,0.87,*****,,,,,,,,,,,,,,,,,
74,2195,1.67,**********,,,,,,,,,,,,,,,,,
75,2470,1.88,***********,,,,,,,,,,,,,,,,,
76,932,0.71,****,,,,,,,,,,,,,,,,,
77,1691,1.29,********,,,,,,,,,,,,,,,,,
ÇWíiäK,9449,7.196003,,,,,,,,,,,,,,,,,,
78,2280,1.74,**********,,,,,,,,,,,,,,,,,
79,835,0.64,****,,,,,,,,,,,,,,,,,
80,1160,0.88,*****,,,,,,,,,,,,,,,,,
81,2026,1.54,*********,,,,,,,,,,,,,,,,,
82,775,0.59,****,,,,,,,,,,,,,,,,,
83,672,0.51,***,,,,,,,,,,,,,,,,,
84,1701,1.3,********,,,,,,,,,,,,,,,,,
ÇXíiäK,5693,4.335574,,,,,,,,,,,,,,,,,,
85,747,0.57,***,,,,,,,,,,,,,,,,,
86,335,0.26,**,,,,,,,,,,,,,,,,,
87,1181,0.9,*****,,,,,,,,,,,,,,,,,
88,659,0.5,***,,,,,,,,,,,,,,,,,
89,120,0.09,*,,,,,,,,,,,,,,,,,
90,777,0.59,****,,,,,,,,,,,,,,,,,
91,603,0.46,***,,,,,,,,,,,,,,,,,
92,21,0.02,,,,,,,,,,,,,,,,,,
93,338,0.26,**,,,,,,,,,,,,,,,,,
94,474,0.36,**,,,,,,,,,,,,,,,,,
95,0,0,,,,,,,,,,,,,,,,,,
96,94,0.07,,,,,,,,,,,,,,,,,,
97,243,0.19,*,,,,,,,,,,,,,,,,,
98,0,0,,,,,,,,,,,,,,,,,,
99,0,0,,,,,,,,,,,,,,,,,,
100,101,0.08,,,,,,,,,,,,,,,,,,
óﬂòaÇUîNìx â»ñ⁄ï ê¨ê—ï™ïzê}Åiñ{ééå±Åj,,,,,,,,,,,,,,,,,,,,
â»ñ⁄ñº,ñûì_,ç≈çÇì_,ç≈í·ì_,ïΩãœì_,ïWèÄïŒç∑,éÛå±é“êî,ìæì_ó¶,ÇTï™ílÇeÇP,ÇTï™ílÇeÇQ,ÇTï™ílÇeÇR,ÇTï™ílÇeÇS,ÇPíiäK,ÇQíiäK,ÇRíiäK,ÇSíiäK,ÇTíiäK,ÇUíiäK,ÇVíiäK,ÇWíiäK,ÇXíiäK
ínóùÇ`,100,100,0,55.75,17.28,2070,0.5575,41,51,60,71,0Å`24,25Å`33,34Å`41,42Å`51,52Å`59,60Å`68,69Å`77,78Å`85,86Å`100
ì_êî,êlêî,î‰ó¶ÅiÅìÅj,,,,,,,,,,,,,,,,,,
ÇPíiäK,77,3.719806,,,,,,,,,,,,,,,,,,
0,1,0.05,,,,,,,,,,,,,,,,,,
1,0,0,,,,,,,,,,,,,,,,,,
2,0,0,,,,,,,,,,,,,,,,,,
3,0,0,,,,,,,,,,,,,,,,,,
4,1,0.05,,,,,,,,,,,,,,,,,,
5,0,0,,,,,,,,,,,,,,,,,,
6,1,0.05,,,,,,,,,,,,,,,,,,
7,0,0,,,,,,,,,,,,,,,,,,
8,0,0,,,,,,,,,,,,,,,,,,
9,1,0.05,,,,,,,,,,,,,,,,,,
10,3,0.14,*,,,,,,,,,,,,,,,,,
11,0,0,,,,,,,,,,,,,,,,,,
12,2,0.1,*,,,,,,,,,,,,,,,,,
13,5,0.24,*,,,,,,,,,,,,,,,,,
14,1,0.05,,,,,,,,,,,,,,,,,,
15,1,0.05,,,,,,,,,,,,,,,,,,
16,5,0.24,*,,,,,,,,,,,,,,,,,
17,6,0.29,**,,,,,,,,,,,,,,,,,
18,3,0.14,*,,,,,,,,,,,,,,,,,
19,6,0.29,**,,,,,,,,,,,,,,,,,
20,6,0.29,**,,,,,,,,,,,,,,,,,
21,5,0.24,*,,,,,,,,,,,,,,,,,
22,15,0.72,****,,,,,,,,,,,,,,,,,
23,10,0.48,***,,,,,,,,,,,,,,,,,
24,5,0.24,*,,,,,,,,,,,,,,,,,
ÇQíiäK,138,6.666666,,,,,,,,,,,,,,,,,,
25,12,0.58,***,,,,,,,,,,,,,,,,,
26,20,0.97,******,,,,,,,,,,,,,,,,,
27,9,0.43,***,,,,,,,,,,,,,,,,,
28,18,0.87,*****,,,,,,,,,,,,,,,,,
29,17,0.82,*****,,,,,,,,,,,,,,,,,
30,10,0.48,***,,,,,,,,,,,,,,,,,
31,11,0.53,***,,,,,,,,,,,,,,,,,
32,21,1.01,******,,,,,,,,,,,,,,,,,
33,20,0.97,******,,,,,,,,,,,,,,,,,
ÇRíiäK,214,10.338164,,,,,,,,,,,,,,,,,,
34,16,0.77,*****,,,,,,,,,,,,,,,,,
35,27,1.3,********,,,,,,,,,,,,,,,,,
36,21,1.01,******,,,,,,,,,,,,,,,,,
37,24,1.16,*******,,,,,,,,,,,,,,,,,
38,27,1.3,********,,,,,,,,,,,,,,,,,
39,37,1.79,***********,,,,,,,,,,,,,,,,,
40,27,1.3,********,,,,,,,,,,,,,,,,,
41,35,1.69,**********,,,,,,,,,,,,,,,,,
ÇSíiäK,391,18.888888,,,,,,,,,,,,,,,,,,
42,50,2.42,**************,,,,,,,,,,,,,,,,,
43,39,1.88,***********,,,,,,,,,,,,,,,,,
44,40,1.93,************,,,,,,,,,,,,,,,,,
45,41,1.98,************,,,,,,,,,,,,,,,,,
46,26,1.26,********,,,,,,,,,,,,,,,,,
47,34,1.64,**********,,,,,,,,,,,,,,,,,
48,43,2.08,************,,,,,,,,,,,,,,,,,
49,44,2.13,*************,,,,,,,,,,,,,,,,,
50,36,1.74,**********,,,,,,,,,,,,,,,,,
51,38,1.84,***********,,,,,,,,,,,,,,,,,
ÇTíiäK,392,18.937198,,,,,,,,,,,,,,,,,,
52,48,2.32,**************,,,,,,,,,,,,,,,,,
53,57,2.75,*****************,,,,,,,,,,,,,,,,,
54,54,2.61,****************,,,,,,,,,,,,,,,,,
55,55,2.66,****************,,,,,,,,,,,,,,,,,
56,46,2.22,*************,,,,,,,,,,,,,,,,,
57,37,1.79,***********,,,,,,,,,,,,,,,,,
58,47,2.27,**************,,,,,,,,,,,,,,,,,
59,48,2.32,**************,,,,,,,,,,,,,,,,,
ÇUíiäK,345,16.666666,,,,,,,,,,,,,,,,,,
60,43,2.08,************,,,,,,,,,,,,,,,,,
61,32,1.55,*********,,,,,,,,,,,,,,,,,
62,47,2.27,**************,,,,,,,,,,,,,,,,,
63,40,1.93,************,,,,,,,,,,,,,,,,,
64,27,1.3,********,,,,,,,,,,,,,,,,,
65,48,2.32,**************,,,,,,,,,,,,,,,,,
66,42,2.03,************,,,,,,,,,,,,,,,,,
67,31,1.5,*********,,,,,,,,,,,,,,,,,
68,35,1.69,**********,,,,,,,,,,,,,,,,,
ÇVíiäK,285,13.768115,,,,,,,,,,,,,,,,,,
69,46,2.22,*************,,,,,,,,,,,,,,,,,
70,27,1.3,********,,,,,,,,,,,,,,,,,
71,29,1.4,********,,,,,,,,,,,,,,,,,
72,36,1.74,**********,,,,,,,,,,,,,,,,,
73,37,1.79,***********,,,,,,,,,,,,,,,,,
74,26,1.26,********,,,,,,,,,,,,,,,,,
75,23,1.11,*******,,,,,,,,,,,,,,,,,
76,46,2.22,*************,,,,,,,,,,,,,,,,,
77,15,0.72,****,,,,,,,,,,,,,,,,,
ÇWíiäK,142,6.859903,,,,,,,,,,,,,,,,,,
78,29,1.4,********,,,,,,,,,,,,,,,,,
79,30,1.45,*********,,,,,,,,,,,,,,,,,
80,16,0.77,*****,,,,,,,,,,,,,,,,,
81,3,0.14,*,,,,,,,,,,,,,,,,,
82,21,1.01,******,,,,,,,,,,,,,,,,,
83,17,0.82,*****,,,,,,,,,,,,,,,,,
84,14,0.68,****,,,,,,,,,,,,,,,,,
85,12,0.58,***,,,,,,,,,,,,,,,,,
ÇXíiäK,86,4.154589,,,,,,,,,,,,,,,,,,
86,16,0.77,*****,,,,,,,,,,,,,,,,,
87,8,0.39,**,,,,,,,,,,,,,,,,,
88,5,0.24,*,,,,,,,,,,,,,,,,,
89,19,0.92,******,,,,,,,,,,,,,,,,,
90,13,0.63,****,,,,,,,,,,,,,,,,,
91,1,0.05,,,,,,,,,,,,,,,,,,
92,3,0.14,*,,,,,,,,,,,,,,,,,
93,8,0.39,**,,,,,,,,,,,,,,,,,
94,2,0.1,*,,,,,,,,,,,,,,,,,
95,0,0,,,,,,,,,,,,,,,,,,
96,3,0.14,*,,,,,,,,,,,,,,,,,
97,3,0.14,*,,,,,,,,,,,,,,,,,
98,0,0,,,,,,,,,,,,,,,,,,
99,0,0,,,,,,,,,,,,,,,,,,
100,5,0.24,*,,,,,,,,,,,,,,,,,
óﬂòaÇUîNìx â»ñ⁄ï ê¨ê—ï™ïzê}Åiñ{ééå±Åj,,,,,,,,,,,,,,,,,,,,
â»ñ⁄ñº,ñûì_,ç≈çÇì_,ç≈í·ì_,ïΩãœì_,ïWèÄïŒç∑,éÛå±é“êî,ìæì_ó¶,ÇTï™ílÇeÇP,ÇTï™ílÇeÇQ,ÇTï™ílÇeÇR,ÇTï™ílÇeÇS,ÇPíiäK,ÇQíiäK,ÇRíiäK,ÇSíiäK,ÇTíiäK,ÇUíiäK,ÇVíiäK,ÇWíiäK,ÇXíiäK
ínóùÇa,100,100,0,65.74,15.04,136948,0.6574,52,63,71,79,0Å`36,37Å`45,46Å`54,55Å`62,63Å`70,71Å`77,78Å`82,83Å`88,89Å`100
ì_êî,êlêî,î‰ó¶ÅiÅìÅj,,,,,,,,,,,,,,,,,,
ÇPíiäK,5296,3.867161,,,,,,,,,,,,,,,,,,
0,2,0,,,,,,,,,,,,,,,,,,
1,0,0,,,,,,,,,,,,,,,,,,
2,0,0,,,,,,,,,,,,,,,,,,
3,2,0,,,,,,,,,,,,,,,,,,
4,1,0,,,,,,,,,,,,,,,,,,
5,0,0,,,,,,,,,,,,,,,,,,
6,11,0.01,,,,,,,,,,,,,,,,,,
7,9,0.01,,,,,,,,,,,,,,,,,,
8,1,0,,,,,,,,,,,,,,,,,,
9,9,0.01,,,,,,,,,,,,,,,,,,
10,18,0.01,,,,,,,,,,,,,,,,,,
11,11,0.01,,,,,,,,,,,,,,,,,,
12,15,0.01,,,,,,,,,,,,,,,,,,
13,40,0.03,,,,,,,,,,,,,,,,,,
14,23,0.02,,,,,,,,,,,,,,,,,,
15,17,0.01,,,,,,,,,,,,,,,,,,
16,48,0.04,,,,,,,,,,,,,,,,,,
17,41,0.03,,,,,,,,,,,,,,,,,,
18,55,0.04,,,,,,,,,,,,,,,,,,
19,67,0.05,,,,,,,,,,,,,,,,,,
20,95,0.07,,,,,,,,,,,,,,,,,,
21,74,0.05,,,,,,,,,,,,,,,,,,
22,105,0.08,,,,,,,,,,,,,,,,,,
23,142,0.1,*,,,,,,,,,,,,,,,,,
24,109,0.08,,,,,,,,,,,,,,,,,,
25,135,0.1,*,,,,,,,,,,,,,,,,,
26,247,0.18,*,,,,,,,,,,,,,,,,,
27,182,0.13,*,,,,,,,,,,,,,,,,,
28,201,0.15,*,,,,,,,,,,,,,,,,,
29,308,0.22,*,,,,,,,,,,,,,,,,,
30,384,0.28,**,,,,,,,,,,,,,,,,,
31,283,0.21,*,,,,,,,,,,,,,,,,,
32,426,0.31,**,,,,,,,,,,,,,,,,,
33,519,0.38,**,,,,,,,,,,,,,,,,,
34,413,0.3,**,,,,,,,,,,,,,,,,,
35,566,0.41,**,,,,,,,,,,,,,,,,,
36,737,0.54,***,,,,,,,,,,,,,,,,,
ÇQíiäK,8750,6.389286,,,,,,,,,,,,,,,,,,
37,615,0.45,***,,,,,,,,,,,,,,,,,
38,719,0.53,***,,,,,,,,,,,,,,,,,
39,974,0.71,****,,,,,,,,,,,,,,,,,
40,840,0.61,****,,,,,,,,,,,,,,,,,
41,819,0.6,****,,,,,,,,,,,,,,,,,
42,1151,0.84,*****,,,,,,,,,,,,,,,,,
43,1257,0.92,******,,,,,,,,,,,,,,,,,
44,1025,0.75,****,,,,,,,,,,,,,,,,,
45,1350,0.99,******,,,,,,,,,,,,,,,,,
ÇRíiäK,16773,12.247714,,,,,,,,,,,,,,,,,,
46,1688,1.23,*******,,,,,,,,,,,,,,,,,
47,1415,1.03,******,,,,,,,,,,,,,,,,,
48,1408,1.03,******,,,,,,,,,,,,,,,,,
49,2110,1.54,*********,,,,,,,,,,,,,,,,,
50,1892,1.38,********,,,,,,,,,,,,,,,,,
51,1641,1.2,*******,,,,,,,,,,,,,,,,,
52,2251,1.64,**********,,,,,,,,,,,,,,,,,
53,2513,1.84,***********,,,,,,,,,,,,,,,,,
54,1855,1.35,********,,,,,,,,,,,,,,,,,
ÇSíiäK,21968,16.041125,,,,,,,,,,,,,,,,,,
55,2310,1.69,**********,,,,,,,,,,,,,,,,,
56,2877,2.1,*************,,,,,,,,,,,,,,,,,
57,2361,1.72,**********,,,,,,,,,,,,,,,,,
58,2315,1.69,**********,,,,,,,,,,,,,,,,,
59,3245,2.37,**************,,,,,,,,,,,,,,,,,
60,3122,2.28,**************,,,,,,,,,,,,,,,,,
61,2490,1.82,***********,,,,,,,,,,,,,,,,,
62,3248,2.37,**************,,,,,,,,,,,,,,,,,
ÇTíiäK,27818,20.312819,,,,,,,,,,,,,,,,,,
63,3807,2.78,*****************,,,,,,,,,,,,,,,,,
64,2766,2.02,************,,,,,,,,,,,,,,,,,
65,2866,2.09,*************,,,,,,,,,,,,,,,,,
66,4171,3.05,******************,,,,,,,,,,,,,,,,,
67,3427,2.5,***************,,,,,,,,,,,,,,,,,
68,2545,1.86,***********,,,,,,,,,,,,,,,,,
69,4066,2.97,******************,,,,,,,,,,,,,,,,,
70,4170,3.04,******************,,,,,,,,,,,,,,,,,
ÇUíiäK,24606,17.967403,,,,,,,,,,,,,,,,,,
71,2754,2.01,************,,,,,,,,,,,,,,,,,
72,3295,2.41,**************,,,,,,,,,,,,,,,,,
73,4660,3.4,********************,,,,,,,,,,,,,,,,,
74,3234,2.36,**************,,,,,,,,,,,,,,,,,
75,2398,1.75,***********,,,,,,,,,,,,,,,,,
76,4310,3.15,*******************,,,,,,,,,,,,,,,,,
77,3955,2.89,*****************,,,,,,,,,,,,,,,,,
ÇVíiäK,13304,9.714636,,,,,,,,,,,,,,,,,,
78,1816,1.33,********,,,,,,,,,,,,,,,,,
79,3280,2.4,**************,,,,,,,,,,,,,,,,,
80,4331,3.16,*******************,,,,,,,,,,,,,,,,,
81,1937,1.41,********,,,,,,,,,,,,,,,,,
82,1940,1.42,********,,,,,,,,,,,,,,,,,
ÇWíiäK,12297,8.97932,,,,,,,,,,,,,,,,,,
83,3803,2.78,*****************,,,,,,,,,,,,,,,,,
84,2296,1.68,**********,,,,,,,,,,,,,,,,,
85,834,0.61,****,,,,,,,,,,,,,,,,,
86,2463,1.8,***********,,,,,,,,,,,,,,,,,
87,2388,1.74,**********,,,,,,,,,,,,,,,,,
88,513,0.37,**,,,,,,,,,,,,,,,,,
ÇXíiäK,6136,4.480532,,,,,,,,,,,,,,,,,,
89,1015,0.74,****,,,,,,,,,,,,,,,,,
90,1890,1.38,********,,,,,,,,,,,,,,,,,
91,550,0.4,**,,,,,,,,,,,,,,,,,
92,230,0.17,*,,,,,,,,,,,,,,,,,
93,1060,0.77,*****,,,,,,,,,,,,,,,,,
94,576,0.42,***,,,,,,,,,,,,,,,,,
95,0,0,,,,,,,,,,,,,,,,,,
96,271,0.2,*,,,,,,,,,,,,,,,,,
97,398,0.29,**,,,,,,,,,,,,,,,,,
98,0,0,,,,,,,,,,,,,,,,,,
99,0,0,,,,,,,,,,,,,,,,,,
100,146,0.11,*,,,,,,,,,,,,,,,,,
óﬂòaÇUîNìx ã≥â»ï ê¨ê—ï™ïzê}Åiñ{ééå±Åj,,,,,,,,,,,,,,,,,,,,
ã≥â»ñº,ñûì_,ç≈çÇì_,ç≈í·ì_,ïΩãœì_,ïWèÄïŒç∑,éÛå±é“êî,ìæì_ó¶,ÇTï™ílÇeÇP,ÇTï™ílÇeÇQ,ÇTï™ílÇeÇR,ÇTï™ílÇeÇS,,,,,,,,,
åˆñØ,100,100,0,54.7,15.61,173508,0.547,41,51,59,68,,,,,,,,,
ì_êî,êlêî,î‰ó¶ÅiÅìÅj,,,,,,,,,,,,,,,,,,
0,29,0.02,,,,,,,,,,,,,,,,,,
1,0,0,,,,,,,,,,,,,,,,,,
2,0,0,,,,,,,,,,,,,,,,,,
3,16,0.01,,,,,,,,,,,,,,,,,,
4,16,0.01,,,,,,,,,,,,,,,,,,
5,0,0,,,,,,,,,,,,,,,,,,
6,66,0.04,,,,,,,,,,,,,,,,,,
7,20,0.01,,,,,,,,,,,,,,,,,,
8,3,0,,,,,,,,,,,,,,,,,,
9,115,0.07,,,,,,,,,,,,,,,,,,
10,93,0.05,,,,,,,,,,,,,,,,,,
11,43,0.02,,,,,,,,,,,,,,,,,,
12,191,0.11,*,,,,,,,,,,,,,,,,,
13,221,0.13,*,,,,,,,,,,,,,,,,,
14,109,0.06,,,,,,,,,,,,,,,,,,
15,280,0.16,*,,,,,,,,,,,,,,,,,
16,422,0.24,*,,,,,,,,,,,,,,,,,
17,263,0.15,*,,,,,,,,,,,,,,,,,
18,315,0.18,*,,,,,,,,,,,,,,,,,
19,602,0.35,**,,,,,,,,,,,,,,,,,
20,457,0.26,**,,,,,,,,,,,,,,,,,
21,452,0.26,**,,,,,,,,,,,,,,,,,
22,768,0.44,***,,,,,,,,,,,,,,,,,
23,721,0.42,**,,,,,,,,,,,,,,,,,
24,663,0.38,**,,,,,,,,,,,,,,,,,
25,922,0.53,***,,,,,,,,,,,,,,,,,
26,1014,0.58,****,,,,,,,,,,,,,,,,,
27,875,0.5,***,,,,,,,,,,,,,,,,,
28,1155,0.67,****,,,,,,,,,,,,,,,,,
29,1431,0.82,*****,,,,,,,,,,,,,,,,,
30,1195,0.69,****,,,,,,,,,,,,,,,,,
31,1297,0.75,****,,,,,,,,,,,,,,,,,
32,1747,1.01,******,,,,,,,,,,,,,,,,,
33,1689,0.97,******,,,,,,,,,,,,,,,,,
34,1720,0.99,******,,,,,,,,,,,,,,,,,
35,1985,1.14,*******,,,,,,,,,,,,,,,,,
36,1981,1.14,*******,,,,,,,,,,,,,,,,,
37,2021,1.16,*******,,,,,,,,,,,,,,,,,
38,2331,1.34,********,,,,,,,,,,,,,,,,,
39,2469,1.42,*********,,,,,,,,,,,,,,,,,
40,2549,1.47,*********,,,,,,,,,,,,,,,,,
41,2759,1.59,**********,,,,,,,,,,,,,,,,,
42,2905,1.67,**********,,,,,,,,,,,,,,,,,
43,3066,1.77,***********,,,,,,,,,,,,,,,,,
44,3280,1.89,***********,,,,,,,,,,,,,,,,,
45,3337,1.92,************,,,,,,,,,,,,,,,,,
46,3413,1.97,************,,,,,,,,,,,,,,,,,
47,3624,2.09,*************,,,,,,,,,,,,,,,,,
48,3598,2.07,************,,,,,,,,,,,,,,,,,
49,3801,2.19,*************,,,,,,,,,,,,,,,,,
50,4110,2.37,**************,,,,,,,,,,,,,,,,,
51,3920,2.26,**************,,,,,,,,,,,,,,,,,
52,3861,2.23,*************,,,,,,,,,,,,,,,,,
53,4333,2.5,***************,,,,,,,,,,,,,,,,,
54,4216,2.43,***************,,,,,,,,,,,,,,,,,
55,4067,2.34,**************,,,,,,,,,,,,,,,,,
56,4580,2.64,****************,,,,,,,,,,,,,,,,,
57,4401,2.54,***************,,,,,,,,,,,,,,,,,
58,4143,2.39,**************,,,,,,,,,,,,,,,,,
59,4482,2.58,***************,,,,,,,,,,,,,,,,,
60,4570,2.63,****************,,,,,,,,,,,,,,,,,
61,3974,2.29,**************,,,,,,,,,,,,,,,,,
62,3962,2.28,**************,,,,,,,,,,,,,,,,,
63,4322,2.49,***************,,,,,,,,,,,,,,,,,
64,3824,2.2,*************,,,,,,,,,,,,,,,,,
65,3592,2.07,************,,,,,,,,,,,,,,,,,
66,4054,2.34,**************,,,,,,,,,,,,,,,,,
67,3661,2.11,*************,,,,,,,,,,,,,,,,,
68,3034,1.75,**********,,,,,,,,,,,,,,,,,
69,3559,2.05,************,,,,,,,,,,,,,,,,,
70,3203,1.85,***********,,,,,,,,,,,,,,,,,
71,2324,1.34,********,,,,,,,,,,,,,,,,,
72,3079,1.77,***********,,,,,,,,,,,,,,,,,
73,2855,1.65,**********,,,,,,,,,,,,,,,,,
74,1613,0.93,******,,,,,,,,,,,,,,,,,
75,2506,1.44,*********,,,,,,,,,,,,,,,,,
76,2485,1.43,*********,,,,,,,,,,,,,,,,,
77,1104,0.64,****,,,,,,,,,,,,,,,,,
78,1837,1.06,******,,,,,,,,,,,,,,,,,
79,1985,1.14,*******,,,,,,,,,,,,,,,,,
80,659,0.38,**,,,,,,,,,,,,,,,,,
81,1251,0.72,****,,,,,,,,,,,,,,,,,
82,1544,0.89,*****,,,,,,,,,,,,,,,,,
83,326,0.19,*,,,,,,,,,,,,,,,,,
84,800,0.46,***,,,,,,,,,,,,,,,,,
85,1079,0.62,****,,,,,,,,,,,,,,,,,
86,139,0.08,,,,,,,,,,,,,,,,,,
87,417,0.24,*,,,,,,,,,,,,,,,,,
88,732,0.42,***,,,,,,,,,,,,,,,,,
89,31,0.02,,,,,,,,,,,,,,,,,,
90,165,0.1,*,,,,,,,,,,,,,,,,,
91,383,0.22,*,,,,,,,,,,,,,,,,,
92,4,0,,,,,,,,,,,,,,,,,,
93,50,0.03,,,,,,,,,,,,,,,,,,
94,161,0.09,*,,,,,,,,,,,,,,,,,
95,1,0,,,,,,,,,,,,,,,,,,
96,7,0,,,,,,,,,,,,,,,,,,
97,68,0.04,,,,,,,,,,,,,,,,,,
98,1,0,,,,,,,,,,,,,,,,,,
99,0,0,,,,,,,,,,,,,,,,,,
100,5,0,,,,,,,,,,,,,,,,,,
óﬂòaÇUîNìx â»ñ⁄ï ê¨ê—ï™ïzê}Åiñ{ééå±Åj,,,,,,,,,,,,,,,,,,,,
â»ñ⁄ñº,ñûì_,ç≈çÇì_,ç≈í·ì_,ïΩãœì_,ïWèÄïŒç∑,éÛå±é“êî,ìæì_ó¶,ÇTï™ílÇeÇP,ÇTï™ílÇeÇQ,ÇTï™ílÇeÇR,ÇTï™ílÇeÇS,ÇPíiäK,ÇQíiäK,ÇRíiäK,ÇSíiäK,ÇTíiäK,ÇUíiäK,ÇVíiäK,ÇWíiäK,ÇXíiäK
åªë„é–âÔ,100,100,0,55.94,14.96,71988,0.5594,43,52,60,68,0Å`28,29Å`36,37Å`44,45Å`51,52Å`59,60Å`67,68Å`74,75Å`80,81Å`100
ì_êî,êlêî,î‰ó¶ÅiÅìÅj,,,,,,,,,,,,,,,,,,
ÇPíiäK,2675,3.715897,,,,,,,,,,,,,,,,,,
0,12,0.02,,,,,,,,,,,,,,,,,,
1,0,0,,,,,,,,,,,,,,,,,,
2,0,0,,,,,,,,,,,,,,,,,,
3,5,0.01,,,,,,,,,,,,,,,,,,
4,1,0,,,,,,,,,,,,,,,,,,
5,0,0,,,,,,,,,,,,,,,,,,
6,15,0.02,,,,,,,,,,,,,,,,,,
7,2,0,,,,,,,,,,,,,,,,,,
8,0,0,,,,,,,,,,,,,,,,,,
9,36,0.05,,,,,,,,,,,,,,,,,,
10,25,0.03,,,,,,,,,,,,,,,,,,
11,4,0.01,,,,,,,,,,,,,,,,,,
12,60,0.08,*,,,,,,,,,,,,,,,,,
13,43,0.06,,,,,,,,,,,,,,,,,,
14,25,0.03,,,,,,,,,,,,,,,,,,
15,90,0.13,*,,,,,,,,,,,,,,,,,
16,114,0.16,*,,,,,,,,,,,,,,,,,
17,59,0.08,,,,,,,,,,,,,,,,,,
18,84,0.12,*,,,,,,,,,,,,,,,,,
19,168,0.23,*,,,,,,,,,,,,,,,,,
20,88,0.12,*,,,,,,,,,,,,,,,,,
21,127,0.18,*,,,,,,,,,,,,,,,,,
22,222,0.31,**,,,,,,,,,,,,,,,,,
23,169,0.23,*,,,,,,,,,,,,,,,,,
24,162,0.23,*,,,,,,,,,,,,,,,,,
25,288,0.4,**,,,,,,,,,,,,,,,,,
26,288,0.4,**,,,,,,,,,,,,,,,,,
27,224,0.31,**,,,,,,,,,,,,,,,,,
28,364,0.51,***,,,,,,,,,,,,,,,,,
ÇQíiäK,4617,6.413568,,,,,,,,,,,,,,,,,,
29,510,0.71,****,,,,,,,,,,,,,,,,,
30,306,0.43,***,,,,,,,,,,,,,,,,,
31,446,0.62,****,,,,,,,,,,,,,,,,,
32,670,0.93,******,,,,,,,,,,,,,,,,,
33,544,0.76,*****,,,,,,,,,,,,,,,,,
34,548,0.76,*****,,,,,,,,,,,,,,,,,
35,806,1.12,*******,,,,,,,,,,,,,,,,,
36,787,1.09,*******,,,,,,,,,,,,,,,,,
ÇRíiäK,8656,12.024226,,,,,,,,,,,,,,,,,,
37,700,0.97,******,,,,,,,,,,,,,,,,,
38,946,1.31,********,,,,,,,,,,,,,,,,,
39,1125,1.56,*********,,,,,,,,,,,,,,,,,
40,916,1.27,********,,,,,,,,,,,,,,,,,
41,1068,1.48,*********,,,,,,,,,,,,,,,,,
42,1460,2.03,************,,,,,,,,,,,,,,,,,
43,1244,1.73,**********,,,,,,,,,,,,,,,,,
44,1197,1.66,**********,,,,,,,,,,,,,,,,,
ÇSíiäK,11219,15.584541,,,,,,,,,,,,,,,,,,
45,1665,2.31,**************,,,,,,,,,,,,,,,,,
46,1562,2.17,*************,,,,,,,,,,,,,,,,,
47,1298,1.8,***********,,,,,,,,,,,,,,,,,
48,1666,2.31,**************,,,,,,,,,,,,,,,,,
49,1856,2.58,***************,,,,,,,,,,,,,,,,,
50,1527,2.12,*************,,,,,,,,,,,,,,,,,
51,1645,2.29,**************,,,,,,,,,,,,,,,,,
ÇTíiäK,14999,20.835417,,,,,,,,,,,,,,,,,,
52,2031,2.82,*****************,,,,,,,,,,,,,,,,,
53,1682,2.34,**************,,,,,,,,,,,,,,,,,
54,1554,2.16,*************,,,,,,,,,,,,,,,,,
55,2175,3.02,******************,,,,,,,,,,,,,,,,,
56,1954,2.71,****************,,,,,,,,,,,,,,,,,
57,1475,2.05,************,,,,,,,,,,,,,,,,,
58,2025,2.81,*****************,,,,,,,,,,,,,,,,,
59,2103,2.92,******************,,,,,,,,,,,,,,,,,
ÇUíiäK,13215,18.357226,,,,,,,,,,,,,,,,,,
60,1553,2.16,*************,,,,,,,,,,,,,,,,,
61,1782,2.48,***************,,,,,,,,,,,,,,,,,
62,2024,2.81,*****************,,,,,,,,,,,,,,,,,
63,1537,2.14,*************,,,,,,,,,,,,,,,,,
64,1539,2.14,*************,,,,,,,,,,,,,,,,,
65,1887,2.62,****************,,,,,,,,,,,,,,,,,
66,1615,2.24,*************,,,,,,,,,,,,,,,,,
67,1278,1.78,***********,,,,,,,,,,,,,,,,,
ÇVíiäK,8603,11.950602,,,,,,,,,,,,,,,,,,
68,1664,2.31,**************,,,,,,,,,,,,,,,,,
69,1457,2.02,************,,,,,,,,,,,,,,,,,
70,1005,1.4,********,,,,,,,,,,,,,,,,,
71,1305,1.81,***********,,,,,,,,,,,,,,,,,
72,1398,1.94,************,,,,,,,,,,,,,,,,,
73,856,1.19,*******,,,,,,,,,,,,,,,,,
74,918,1.28,********,,,,,,,,,,,,,,,,,
ÇWíiäK,4571,6.349669,,,,,,,,,,,,,,,,,,
75,1211,1.68,**********,,,,,,,,,,,,,,,,,
76,763,1.06,******,,,,,,,,,,,,,,,,,
77,672,0.93,******,,,,,,,,,,,,,,,,,
78,942,1.31,********,,,,,,,,,,,,,,,,,
79,589,0.82,*****,,,,,,,,,,,,,,,,,
80,394,0.55,***,,,,,,,,,,,,,,,,,
ÇXíiäK,3433,4.76885,,,,,,,,,,,,,,,,,,
81,671,0.93,******,,,,,,,,,,,,,,,,,
82,504,0.7,****,,,,,,,,,,,,,,,,,
83,216,0.3,**,,,,,,,,,,,,,,,,,
84,481,0.67,****,,,,,,,,,,,,,,,,,
85,370,0.51,***,,,,,,,,,,,,,,,,,
86,86,0.12,*,,,,,,,,,,,,,,,,,
87,284,0.39,**,,,,,,,,,,,,,,,,,
88,296,0.41,**,,,,,,,,,,,,,,,,,
89,20,0.03,,,,,,,,,,,,,,,,,,
90,123,0.17,*,,,,,,,,,,,,,,,,,
91,183,0.25,**,,,,,,,,,,,,,,,,,
92,2,0,,,,,,,,,,,,,,,,,,
93,43,0.06,,,,,,,,,,,,,,,,,,
94,99,0.14,*,,,,,,,,,,,,,,,,,
95,0,0,,,,,,,,,,,,,,,,,,
96,6,0.01,,,,,,,,,,,,,,,,,,
97,45,0.06,,,,,,,,,,,,,,,,,,
98,0,0,,,,,,,,,,,,,,,,,,
99,0,0,,,,,,,,,,,,,,,,,,
100,4,0.01,,,,,,,,,,,,,,,,,,
óﬂòaÇUîNìx â»ñ⁄ï ê¨ê—ï™ïzê}Åiñ{ééå±Åj,,,,,,,,,,,,,,,,,,,,
â»ñ⁄ñº,ñûì_,ç≈çÇì_,ç≈í·ì_,ïΩãœì_,ïWèÄïŒç∑,éÛå±é“êî,ìæì_ó¶,ÇTï™ílÇeÇP,ÇTï™ílÇeÇQ,ÇTï™ílÇeÇR,ÇTï™ílÇeÇS,ÇPíiäK,ÇQíiäK,ÇRíiäK,ÇSíiäK,ÇTíiäK,ÇUíiäK,ÇVíiäK,ÇWíiäK,ÇXíiäK
óœóù,100,98,0,56.44,13.9,18199,0.5644,45,53,60,68,0Å`29,30Å`38,39Å`46,47Å`52,53Å`60,61Å`66,67Å`72,73Å`78,79Å`100
ì_êî,êlêî,î‰ó¶ÅiÅìÅj,,,,,,,,,,,,,,,,,,
ÇPíiäK,665,3.654046,,,,,,,,,,,,,,,,,,
0,5,0.03,,,,,,,,,,,,,,,,,,
1,0,0,,,,,,,,,,,,,,,,,,
2,0,0,,,,,,,,,,,,,,,,,,
3,0,0,,,,,,,,,,,,,,,,,,
4,0,0,,,,,,,,,,,,,,,,,,
5,0,0,,,,,,,,,,,,,,,,,,
6,2,0.01,,,,,,,,,,,,,,,,,,
7,0,0,,,,,,,,,,,,,,,,,,
8,0,0,,,,,,,,,,,,,,,,,,
9,5,0.03,,,,,,,,,,,,,,,,,,
10,2,0.01,,,,,,,,,,,,,,,,,,
11,0,0,,,,,,,,,,,,,,,,,,
12,16,0.09,*,,,,,,,,,,,,,,,,,
13,8,0.04,,,,,,,,,,,,,,,,,,
14,2,0.01,,,,,,,,,,,,,,,,,,
15,28,0.15,*,,,,,,,,,,,,,,,,,
16,22,0.12,*,,,,,,,,,,,,,,,,,
17,7,0.04,,,,,,,,,,,,,,,,,,
18,38,0.21,*,,,,,,,,,,,,,,,,,
19,29,0.16,*,,,,,,,,,,,,,,,,,
20,15,0.08,,,,,,,,,,,,,,,,,,
21,55,0.3,**,,,,,,,,,,,,,,,,,
22,39,0.21,*,,,,,,,,,,,,,,,,,
23,13,0.07,,,,,,,,,,,,,,,,,,
24,72,0.4,**,,,,,,,,,,,,,,,,,
25,55,0.3,**,,,,,,,,,,,,,,,,,
26,36,0.2,*,,,,,,,,,,,,,,,,,
27,80,0.44,***,,,,,,,,,,,,,,,,,
28,86,0.47,***,,,,,,,,,,,,,,,,,
29,50,0.27,**,,,,,,,,,,,,,,,,,
ÇQíiäK,1214,6.670696,,,,,,,,,,,,,,,,,,
30,93,0.51,***,,,,,,,,,,,,,,,,,
31,111,0.61,****,,,,,,,,,,,,,,,,,
32,85,0.47,***,,,,,,,,,,,,,,,,,
33,131,0.72,****,,,,,,,,,,,,,,,,,
34,210,1.15,*******,,,,,,,,,,,,,,,,,
35,106,0.58,***,,,,,,,,,,,,,,,,,
36,107,0.59,****,,,,,,,,,,,,,,,,,
37,213,1.17,*******,,,,,,,,,,,,,,,,,
38,158,0.87,*****,,,,,,,,,,,,,,,,,
ÇRíiäK,2219,12.192977,,,,,,,,,,,,,,,,,,
39,141,0.77,*****,,,,,,,,,,,,,,,,,
40,269,1.48,*********,,,,,,,,,,,,,,,,,
41,259,1.42,*********,,,,,,,,,,,,,,,,,
42,154,0.85,*****,,,,,,,,,,,,,,,,,
43,374,2.06,************,,,,,,,,,,,,,,,,,
44,372,2.04,************,,,,,,,,,,,,,,,,,
45,180,0.99,******,,,,,,,,,,,,,,,,,
46,470,2.58,***************,,,,,,,,,,,,,,,,,
ÇSíiäK,2510,13.791966,,,,,,,,,,,,,,,,,,
47,437,2.4,**************,,,,,,,,,,,,,,,,,
48,190,1.04,******,,,,,,,,,,,,,,,,,
49,546,3,******************,,,,,,,,,,,,,,,,,
50,560,3.08,******************,,,,,,,,,,,,,,,,,
51,204,1.12,*******,,,,,,,,,,,,,,,,,
52,573,3.15,*******************,,,,,,,,,,,,,,,,,
ÇTíiäK,4227,23.22655,,,,,,,,,,,,,,,,,,
53,709,3.9,***********************,,,,,,,,,,,,,,,,,
54,206,1.13,*******,,,,,,,,,,,,,,,,,
55,655,3.6,**********************,,,,,,,,,,,,,,,,,
56,752,4.13,*************************,,,,,,,,,,,,,,,,,
57,194,1.07,******,,,,,,,,,,,,,,,,,
58,696,3.82,***********************,,,,,,,,,,,,,,,,,
59,812,4.46,***************************,,,,,,,,,,,,,,,,,
60,203,1.12,*******,,,,,,,,,,,,,,,,,
ÇUíiäK,2876,15.803066,,,,,,,,,,,,,,,,,,
61,646,3.55,*********************,,,,,,,,,,,,,,,,,
62,684,3.76,***********************,,,,,,,,,,,,,,,,,
63,150,0.82,*****,,,,,,,,,,,,,,,,,
64,624,3.43,*********************,,,,,,,,,,,,,,,,,
65,641,3.52,*********************,,,,,,,,,,,,,,,,,
66,131,0.72,****,,,,,,,,,,,,,,,,,
ÇVíiäK,2224,12.220451,,,,,,,,,,,,,,,,,,
67,562,3.09,*******************,,,,,,,,,,,,,,,,,
68,541,2.97,******************,,,,,,,,,,,,,,,,,
69,104,0.57,***,,,,,,,,,,,,,,,,,
70,505,2.77,*****************,,,,,,,,,,,,,,,,,
71,432,2.37,**************,,,,,,,,,,,,,,,,,
72,80,0.44,***,,,,,,,,,,,,,,,,,
ÇWíiäK,1323,7.26963,,,,,,,,,,,,,,,,,,
73,452,2.48,***************,,,,,,,,,,,,,,,,,
74,276,1.52,*********,,,,,,,,,,,,,,,,,
75,43,0.24,*,,,,,,,,,,,,,,,,,
76,323,1.77,***********,,,,,,,,,,,,,,,,,
77,190,1.04,******,,,,,,,,,,,,,,,,,
78,39,0.21,*,,,,,,,,,,,,,,,,,
ÇXíiäK,941,5.170613,,,,,,,,,,,,,,,,,,
79,250,1.37,********,,,,,,,,,,,,,,,,,
80,123,0.68,****,,,,,,,,,,,,,,,,,
81,18,0.1,*,,,,,,,,,,,,,,,,,
82,181,0.99,******,,,,,,,,,,,,,,,,,
83,50,0.27,**,,,,,,,,,,,,,,,,,
84,12,0.07,,,,,,,,,,,,,,,,,,
85,120,0.66,****,,,,,,,,,,,,,,,,,
86,39,0.21,*,,,,,,,,,,,,,,,,,
87,5,0.03,,,,,,,,,,,,,,,,,,
88,79,0.43,***,,,,,,,,,,,,,,,,,
89,9,0.05,,,,,,,,,,,,,,,,,,
90,2,0.01,,,,,,,,,,,,,,,,,,
91,34,0.19,*,,,,,,,,,,,,,,,,,
92,1,0.01,,,,,,,,,,,,,,,,,,
93,1,0.01,,,,,,,,,,,,,,,,,,
94,9,0.05,,,,,,,,,,,,,,,,,,
95,1,0.01,,,,,,,,,,,,,,,,,,
96,0,0,,,,,,,,,,,,,,,,,,
97,6,0.03,,,,,,,,,,,,,,,,,,
98,1,0.01,,,,,,,,,,,,,,,,,,
99,0,0,,,,,,,,,,,,,,,,,,
100,0,0,,,,,,,,,,,,,,,,,,
óﬂòaÇUîNìx â»ñ⁄ï ê¨ê—ï™ïzê}Åiñ{ééå±Åj,,,,,,,,,,,,,,,,,,,,
â»ñ⁄ñº,ñûì_,ç≈çÇì_,ç≈í·ì_,ïΩãœì_,ïWèÄïŒç∑,éÛå±é“êî,ìæì_ó¶,ÇTï™ílÇeÇP,ÇTï™ílÇeÇQ,ÇTï™ílÇeÇR,ÇTï™ílÇeÇS,ÇPíiäK,ÇQíiäK,ÇRíiäK,ÇSíiäK,ÇTíiäK,ÇUíiäK,ÇVíiäK,ÇWíiäK,ÇXíiäK
ê≠é°ÅEåoçœ,100,94,0,44.35,14.87,39482,0.4435,31,40,47,57,0Å`18,19Å`25,26Å`32,33Å`39,40Å`47,48Å`55,56Å`62,63Å`70,71Å`100
ì_êî,êlêî,î‰ó¶ÅiÅìÅj,,,,,,,,,,,,,,,,,,
ÇPíiäK,1362,3.449673,,,,,,,,,,,,,,,,,,
0,4,0.01,,,,,,,,,,,,,,,,,,
1,0,0,,,,,,,,,,,,,,,,,,
2,0,0,,,,,,,,,,,,,,,,,,
3,8,0.02,,,,,,,,,,,,,,,,,,
4,15,0.04,,,,,,,,,,,,,,,,,,
5,0,0,,,,,,,,,,,,,,,,,,
6,45,0.11,*,,,,,,,,,,,,,,,,,
7,18,0.05,,,,,,,,,,,,,,,,,,
8,3,0.01,,,,,,,,,,,,,,,,,,
9,65,0.16,*,,,,,,,,,,,,,,,,,
10,63,0.16,*,,,,,,,,,,,,,,,,,
11,38,0.1,*,,,,,,,,,,,,,,,,,
12,100,0.25,**,,,,,,,,,,,,,,,,,
13,159,0.4,**,,,,,,,,,,,,,,,,,
14,80,0.2,*,,,,,,,,,,,,,,,,,
15,137,0.35,**,,,,,,,,,,,,,,,,,
16,265,0.67,****,,,,,,,,,,,,,,,,,
17,192,0.49,***,,,,,,,,,,,,,,,,,
18,170,0.43,***,,,,,,,,,,,,,,,,,
ÇQíiäK,2783,7.048781,,,,,,,,,,,,,,,,,,
19,361,0.91,*****,,,,,,,,,,,,,,,,,
20,342,0.87,*****,,,,,,,,,,,,,,,,,
21,236,0.6,****,,,,,,,,,,,,,,,,,
22,439,1.11,*******,,,,,,,,,,,,,,,,,
23,513,1.3,********,,,,,,,,,,,,,,,,,
24,393,1,******,,,,,,,,,,,,,,,,,
25,499,1.26,********,,,,,,,,,,,,,,,,,
ÇRíiäK,4711,11.932019,,,,,,,,,,,,,,,,,,
26,645,1.63,**********,,,,,,,,,,,,,,,,,
27,518,1.31,********,,,,,,,,,,,,,,,,,
28,591,1.5,*********,,,,,,,,,,,,,,,,,
29,789,2,************,,,,,,,,,,,,,,,,,
30,740,1.87,***********,,,,,,,,,,,,,,,,,
31,614,1.56,*********,,,,,,,,,,,,,,,,,
32,814,2.06,************,,,,,,,,,,,,,,,,,
ÇSíiäK,6278,15.900916,,,,,,,,,,,,,,,,,,
33,939,2.38,**************,,,,,,,,,,,,,,,,,
34,795,2.01,************,,,,,,,,,,,,,,,,,
35,812,2.06,************,,,,,,,,,,,,,,,,,
36,989,2.5,***************,,,,,,,,,,,,,,,,,
37,903,2.29,**************,,,,,,,,,,,,,,,,,
38,838,2.12,*************,,,,,,,,,,,,,,,,,
39,1002,2.54,***************,,,,,,,,,,,,,,,,,
ÇTíiäK,8151,20.64485,,,,,,,,,,,,,,,,,,
40,1127,2.85,*****************,,,,,,,,,,,,,,,,,
41,890,2.25,**************,,,,,,,,,,,,,,,,,
42,927,2.35,**************,,,,,,,,,,,,,,,,,
43,1198,3.03,******************,,,,,,,,,,,,,,,,,
44,999,2.53,***************,,,,,,,,,,,,,,,,,
45,919,2.33,**************,,,,,,,,,,,,,,,,,
46,1071,2.71,****************,,,,,,,,,,,,,,,,,
47,1020,2.58,****************,,,,,,,,,,,,,,,,,
ÇUíiäK,6905,17.488982,,,,,,,,,,,,,,,,,,
48,826,2.09,*************,,,,,,,,,,,,,,,,,
49,968,2.45,***************,,,,,,,,,,,,,,,,,
50,1017,2.58,***************,,,,,,,,,,,,,,,,,
51,863,2.19,*************,,,,,,,,,,,,,,,,,
52,792,2.01,************,,,,,,,,,,,,,,,,,
53,933,2.36,**************,,,,,,,,,,,,,,,,,
54,868,2.2,*************,,,,,,,,,,,,,,,,,
55,638,1.62,**********,,,,,,,,,,,,,,,,,
ÇVíiäK,4493,11.379869,,,,,,,,,,,,,,,,,,
56,769,1.95,************,,,,,,,,,,,,,,,,,
57,827,2.09,*************,,,,,,,,,,,,,,,,,
58,613,1.55,*********,,,,,,,,,,,,,,,,,
59,578,1.46,*********,,,,,,,,,,,,,,,,,
60,741,1.88,***********,,,,,,,,,,,,,,,,,
61,561,1.42,*********,,,,,,,,,,,,,,,,,
62,404,1.02,******,,,,,,,,,,,,,,,,,
ÇWíiäK,3121,7.904868,,,,,,,,,,,,,,,,,,
63,590,1.49,*********,,,,,,,,,,,,,,,,,
64,523,1.32,********,,,,,,,,,,,,,,,,,
65,367,0.93,******,,,,,,,,,,,,,,,,,
66,373,0.94,******,,,,,,,,,,,,,,,,,
67,457,1.16,*******,,,,,,,,,,,,,,,,,
68,306,0.78,*****,,,,,,,,,,,,,,,,,
69,206,0.52,***,,,,,,,,,,,,,,,,,
70,299,0.76,*****,,,,,,,,,,,,,,,,,
ÇXíiäK,1678,4.250037,,,,,,,,,,,,,,,,,,
71,262,0.66,****,,,,,,,,,,,,,,,,,
72,159,0.4,**,,,,,,,,,,,,,,,,,
73,179,0.45,***,,,,,,,,,,,,,,,,,
74,225,0.57,***,,,,,,,,,,,,,,,,,
75,118,0.3,**,,,,,,,,,,,,,,,,,
76,100,0.25,**,,,,,,,,,,,,,,,,,
77,134,0.34,**,,,,,,,,,,,,,,,,,
78,83,0.21,*,,,,,,,,,,,,,,,,,
79,60,0.15,*,,,,,,,,,,,,,,,,,
80,77,0.2,*,,,,,,,,,,,,,,,,,
81,73,0.18,*,,,,,,,,,,,,,,,,,
82,30,0.08,,,,,,,,,,,,,,,,,,
83,31,0.08,,,,,,,,,,,,,,,,,,
84,57,0.14,*,,,,,,,,,,,,,,,,,
85,20,0.05,,,,,,,,,,,,,,,,,,
86,11,0.03,,,,,,,,,,,,,,,,,,
87,23,0.06,,,,,,,,,,,,,,,,,,
88,14,0.04,,,,,,,,,,,,,,,,,,
89,2,0.01,,,,,,,,,,,,,,,,,,
90,4,0.01,,,,,,,,,,,,,,,,,,
91,8,0.02,,,,,,,,,,,,,,,,,,
92,1,0,,,,,,,,,,,,,,,,,,
93,2,0.01,,,,,,,,,,,,,,,,,,
94,5,0.01,,,,,,,,,,,,,,,,,,
95,0,0,,,,,,,,,,,,,,,,,,
96,0,0,,,,,,,,,,,,,,,,,,
97,0,0,,,,,,,,,,,,,,,,,,
98,0,0,,,,,,,,,,,,,,,,,,
99,0,0,,,,,,,,,,,,,,,,,,
100,0,0,,,,,,,,,,,,,,,,,,
óﬂòaÇUîNìx â»ñ⁄ï ê¨ê—ï™ïzê}Åiñ{ééå±Åj,,,,,,,,,,,,,,,,,,,,
â»ñ⁄ñº,ñûì_,ç≈çÇì_,ç≈í·ì_,ïΩãœì_,ïWèÄïŒç∑,éÛå±é“êî,ìæì_ó¶,ÇTï™ílÇeÇP,ÇTï™ílÇeÇQ,ÇTï™ílÇeÇR,ÇTï™ílÇeÇS,ÇPíiäK,ÇQíiäK,ÇRíiäK,ÇSíiäK,ÇTíiäK,ÇUíiäK,ÇVíiäK,ÇWíiäK,ÇXíiäK
óœóùÅCê≠é°ÅEåoçœ,100,100,0,61.26,13.21,43839,0.6126,50,58,65,72,0Å`36,37Å`44,45Å`51,52Å`58,59Å`65,66Å`71,72Å`76,77Å`81,82Å`100
ì_êî,êlêî,î‰ó¶ÅiÅìÅj,,,,,,,,,,,,,,,,,,
ÇPíiäK,1685,3.843609,,,,,,,,,,,,,,,,,,
0,8,0.02,,,,,,,,,,,,,,,,,,
1,0,0,,,,,,,,,,,,,,,,,,
2,0,0,,,,,,,,,,,,,,,,,,
3,3,0.01,,,,,,,,,,,,,,,,,,
4,0,0,,,,,,,,,,,,,,,,,,
5,0,0,,,,,,,,,,,,,,,,,,
6,4,0.01,,,,,,,,,,,,,,,,,,
7,0,0,,,,,,,,,,,,,,,,,,
8,0,0,,,,,,,,,,,,,,,,,,
9,9,0.02,,,,,,,,,,,,,,,,,,
10,3,0.01,,,,,,,,,,,,,,,,,,
11,1,0,,,,,,,,,,,,,,,,,,
12,15,0.03,,,,,,,,,,,,,,,,,,
13,11,0.03,,,,,,,,,,,,,,,,,,
14,2,0,,,,,,,,,,,,,,,,,,
15,25,0.06,,,,,,,,,,,,,,,,,,
16,21,0.05,,,,,,,,,,,,,,,,,,
17,5,0.01,,,,,,,,,,,,,,,,,,
18,23,0.05,,,,,,,,,,,,,,,,,,
19,44,0.1,*,,,,,,,,,,,,,,,,,
20,12,0.03,,,,,,,,,,,,,,,,,,
21,34,0.08,,,,,,,,,,,,,,,,,,
22,68,0.16,*,,,,,,,,,,,,,,,,,
23,26,0.06,,,,,,,,,,,,,,,,,,
24,36,0.08,,,,,,,,,,,,,,,,,,
25,80,0.18,*,,,,,,,,,,,,,,,,,
26,45,0.1,*,,,,,,,,,,,,,,,,,
27,53,0.12,*,,,,,,,,,,,,,,,,,
28,114,0.26,**,,,,,,,,,,,,,,,,,
29,82,0.19,*,,,,,,,,,,,,,,,,,
30,56,0.13,*,,,,,,,,,,,,,,,,,
31,126,0.29,**,,,,,,,,,,,,,,,,,
32,178,0.41,**,,,,,,,,,,,,,,,,,
33,75,0.17,*,,,,,,,,,,,,,,,,,
34,167,0.38,**,,,,,,,,,,,,,,,,,
35,261,0.6,****,,,,,,,,,,,,,,,,,
36,98,0.22,*,,,,,,,,,,,,,,,,,
ÇQíiäK,2900,6.615114,,,,,,,,,,,,,,,,,,
37,205,0.47,***,,,,,,,,,,,,,,,,,
38,389,0.89,*****,,,,,,,,,,,,,,,,,
39,201,0.46,***,,,,,,,,,,,,,,,,,
40,237,0.54,***,,,,,,,,,,,,,,,,,
41,542,1.24,*******,,,,,,,,,,,,,,,,,
42,364,0.83,*****,,,,,,,,,,,,,,,,,
43,250,0.57,***,,,,,,,,,,,,,,,,,
44,712,1.62,**********,,,,,,,,,,,,,,,,,
ÇRíiäK,5313,12.119345,,,,,,,,,,,,,,,,,,
45,573,1.31,********,,,,,,,,,,,,,,,,,
46,310,0.71,****,,,,,,,,,,,,,,,,,
47,869,1.98,************,,,,,,,,,,,,,,,,,
48,916,2.09,*************,,,,,,,,,,,,,,,,,
49,431,0.98,******,,,,,,,,,,,,,,,,,
50,1006,2.29,**************,,,,,,,,,,,,,,,,,
51,1208,2.76,*****************,,,,,,,,,,,,,,,,,
ÇSíiäK,7480,17.062432,,,,,,,,,,,,,,,,,,
52,465,1.06,******,,,,,,,,,,,,,,,,,
53,1009,2.3,**************,,,,,,,,,,,,,,,,,
54,1588,3.62,**********************,,,,,,,,,,,,,,,,,
55,599,1.37,********,,,,,,,,,,,,,,,,,
56,1105,2.52,***************,,,,,,,,,,,,,,,,,
57,1905,4.35,**************************,,,,,,,,,,,,,,,,,
58,809,1.85,***********,,,,,,,,,,,,,,,,,
ÇTíiäK,8777,20.020985,,,,,,,,,,,,,,,,,,
59,989,2.26,**************,,,,,,,,,,,,,,,,,
60,2073,4.73,****************************,,,,,,,,,,,,,,,,,
61,985,2.25,*************,,,,,,,,,,,,,,,,,
62,850,1.94,************,,,,,,,,,,,,,,,,,
63,2045,4.66,****************************,,,,,,,,,,,,,,,,,
64,1138,2.6,****************,,,,,,,,,,,,,,,,,
65,697,1.59,**********,,,,,,,,,,,,,,,,,
ÇUíiäK,7333,16.727115,,,,,,,,,,,,,,,,,,
66,1935,4.41,**************************,,,,,,,,,,,,,,,,,
67,1364,3.11,*******************,,,,,,,,,,,,,,,,,
68,523,1.19,*******,,,,,,,,,,,,,,,,,
69,1792,4.09,*************************,,,,,,,,,,,,,,,,,
70,1394,3.18,*******************,,,,,,,,,,,,,,,,,
71,325,0.74,****,,,,,,,,,,,,,,,,,
ÇVíiäK,5437,12.402198,,,,,,,,,,,,,,,,,,
72,1442,3.29,********************,,,,,,,,,,,,,,,,,
73,1368,3.12,*******************,,,,,,,,,,,,,,,,,
74,194,0.44,***,,,,,,,,,,,,,,,,,
75,1134,2.59,****************,,,,,,,,,,,,,,,,,
76,1299,2.96,******************,,,,,,,,,,,,,,,,,
ÇWíiäK,2521,5.750587,,,,,,,,,,,,,,,,,,
77,108,0.25,*,,,,,,,,,,,,,,,,,
78,773,1.76,***********,,,,,,,,,,,,,,,,,
79,1086,2.48,***************,,,,,,,,,,,,,,,,,
80,65,0.15,*,,,,,,,,,,,,,,,,,
81,489,1.12,*******,,,,,,,,,,,,,,,,,
ÇXíiäK,2393,5.458609,,,,,,,,,,,,,,,,,,
82,829,1.89,***********,,,,,,,,,,,,,,,,,
83,29,0.07,,,,,,,,,,,,,,,,,,
84,250,0.57,***,,,,,,,,,,,,,,,,,
85,569,1.3,********,,,,,,,,,,,,,,,,,
86,3,0.01,,,,,,,,,,,,,,,,,,
87,105,0.24,*,,,,,,,,,,,,,,,,,
88,343,0.78,*****,,,,,,,,,,,,,,,,,
89,0,0,,,,,,,,,,,,,,,,,,
90,36,0.08,,,,,,,,,,,,,,,,,,
91,158,0.36,**,,,,,,,,,,,,,,,,,
92,0,0,,,,,,,,,,,,,,,,,,
93,4,0.01,,,,,,,,,,,,,,,,,,
94,48,0.11,*,,,,,,,,,,,,,,,,,
95,0,0,,,,,,,,,,,,,,,,,,
96,1,0,,,,,,,,,,,,,,,,,,
97,17,0.04,,,,,,,,,,,,,,,,,,
98,0,0,,,,,,,,,,,,,,,,,,
99,0,0,,,,,,,,,,,,,,,,,,
100,1,0,,,,,,,,,,,,,,,,,,
óﬂòaÇUîNìx ã≥â»ï ê¨ê—ï™ïzê}Åiñ{ééå±Åj,,,,,,,,,,,,,,,,,,,,
ã≥â»ñº,ñûì_,ç≈çÇì_,ç≈í·ì_,ïΩãœì_,ïWèÄïŒç∑,éÛå±é“êî,ìæì_ó¶,ÇTï™ílÇeÇP,ÇTï™ílÇeÇQ,ÇTï™ílÇeÇR,ÇTï™ílÇeÇS,,,,,,,,,
êîäwá@,100,100,0,51.12,20.78,344510,0.5112,31,45,57,69,,,,,,,,,
ì_êî,êlêî,î‰ó¶ÅiÅìÅj,,,,,,,,,,,,,,,,,,
0,253,0.07,,,,,,,,,,,,,,,,,,
1,7,0,,,,,,,,,,,,,,,,,,
2,267,0.08,,,,,,,,,,,,,,,,,,
3,111,0.03,,,,,,,,,,,,,,,,,,
4,503,0.15,*,,,,,,,,,,,,,,,,,
5,282,0.08,,,,,,,,,,,,,,,,,,
6,749,0.22,*,,,,,,,,,,,,,,,,,
7,544,0.16,*,,,,,,,,,,,,,,,,,
8,973,0.28,**,,,,,,,,,,,,,,,,,
9,963,0.28,**,,,,,,,,,,,,,,,,,
10,1203,0.35,**,,,,,,,,,,,,,,,,,
11,1373,0.4,**,,,,,,,,,,,,,,,,,
12,1426,0.41,**,,,,,,,,,,,,,,,,,
13,1818,0.53,***,,,,,,,,,,,,,,,,,
14,1688,0.49,***,,,,,,,,,,,,,,,,,
15,2132,0.62,****,,,,,,,,,,,,,,,,,
16,1942,0.56,***,,,,,,,,,,,,,,,,,
17,2491,0.72,****,,,,,,,,,,,,,,,,,
18,2303,0.67,****,,,,,,,,,,,,,,,,,
19,2730,0.79,*****,,,,,,,,,,,,,,,,,
20,2561,0.74,****,,,,,,,,,,,,,,,,,
21,3050,0.89,*****,,,,,,,,,,,,,,,,,
22,2859,0.83,*****,,,,,,,,,,,,,,,,,
23,3467,1.01,******,,,,,,,,,,,,,,,,,
24,3268,0.95,******,,,,,,,,,,,,,,,,,
25,3710,1.08,******,,,,,,,,,,,,,,,,,
26,3628,1.05,******,,,,,,,,,,,,,,,,,
27,3858,1.12,*******,,,,,,,,,,,,,,,,,
28,3925,1.14,*******,,,,,,,,,,,,,,,,,
29,4177,1.21,*******,,,,,,,,,,,,,,,,,
30,4291,1.25,*******,,,,,,,,,,,,,,,,,
31,4405,1.28,********,,,,,,,,,,,,,,,,,
32,4459,1.29,********,,,,,,,,,,,,,,,,,
33,4608,1.34,********,,,,,,,,,,,,,,,,,
34,4825,1.4,********,,,,,,,,,,,,,,,,,
35,4870,1.41,********,,,,,,,,,,,,,,,,,
36,5103,1.48,*********,,,,,,,,,,,,,,,,,
37,5105,1.48,*********,,,,,,,,,,,,,,,,,
38,5196,1.51,*********,,,,,,,,,,,,,,,,,
39,5130,1.49,*********,,,,,,,,,,,,,,,,,
40,5353,1.55,*********,,,,,,,,,,,,,,,,,
41,5175,1.5,*********,,,,,,,,,,,,,,,,,
42,5408,1.57,*********,,,,,,,,,,,,,,,,,
43,5498,1.6,**********,,,,,,,,,,,,,,,,,
44,5607,1.63,**********,,,,,,,,,,,,,,,,,
45,5548,1.61,**********,,,,,,,,,,,,,,,,,
46,5623,1.63,**********,,,,,,,,,,,,,,,,,
47,5648,1.64,**********,,,,,,,,,,,,,,,,,
48,5740,1.67,**********,,,,,,,,,,,,,,,,,
49,5779,1.68,**********,,,,,,,,,,,,,,,,,
50,5778,1.68,**********,,,,,,,,,,,,,,,,,
51,5774,1.68,**********,,,,,,,,,,,,,,,,,
52,5708,1.66,**********,,,,,,,,,,,,,,,,,
53,5794,1.68,**********,,,,,,,,,,,,,,,,,
54,5846,1.7,**********,,,,,,,,,,,,,,,,,
55,5875,1.71,**********,,,,,,,,,,,,,,,,,
56,5825,1.69,**********,,,,,,,,,,,,,,,,,
57,5921,1.72,**********,,,,,,,,,,,,,,,,,
58,5752,1.67,**********,,,,,,,,,,,,,,,,,
59,5854,1.7,**********,,,,,,,,,,,,,,,,,
60,5778,1.68,**********,,,,,,,,,,,,,,,,,
61,5914,1.72,**********,,,,,,,,,,,,,,,,,
62,5533,1.61,**********,,,,,,,,,,,,,,,,,
63,5700,1.65,**********,,,,,,,,,,,,,,,,,
64,5288,1.53,*********,,,,,,,,,,,,,,,,,
65,5441,1.58,*********,,,,,,,,,,,,,,,,,
66,5206,1.51,*********,,,,,,,,,,,,,,,,,
67,5351,1.55,*********,,,,,,,,,,,,,,,,,
68,5132,1.49,*********,,,,,,,,,,,,,,,,,
69,5120,1.49,*********,,,,,,,,,,,,,,,,,
70,4768,1.38,********,,,,,,,,,,,,,,,,,
71,4739,1.38,********,,,,,,,,,,,,,,,,,
72,4382,1.27,********,,,,,,,,,,,,,,,,,
73,4311,1.25,********,,,,,,,,,,,,,,,,,
74,3926,1.14,*******,,,,,,,,,,,,,,,,,
75,3918,1.14,*******,,,,,,,,,,,,,,,,,
76,3605,1.05,******,,,,,,,,,,,,,,,,,
77,3506,1.02,******,,,,,,,,,,,,,,,,,
78,3184,0.92,******,,,,,,,,,,,,,,,,,
79,3177,0.92,******,,,,,,,,,,,,,,,,,
80,2682,0.78,*****,,,,,,,,,,,,,,,,,
81,2679,0.78,*****,,,,,,,,,,,,,,,,,
82,2299,0.67,****,,,,,,,,,,,,,,,,,
83,2335,0.68,****,,,,,,,,,,,,,,,,,
84,1940,0.56,***,,,,,,,,,,,,,,,,,
85,1914,0.56,***,,,,,,,,,,,,,,,,,
86,1698,0.49,***,,,,,,,,,,,,,,,,,
87,1727,0.5,***,,,,,,,,,,,,,,,,,
88,1402,0.41,**,,,,,,,,,,,,,,,,,
89,1449,0.42,***,,,,,,,,,,,,,,,,,
90,1234,0.36,**,,,,,,,,,,,,,,,,,
91,1181,0.34,**,,,,,,,,,,,,,,,,,
92,1048,0.3,**,,,,,,,,,,,,,,,,,
93,1040,0.3,**,,,,,,,,,,,,,,,,,
94,1093,0.32,**,,,,,,,,,,,,,,,,,
95,697,0.2,*,,,,,,,,,,,,,,,,,
96,1051,0.31,**,,,,,,,,,,,,,,,,,
97,736,0.21,*,,,,,,,,,,,,,,,,,
98,990,0.29,**,,,,,,,,,,,,,,,,,
99,157,0.05,,,,,,,,,,,,,,,,,,
100,1420,0.41,**,,,,,,,,,,,,,,,,,
óﬂòaÇUîNìx â»ñ⁄ï ê¨ê—ï™ïzê}Åiñ{ééå±Åj,,,,,,,,,,,,,,,,,,,,
â»ñ⁄ñº,ñûì_,ç≈çÇì_,ç≈í·ì_,ïΩãœì_,ïWèÄïŒç∑,éÛå±é“êî,ìæì_ó¶,ÇTï™ílÇeÇP,ÇTï™ílÇeÇQ,ÇTï™ílÇeÇR,ÇTï™ílÇeÇS,ÇPíiäK,ÇQíiäK,ÇRíiäK,ÇSíiäK,ÇTíiäK,ÇUíiäK,ÇVíiäK,ÇWíiäK,ÇXíiäK
êîäwáT,100,94,0,34.62,16.69,5346,0.3462,19,28,37,49,0Å`8,9Å`13,14Å`20,21Å`28,29Å`37,38Å`46,47Å`56,57Å`65,66Å`100
ì_êî,êlêî,î‰ó¶ÅiÅìÅj,,,,,,,,,,,,,,,,,,
ÇPíiäK,181,3.385708,,,,,,,,,,,,,,,,,,
0,21,0.39,**,,,,,,,,,,,,,,,,,
1,6,0.11,*,,,,,,,,,,,,,,,,,
2,11,0.21,*,,,,,,,,,,,,,,,,,
3,13,0.24,*,,,,,,,,,,,,,,,,,
4,15,0.28,**,,,,,,,,,,,,,,,,,
5,21,0.39,**,,,,,,,,,,,,,,,,,
6,31,0.58,***,,,,,,,,,,,,,,,,,
7,21,0.39,**,,,,,,,,,,,,,,,,,
8,42,0.79,*****,,,,,,,,,,,,,,,,,
ÇQíiäK,349,6.528245,,,,,,,,,,,,,,,,,,
9,59,1.1,*******,,,,,,,,,,,,,,,,,
10,65,1.22,*******,,,,,,,,,,,,,,,,,
11,70,1.31,********,,,,,,,,,,,,,,,,,
12,77,1.44,*********,,,,,,,,,,,,,,,,,
13,78,1.46,*********,,,,,,,,,,,,,,,,,
ÇRíiäK,652,12.196034,,,,,,,,,,,,,,,,,,
14,78,1.46,*********,,,,,,,,,,,,,,,,,
15,82,1.53,*********,,,,,,,,,,,,,,,,,
16,101,1.89,***********,,,,,,,,,,,,,,,,,
17,87,1.63,**********,,,,,,,,,,,,,,,,,
18,101,1.89,***********,,,,,,,,,,,,,,,,,
19,91,1.7,**********,,,,,,,,,,,,,,,,,
20,112,2.1,*************,,,,,,,,,,,,,,,,,
ÇSíiäK,934,17.471006,,,,,,,,,,,,,,,,,,
21,105,1.96,************,,,,,,,,,,,,,,,,,
22,113,2.11,*************,,,,,,,,,,,,,,,,,
23,135,2.53,***************,,,,,,,,,,,,,,,,,
24,101,1.89,***********,,,,,,,,,,,,,,,,,
25,129,2.41,**************,,,,,,,,,,,,,,,,,
26,115,2.15,*************,,,,,,,,,,,,,,,,,
27,107,2,************,,,,,,,,,,,,,,,,,
28,129,2.41,**************,,,,,,,,,,,,,,,,,
ÇTíiäK,1041,19.472502,,,,,,,,,,,,,,,,,,
29,129,2.41,**************,,,,,,,,,,,,,,,,,
30,121,2.26,**************,,,,,,,,,,,,,,,,,
31,100,1.87,***********,,,,,,,,,,,,,,,,,
32,117,2.19,*************,,,,,,,,,,,,,,,,,
33,128,2.39,**************,,,,,,,,,,,,,,,,,
34,112,2.1,*************,,,,,,,,,,,,,,,,,
35,129,2.41,**************,,,,,,,,,,,,,,,,,
36,103,1.93,************,,,,,,,,,,,,,,,,,
37,102,1.91,***********,,,,,,,,,,,,,,,,,
ÇUíiäK,908,16.984661,,,,,,,,,,,,,,,,,,
38,109,2.04,************,,,,,,,,,,,,,,,,,
39,111,2.08,************,,,,,,,,,,,,,,,,,
40,106,1.98,************,,,,,,,,,,,,,,,,,
41,89,1.66,**********,,,,,,,,,,,,,,,,,
42,104,1.95,************,,,,,,,,,,,,,,,,,
43,107,2,************,,,,,,,,,,,,,,,,,
44,107,2,************,,,,,,,,,,,,,,,,,
45,91,1.7,**********,,,,,,,,,,,,,,,,,
46,84,1.57,*********,,,,,,,,,,,,,,,,,
ÇVíiäK,674,12.607557,,,,,,,,,,,,,,,,,,
47,71,1.33,********,,,,,,,,,,,,,,,,,
48,84,1.57,*********,,,,,,,,,,,,,,,,,
49,73,1.37,********,,,,,,,,,,,,,,,,,
50,76,1.42,*********,,,,,,,,,,,,,,,,,
51,62,1.16,*******,,,,,,,,,,,,,,,,,
52,74,1.38,********,,,,,,,,,,,,,,,,,
53,59,1.1,*******,,,,,,,,,,,,,,,,,
54,48,0.9,*****,,,,,,,,,,,,,,,,,
55,66,1.23,*******,,,,,,,,,,,,,,,,,
56,61,1.14,*******,,,,,,,,,,,,,,,,,
ÇWíiäK,360,6.734006,,,,,,,,,,,,,,,,,,
57,63,1.18,*******,,,,,,,,,,,,,,,,,
58,47,0.88,*****,,,,,,,,,,,,,,,,,
59,38,0.71,****,,,,,,,,,,,,,,,,,
60,40,0.75,****,,,,,,,,,,,,,,,,,
61,42,0.79,*****,,,,,,,,,,,,,,,,,
62,30,0.56,***,,,,,,,,,,,,,,,,,
63,34,0.64,****,,,,,,,,,,,,,,,,,
64,28,0.52,***,,,,,,,,,,,,,,,,,
65,38,0.71,****,,,,,,,,,,,,,,,,,
ÇXíiäK,247,4.620276,,,,,,,,,,,,,,,,,,
66,34,0.64,****,,,,,,,,,,,,,,,,,
67,23,0.43,***,,,,,,,,,,,,,,,,,
68,30,0.56,***,,,,,,,,,,,,,,,,,
69,31,0.58,***,,,,,,,,,,,,,,,,,
70,12,0.22,*,,,,,,,,,,,,,,,,,
71,15,0.28,**,,,,,,,,,,,,,,,,,
72,13,0.24,*,,,,,,,,,,,,,,,,,
73,22,0.41,**,,,,,,,,,,,,,,,,,
74,7,0.13,*,,,,,,,,,,,,,,,,,
75,14,0.26,**,,,,,,,,,,,,,,,,,
76,14,0.26,**,,,,,,,,,,,,,,,,,
77,10,0.19,*,,,,,,,,,,,,,,,,,
78,7,0.13,*,,,,,,,,,,,,,,,,,
79,5,0.09,*,,,,,,,,,,,,,,,,,
80,0,0,,,,,,,,,,,,,,,,,,
81,2,0.04,,,,,,,,,,,,,,,,,,
82,4,0.07,,,,,,,,,,,,,,,,,,
83,1,0.02,,,,,,,,,,,,,,,,,,
84,0,0,,,,,,,,,,,,,,,,,,
85,1,0.02,,,,,,,,,,,,,,,,,,
86,0,0,,,,,,,,,,,,,,,,,,
87,0,0,,,,,,,,,,,,,,,,,,
88,1,0.02,,,,,,,,,,,,,,,,,,
89,0,0,,,,,,,,,,,,,,,,,,
90,0,0,,,,,,,,,,,,,,,,,,
91,0,0,,,,,,,,,,,,,,,,,,
92,0,0,,,,,,,,,,,,,,,,,,
93,0,0,,,,,,,,,,,,,,,,,,
94,1,0.02,,,,,,,,,,,,,,,,,,
95,0,0,,,,,,,,,,,,,,,,,,
96,0,0,,,,,,,,,,,,,,,,,,
97,0,0,,,,,,,,,,,,,,,,,,
98,0,0,,,,,,,,,,,,,,,,,,
99,0,0,,,,,,,,,,,,,,,,,,
100,0,0,,,,,,,,,,,,,,,,,,
óﬂòaÇUîNìx â»ñ⁄ï ê¨ê—ï™ïzê}Åiñ{ééå±Åj,,,,,,,,,,,,,,,,,,,,
â»ñ⁄ñº,ñûì_,ç≈çÇì_,ç≈í·ì_,ïΩãœì_,ïWèÄïŒç∑,éÛå±é“êî,ìæì_ó¶,ÇTï™ílÇeÇP,ÇTï™ílÇeÇQ,ÇTï™ílÇeÇR,ÇTï™ílÇeÇS,ÇPíiäK,ÇQíiäK,ÇRíiäK,ÇSíiäK,ÇTíiäK,ÇUíiäK,ÇVíiäK,ÇWíiäK,ÇXíiäK
êîäwáTÅEêîäwÇ`,100,100,0,51.38,20.73,339152,0.5138,32,45,57,69,0Å`14,15Å`24,25Å`34,35Å`45,46Å`57,58Å`67,68Å`76,77Å`86,87Å`100
ì_êî,êlêî,î‰ó¶ÅiÅìÅj,,,,,,,,,,,,,,,,,,
ÇPíiäK,11540,3.402604,,,,,,,,,,,,,,,,,,
0,220,0.06,,,,,,,,,,,,,,,,,,
1,1,0,,,,,,,,,,,,,,,,,,
2,256,0.08,,,,,,,,,,,,,,,,,,
3,98,0.03,,,,,,,,,,,,,,,,,,
4,488,0.14,*,,,,,,,,,,,,,,,,,
5,261,0.08,,,,,,,,,,,,,,,,,,
6,718,0.21,*,,,,,,,,,,,,,,,,,
7,523,0.15,*,,,,,,,,,,,,,,,,,
8,931,0.27,**,,,,,,,,,,,,,,,,,
9,904,0.27,**,,,,,,,,,,,,,,,,,
10,1138,0.34,**,,,,,,,,,,,,,,,,,
11,1303,0.38,**,,,,,,,,,,,,,,,,,
12,1349,0.4,**,,,,,,,,,,,,,,,,,
13,1740,0.51,***,,,,,,,,,,,,,,,,,
14,1610,0.47,***,,,,,,,,,,,,,,,,,
ÇQíiäK,25775,7.599837,,,,,,,,,,,,,,,,,,
15,2050,0.6,****,,,,,,,,,,,,,,,,,
16,1841,0.54,***,,,,,,,,,,,,,,,,,
17,2404,0.71,****,,,,,,,,,,,,,,,,,
18,2202,0.65,****,,,,,,,,,,,,,,,,,
19,2639,0.78,*****,,,,,,,,,,,,,,,,,
20,2449,0.72,****,,,,,,,,,,,,,,,,,
21,2945,0.87,*****,,,,,,,,,,,,,,,,,
22,2746,0.81,*****,,,,,,,,,,,,,,,,,
23,3332,0.98,******,,,,,,,,,,,,,,,,,
24,3167,0.93,******,,,,,,,,,,,,,,,,,
ÇRíiäK,40699,12.000224,,,,,,,,,,,,,,,,,,
25,3581,1.06,******,,,,,,,,,,,,,,,,,
26,3513,1.04,******,,,,,,,,,,,,,,,,,
27,3751,1.11,*******,,,,,,,,,,,,,,,,,
28,3796,1.12,*******,,,,,,,,,,,,,,,,,
29,4048,1.19,*******,,,,,,,,,,,,,,,,,
30,4170,1.23,*******,,,,,,,,,,,,,,,,,
31,4305,1.27,********,,,,,,,,,,,,,,,,,
32,4342,1.28,********,,,,,,,,,,,,,,,,,
33,4480,1.32,********,,,,,,,,,,,,,,,,,
34,4713,1.39,********,,,,,,,,,,,,,,,,,
ÇSíiäK,56835,16.757972,,,,,,,,,,,,,,,,,,
35,4741,1.4,********,,,,,,,,,,,,,,,,,
36,5000,1.47,*********,,,,,,,,,,,,,,,,,
37,5003,1.48,*********,,,,,,,,,,,,,,,,,
38,5087,1.5,*********,,,,,,,,,,,,,,,,,
39,5019,1.48,*********,,,,,,,,,,,,,,,,,
40,5247,1.55,*********,,,,,,,,,,,,,,,,,
41,5086,1.5,*********,,,,,,,,,,,,,,,,,
42,5304,1.56,*********,,,,,,,,,,,,,,,,,
43,5391,1.59,**********,,,,,,,,,,,,,,,,,
44,5500,1.62,**********,,,,,,,,,,,,,,,,,
45,5457,1.61,**********,,,,,,,,,,,,,,,,,
ÇTíiäK,68490,20.194485,,,,,,,,,,,,,,,,,,
46,5539,1.63,**********,,,,,,,,,,,,,,,,,
47,5577,1.64,**********,,,,,,,,,,,,,,,,,
48,5656,1.67,**********,,,,,,,,,,,,,,,,,
49,5706,1.68,**********,,,,,,,,,,,,,,,,,
50,5702,1.68,**********,,,,,,,,,,,,,,,,,
51,5712,1.68,**********,,,,,,,,,,,,,,,,,
52,5634,1.66,**********,,,,,,,,,,,,,,,,,
53,5735,1.69,**********,,,,,,,,,,,,,,,,,
54,5798,1.71,**********,,,,,,,,,,,,,,,,,
55,5809,1.71,**********,,,,,,,,,,,,,,,,,
56,5764,1.7,**********,,,,,,,,,,,,,,,,,
57,5858,1.73,**********,,,,,,,,,,,,,,,,,
ÇUíiäK,55463,16.353434,,,,,,,,,,,,,,,,,,
58,5705,1.68,**********,,,,,,,,,,,,,,,,,
59,5816,1.71,**********,,,,,,,,,,,,,,,,,
60,5738,1.69,**********,,,,,,,,,,,,,,,,,
61,5872,1.73,**********,,,,,,,,,,,,,,,,,
62,5503,1.62,**********,,,,,,,,,,,,,,,,,
63,5666,1.67,**********,,,,,,,,,,,,,,,,,
64,5260,1.55,*********,,,,,,,,,,,,,,,,,
65,5403,1.59,**********,,,,,,,,,,,,,,,,,
66,5172,1.52,*********,,,,,,,,,,,,,,,,,
67,5328,1.57,*********,,,,,,,,,,,,,,,,,
ÇVíiäK,39743,11.718344,,,,,,,,,,,,,,,,,,
68,5102,1.5,*********,,,,,,,,,,,,,,,,,
69,5089,1.5,*********,,,,,,,,,,,,,,,,,
70,4756,1.4,********,,,,,,,,,,,,,,,,,
71,4724,1.39,********,,,,,,,,,,,,,,,,,
72,4369,1.29,********,,,,,,,,,,,,,,,,,
73,4289,1.26,********,,,,,,,,,,,,,,,,,
74,3919,1.16,*******,,,,,,,,,,,,,,,,,
75,3904,1.15,*******,,,,,,,,,,,,,,,,,
76,3591,1.06,******,,,,,,,,,,,,,,,,,
ÇWíiäK,25384,7.484549,,,,,,,,,,,,,,,,,,
77,3496,1.03,******,,,,,,,,,,,,,,,,,
78,3177,0.94,******,,,,,,,,,,,,,,,,,
79,3172,0.94,******,,,,,,,,,,,,,,,,,
80,2682,0.79,*****,,,,,,,,,,,,,,,,,
81,2677,0.79,*****,,,,,,,,,,,,,,,,,
82,2295,0.68,****,,,,,,,,,,,,,,,,,
83,2334,0.69,****,,,,,,,,,,,,,,,,,
84,1940,0.57,***,,,,,,,,,,,,,,,,,
85,1913,0.56,***,,,,,,,,,,,,,,,,,
86,1698,0.5,***,,,,,,,,,,,,,,,,,
ÇXíiäK,15223,4.488547,,,,,,,,,,,,,,,,,,
87,1727,0.51,***,,,,,,,,,,,,,,,,,
88,1401,0.41,**,,,,,,,,,,,,,,,,,
89,1449,0.43,***,,,,,,,,,,,,,,,,,
90,1234,0.36,**,,,,,,,,,,,,,,,,,
91,1181,0.35,**,,,,,,,,,,,,,,,,,
92,1048,0.31,**,,,,,,,,,,,,,,,,,
93,1040,0.31,**,,,,,,,,,,,,,,,,,
94,1092,0.32,**,,,,,,,,,,,,,,,,,
95,697,0.21,*,,,,,,,,,,,,,,,,,
96,1051,0.31,**,,,,,,,,,,,,,,,,,
97,736,0.22,*,,,,,,,,,,,,,,,,,
98,990,0.29,**,,,,,,,,,,,,,,,,,
99,157,0.05,,,,,,,,,,,,,,,,,,
100,1420,0.42,***,,,,,,,,,,,,,,,,,
óﬂòaÇUîNìx ã≥â»ï ê¨ê—ï™ïzê}Åiñ{ééå±Åj,,,,,,,,,,,,,,,,,,,,
ã≥â»ñº,ñûì_,ç≈çÇì_,ç≈í·ì_,ïΩãœì_,ïWèÄïŒç∑,éÛå±é“êî,ìæì_ó¶,ÇTï™ílÇeÇP,ÇTï™ílÇeÇQ,ÇTï™ílÇeÇR,ÇTï™ílÇeÇS,,,,,,,,,
êîäwáA,100,100,0,57.4,20.79,318460,0.574,38,51,64,76,,,,,,,,,
ì_êî,êlêî,î‰ó¶ÅiÅìÅj,,,,,,,,,,,,,,,,,,
0,83,0.03,,,,,,,,,,,,,,,,,,
1,45,0.01,,,,,,,,,,,,,,,,,,
2,61,0.02,,,,,,,,,,,,,,,,,,
3,109,0.03,,,,,,,,,,,,,,,,,,
4,151,0.05,,,,,,,,,,,,,,,,,,
5,189,0.06,,,,,,,,,,,,,,,,,,
6,292,0.09,*,,,,,,,,,,,,,,,,,
7,343,0.11,*,,,,,,,,,,,,,,,,,
8,429,0.13,*,,,,,,,,,,,,,,,,,
9,552,0.17,*,,,,,,,,,,,,,,,,,
10,658,0.21,*,,,,,,,,,,,,,,,,,
11,774,0.24,*,,,,,,,,,,,,,,,,,
12,860,0.27,**,,,,,,,,,,,,,,,,,
13,879,0.28,**,,,,,,,,,,,,,,,,,
14,968,0.3,**,,,,,,,,,,,,,,,,,
15,1058,0.33,**,,,,,,,,,,,,,,,,,
16,1130,0.35,**,,,,,,,,,,,,,,,,,
17,1200,0.38,**,,,,,,,,,,,,,,,,,
18,1222,0.38,**,,,,,,,,,,,,,,,,,
19,1379,0.43,***,,,,,,,,,,,,,,,,,
20,1441,0.45,***,,,,,,,,,,,,,,,,,
21,1492,0.47,***,,,,,,,,,,,,,,,,,
22,1619,0.51,***,,,,,,,,,,,,,,,,,
23,1671,0.52,***,,,,,,,,,,,,,,,,,
24,1946,0.61,****,,,,,,,,,,,,,,,,,
25,1979,0.62,****,,,,,,,,,,,,,,,,,
26,2139,0.67,****,,,,,,,,,,,,,,,,,
27,2295,0.72,****,,,,,,,,,,,,,,,,,
28,2488,0.78,*****,,,,,,,,,,,,,,,,,
29,2644,0.83,*****,,,,,,,,,,,,,,,,,
30,2724,0.86,*****,,,,,,,,,,,,,,,,,
31,2951,0.93,******,,,,,,,,,,,,,,,,,
32,3114,0.98,******,,,,,,,,,,,,,,,,,
33,3321,1.04,******,,,,,,,,,,,,,,,,,
34,3506,1.1,*******,,,,,,,,,,,,,,,,,
35,3650,1.15,*******,,,,,,,,,,,,,,,,,
36,3892,1.22,*******,,,,,,,,,,,,,,,,,
37,4017,1.26,********,,,,,,,,,,,,,,,,,
38,4214,1.32,********,,,,,,,,,,,,,,,,,
39,4417,1.39,********,,,,,,,,,,,,,,,,,
40,4457,1.4,********,,,,,,,,,,,,,,,,,
41,4487,1.41,********,,,,,,,,,,,,,,,,,
42,4643,1.46,*********,,,,,,,,,,,,,,,,,
43,4765,1.5,*********,,,,,,,,,,,,,,,,,
44,4801,1.51,*********,,,,,,,,,,,,,,,,,
45,4838,1.52,*********,,,,,,,,,,,,,,,,,
46,4944,1.55,*********,,,,,,,,,,,,,,,,,
47,4925,1.55,*********,,,,,,,,,,,,,,,,,
48,4918,1.54,*********,,,,,,,,,,,,,,,,,
49,5053,1.59,**********,,,,,,,,,,,,,,,,,
50,5018,1.58,*********,,,,,,,,,,,,,,,,,
51,4933,1.55,*********,,,,,,,,,,,,,,,,,
52,4951,1.55,*********,,,,,,,,,,,,,,,,,
53,5181,1.63,**********,,,,,,,,,,,,,,,,,
54,5002,1.57,*********,,,,,,,,,,,,,,,,,
55,4999,1.57,*********,,,,,,,,,,,,,,,,,
56,5061,1.59,**********,,,,,,,,,,,,,,,,,
57,5099,1.6,**********,,,,,,,,,,,,,,,,,
58,5113,1.61,**********,,,,,,,,,,,,,,,,,
59,4941,1.55,*********,,,,,,,,,,,,,,,,,
60,5129,1.61,**********,,,,,,,,,,,,,,,,,
61,5139,1.61,**********,,,,,,,,,,,,,,,,,
62,5246,1.65,**********,,,,,,,,,,,,,,,,,
63,5179,1.63,**********,,,,,,,,,,,,,,,,,
64,5232,1.64,**********,,,,,,,,,,,,,,,,,
65,5114,1.61,**********,,,,,,,,,,,,,,,,,
66,5245,1.65,**********,,,,,,,,,,,,,,,,,
67,5420,1.7,**********,,,,,,,,,,,,,,,,,
68,5256,1.65,**********,,,,,,,,,,,,,,,,,
69,5146,1.62,**********,,,,,,,,,,,,,,,,,
70,5197,1.63,**********,,,,,,,,,,,,,,,,,
71,5058,1.59,**********,,,,,,,,,,,,,,,,,
72,5179,1.63,**********,,,,,,,,,,,,,,,,,
73,5156,1.62,**********,,,,,,,,,,,,,,,,,
74,4756,1.49,*********,,,,,,,,,,,,,,,,,
75,4839,1.52,*********,,,,,,,,,,,,,,,,,
76,4934,1.55,*********,,,,,,,,,,,,,,,,,
77,4609,1.45,*********,,,,,,,,,,,,,,,,,
78,4674,1.47,*********,,,,,,,,,,,,,,,,,
79,4528,1.42,*********,,,,,,,,,,,,,,,,,
80,4312,1.35,********,,,,,,,,,,,,,,,,,
81,4082,1.28,********,,,,,,,,,,,,,,,,,
82,3987,1.25,********,,,,,,,,,,,,,,,,,
83,3777,1.19,*******,,,,,,,,,,,,,,,,,
84,3590,1.13,*******,,,,,,,,,,,,,,,,,
85,3360,1.06,******,,,,,,,,,,,,,,,,,
86,3032,0.95,******,,,,,,,,,,,,,,,,,
87,3023,0.95,******,,,,,,,,,,,,,,,,,
88,2699,0.85,*****,,,,,,,,,,,,,,,,,
89,2461,0.77,*****,,,,,,,,,,,,,,,,,
90,2427,0.76,*****,,,,,,,,,,,,,,,,,
91,2237,0.7,****,,,,,,,,,,,,,,,,,
92,1795,0.56,***,,,,,,,,,,,,,,,,,
93,1854,0.58,***,,,,,,,,,,,,,,,,,
94,1699,0.53,***,,,,,,,,,,,,,,,,,
95,1025,0.32,**,,,,,,,,,,,,,,,,,
96,1675,0.53,***,,,,,,,,,,,,,,,,,
97,1204,0.38,**,,,,,,,,,,,,,,,,,
98,819,0.26,**,,,,,,,,,,,,,,,,,
99,173,0.05,,,,,,,,,,,,,,,,,,
100,2162,0.68,****,,,,,,,,,,,,,,,,,
óﬂòaÇUîNìx â»ñ⁄ï ê¨ê—ï™ïzê}Åiñ{ééå±Åj,,,,,,,,,,,,,,,,,,,,
â»ñ⁄ñº,ñûì_,ç≈çÇì_,ç≈í·ì_,ïΩãœì_,ïWèÄïŒç∑,éÛå±é“êî,ìæì_ó¶,ÇTï™ílÇeÇP,ÇTï™ílÇeÇQ,ÇTï™ílÇeÇR,ÇTï™ílÇeÇS,ÇPíiäK,ÇQíiäK,ÇRíiäK,ÇSíiäK,ÇTíiäK,ÇUíiäK,ÇVíiäK,ÇWíiäK,ÇXíiäK
êîäwáU,100,92,0,35.43,17.42,4499,0.3543,18,30,40,50,0Å`7,8Å`12,13Å`19,20Å`29,30Å`39,40Å`48,49Å`56,57Å`65,66Å`100
ì_êî,êlêî,î‰ó¶ÅiÅìÅj,,,,,,,,,,,,,,,,,,
ÇPíiäK,149,3.311847,,,,,,,,,,,,,,,,,,
0,4,0.09,*,,,,,,,,,,,,,,,,,
1,2,0.04,,,,,,,,,,,,,,,,,,
2,4,0.09,*,,,,,,,,,,,,,,,,,
3,16,0.36,**,,,,,,,,,,,,,,,,,
4,21,0.47,***,,,,,,,,,,,,,,,,,
5,26,0.58,***,,,,,,,,,,,,,,,,,
6,40,0.89,*****,,,,,,,,,,,,,,,,,
7,36,0.8,*****,,,,,,,,,,,,,,,,,
ÇQíiäK,337,7.490553,,,,,,,,,,,,,,,,,,
8,40,0.89,*****,,,,,,,,,,,,,,,,,
9,61,1.36,********,,,,,,,,,,,,,,,,,
10,85,1.89,***********,,,,,,,,,,,,,,,,,
11,85,1.89,***********,,,,,,,,,,,,,,,,,
12,66,1.47,*********,,,,,,,,,,,,,,,,,
ÇRíiäK,518,11.513669,,,,,,,,,,,,,,,,,,
13,69,1.53,*********,,,,,,,,,,,,,,,,,
14,72,1.6,**********,,,,,,,,,,,,,,,,,
15,78,1.73,**********,,,,,,,,,,,,,,,,,
16,77,1.71,**********,,,,,,,,,,,,,,,,,
17,73,1.62,**********,,,,,,,,,,,,,,,,,
18,67,1.49,*********,,,,,,,,,,,,,,,,,
19,82,1.82,***********,,,,,,,,,,,,,,,,,
ÇSíiäK,744,16.537008,,,,,,,,,,,,,,,,,,
20,86,1.91,***********,,,,,,,,,,,,,,,,,
21,69,1.53,*********,,,,,,,,,,,,,,,,,
22,69,1.53,*********,,,,,,,,,,,,,,,,,
23,68,1.51,*********,,,,,,,,,,,,,,,,,
24,78,1.73,**********,,,,,,,,,,,,,,,,,
25,80,1.78,***********,,,,,,,,,,,,,,,,,
26,65,1.44,*********,,,,,,,,,,,,,,,,,
27,66,1.47,*********,,,,,,,,,,,,,,,,,
28,86,1.91,***********,,,,,,,,,,,,,,,,,
29,77,1.71,**********,,,,,,,,,,,,,,,,,
ÇTíiäK,866,19.248721,,,,,,,,,,,,,,,,,,
30,76,1.69,**********,,,,,,,,,,,,,,,,,
31,84,1.87,***********,,,,,,,,,,,,,,,,,
32,88,1.96,************,,,,,,,,,,,,,,,,,
33,80,1.78,***********,,,,,,,,,,,,,,,,,
34,89,1.98,************,,,,,,,,,,,,,,,,,
35,89,1.98,************,,,,,,,,,,,,,,,,,
36,84,1.87,***********,,,,,,,,,,,,,,,,,
37,98,2.18,*************,,,,,,,,,,,,,,,,,
38,78,1.73,**********,,,,,,,,,,,,,,,,,
39,100,2.22,*************,,,,,,,,,,,,,,,,,
ÇUíiäK,808,17.959546,,,,,,,,,,,,,,,,,,
40,88,1.96,************,,,,,,,,,,,,,,,,,
41,94,2.09,*************,,,,,,,,,,,,,,,,,
42,92,2.04,************,,,,,,,,,,,,,,,,,
43,87,1.93,************,,,,,,,,,,,,,,,,,
44,84,1.87,***********,,,,,,,,,,,,,,,,,
45,101,2.24,*************,,,,,,,,,,,,,,,,,
46,101,2.24,*************,,,,,,,,,,,,,,,,,
47,80,1.78,***********,,,,,,,,,,,,,,,,,
48,81,1.8,***********,,,,,,,,,,,,,,,,,
ÇVíiäK,531,11.802622,,,,,,,,,,,,,,,,,,
49,75,1.67,**********,,,,,,,,,,,,,,,,,
50,79,1.76,***********,,,,,,,,,,,,,,,,,
51,61,1.36,********,,,,,,,,,,,,,,,,,
52,72,1.6,**********,,,,,,,,,,,,,,,,,
53,59,1.31,********,,,,,,,,,,,,,,,,,
54,69,1.53,*********,,,,,,,,,,,,,,,,,
55,61,1.36,********,,,,,,,,,,,,,,,,,
56,55,1.22,*******,,,,,,,,,,,,,,,,,
ÇWíiäK,342,7.601689,,,,,,,,,,,,,,,,,,
57,55,1.22,*******,,,,,,,,,,,,,,,,,
58,50,1.11,*******,,,,,,,,,,,,,,,,,
59,39,0.87,*****,,,,,,,,,,,,,,,,,
60,32,0.71,****,,,,,,,,,,,,,,,,,
61,39,0.87,*****,,,,,,,,,,,,,,,,,
62,28,0.62,****,,,,,,,,,,,,,,,,,
63,38,0.84,*****,,,,,,,,,,,,,,,,,
64,35,0.78,*****,,,,,,,,,,,,,,,,,
65,26,0.58,***,,,,,,,,,,,,,,,,,
ÇXíiäK,204,4.53434,,,,,,,,,,,,,,,,,,
66,28,0.62,****,,,,,,,,,,,,,,,,,
67,27,0.6,****,,,,,,,,,,,,,,,,,
68,21,0.47,***,,,,,,,,,,,,,,,,,
69,16,0.36,**,,,,,,,,,,,,,,,,,
70,9,0.2,*,,,,,,,,,,,,,,,,,
71,20,0.44,***,,,,,,,,,,,,,,,,,
72,11,0.24,*,,,,,,,,,,,,,,,,,
73,6,0.13,*,,,,,,,,,,,,,,,,,
74,12,0.27,**,,,,,,,,,,,,,,,,,
75,11,0.24,*,,,,,,,,,,,,,,,,,
76,5,0.11,*,,,,,,,,,,,,,,,,,
77,3,0.07,,,,,,,,,,,,,,,,,,
78,3,0.07,,,,,,,,,,,,,,,,,,
79,7,0.16,*,,,,,,,,,,,,,,,,,
80,2,0.04,,,,,,,,,,,,,,,,,,
81,7,0.16,*,,,,,,,,,,,,,,,,,
82,4,0.09,*,,,,,,,,,,,,,,,,,
83,1,0.02,,,,,,,,,,,,,,,,,,
84,4,0.09,*,,,,,,,,,,,,,,,,,
85,0,0,,,,,,,,,,,,,,,,,,
86,2,0.04,,,,,,,,,,,,,,,,,,
87,0,0,,,,,,,,,,,,,,,,,,
88,1,0.02,,,,,,,,,,,,,,,,,,
89,1,0.02,,,,,,,,,,,,,,,,,,
90,1,0.02,,,,,,,,,,,,,,,,,,
91,1,0.02,,,,,,,,,,,,,,,,,,
92,1,0.02,,,,,,,,,,,,,,,,,,
93,0,0,,,,,,,,,,,,,,,,,,
94,0,0,,,,,,,,,,,,,,,,,,
95,0,0,,,,,,,,,,,,,,,,,,
96,0,0,,,,,,,,,,,,,,,,,,
97,0,0,,,,,,,,,,,,,,,,,,
98,0,0,,,,,,,,,,,,,,,,,,
99,0,0,,,,,,,,,,,,,,,,,,
100,0,0,,,,,,,,,,,,,,,,,,
óﬂòaÇUîNìx â»ñ⁄ï ê¨ê—ï™ïzê}Åiñ{ééå±Åj,,,,,,,,,,,,,,,,,,,,
â»ñ⁄ñº,ñûì_,ç≈çÇì_,ç≈í·ì_,ïΩãœì_,ïWèÄïŒç∑,éÛå±é“êî,ìæì_ó¶,ÇTï™ílÇeÇP,ÇTï™ílÇeÇQ,ÇTï™ílÇeÇR,ÇTï™ílÇeÇS,ÇPíiäK,ÇQíiäK,ÇRíiäK,ÇSíiäK,ÇTíiäK,ÇUíiäK,ÇVíiäK,ÇWíiäK,ÇXíiäK
êîäwáUÅEêîäwÇa,100,100,0,57.74,20.67,312255,0.5774,38,52,64,77,0Å`19,20Å`30,31Å`40,41Å`51,52Å`64,65Å`74,75Å`83,84Å`90,91Å`100
ì_êî,êlêî,î‰ó¶ÅiÅìÅj,,,,,,,,,,,,,,,,,,
ÇPíiäK,11324,3.626523,,,,,,,,,,,,,,,,,,
0,77,0.02,,,,,,,,,,,,,,,,,,
1,43,0.01,,,,,,,,,,,,,,,,,,
2,57,0.02,,,,,,,,,,,,,,,,,,
3,93,0.03,,,,,,,,,,,,,,,,,,
4,129,0.04,,,,,,,,,,,,,,,,,,
5,163,0.05,,,,,,,,,,,,,,,,,,
6,252,0.08,,,,,,,,,,,,,,,,,,
7,307,0.1,*,,,,,,,,,,,,,,,,,
8,387,0.12,*,,,,,,,,,,,,,,,,,
9,490,0.16,*,,,,,,,,,,,,,,,,,
10,568,0.18,*,,,,,,,,,,,,,,,,,
11,689,0.22,*,,,,,,,,,,,,,,,,,
12,790,0.25,**,,,,,,,,,,,,,,,,,
13,810,0.26,**,,,,,,,,,,,,,,,,,
14,891,0.29,**,,,,,,,,,,,,,,,,,
15,979,0.31,**,,,,,,,,,,,,,,,,,
16,1039,0.33,**,,,,,,,,,,,,,,,,,
17,1126,0.36,**,,,,,,,,,,,,,,,,,
18,1142,0.37,**,,,,,,,,,,,,,,,,,
19,1292,0.41,**,,,,,,,,,,,,,,,,,
ÇQíiäK,21426,6.861699,,,,,,,,,,,,,,,,,,
20,1346,0.43,***,,,,,,,,,,,,,,,,,
21,1419,0.45,***,,,,,,,,,,,,,,,,,
22,1535,0.49,***,,,,,,,,,,,,,,,,,
23,1596,0.51,***,,,,,,,,,,,,,,,,,
24,1844,0.59,****,,,,,,,,,,,,,,,,,
25,1897,0.61,****,,,,,,,,,,,,,,,,,
26,2035,0.65,****,,,,,,,,,,,,,,,,,
27,2216,0.71,****,,,,,,,,,,,,,,,,,
28,2362,0.76,*****,,,,,,,,,,,,,,,,,
29,2556,0.82,*****,,,,,,,,,,,,,,,,,
30,2620,0.84,*****,,,,,,,,,,,,,,,,,
ÇRíiäK,36395,11.655537,,,,,,,,,,,,,,,,,,
31,2856,0.91,*****,,,,,,,,,,,,,,,,,
32,2993,0.96,******,,,,,,,,,,,,,,,,,
33,3233,1.04,******,,,,,,,,,,,,,,,,,
34,3375,1.08,******,,,,,,,,,,,,,,,,,
35,3552,1.14,*******,,,,,,,,,,,,,,,,,
36,3774,1.21,*******,,,,,,,,,,,,,,,,,
37,3907,1.25,********,,,,,,,,,,,,,,,,,
38,4090,1.31,********,,,,,,,,,,,,,,,,,
39,4298,1.38,********,,,,,,,,,,,,,,,,,
40,4317,1.38,********,,,,,,,,,,,,,,,,,
ÇSíiäK,52077,16.677715,,,,,,,,,,,,,,,,,,
41,4382,1.4,********,,,,,,,,,,,,,,,,,
42,4519,1.45,*********,,,,,,,,,,,,,,,,,
43,4658,1.49,*********,,,,,,,,,,,,,,,,,
44,4675,1.5,*********,,,,,,,,,,,,,,,,,
45,4719,1.51,*********,,,,,,,,,,,,,,,,,
46,4804,1.54,*********,,,,,,,,,,,,,,,,,
47,4824,1.54,*********,,,,,,,,,,,,,,,,,
48,4778,1.53,*********,,,,,,,,,,,,,,,,,
49,4955,1.59,**********,,,,,,,,,,,,,,,,,
50,4903,1.57,*********,,,,,,,,,,,,,,,,,
51,4860,1.56,*********,,,,,,,,,,,,,,,,,
ÇTíiäK,65268,20.902147,,,,,,,,,,,,,,,,,,
52,4842,1.55,*********,,,,,,,,,,,,,,,,,
53,5105,1.63,**********,,,,,,,,,,,,,,,,,
54,4893,1.57,*********,,,,,,,,,,,,,,,,,
55,4923,1.58,*********,,,,,,,,,,,,,,,,,
56,4961,1.59,**********,,,,,,,,,,,,,,,,,
57,5036,1.61,**********,,,,,,,,,,,,,,,,,
58,5026,1.61,**********,,,,,,,,,,,,,,,,,
59,4886,1.56,*********,,,,,,,,,,,,,,,,,
60,5060,1.62,**********,,,,,,,,,,,,,,,,,
61,5087,1.63,**********,,,,,,,,,,,,,,,,,
62,5163,1.65,**********,,,,,,,,,,,,,,,,,
63,5128,1.64,**********,,,,,,,,,,,,,,,,,
64,5158,1.65,**********,,,,,,,,,,,,,,,,,
ÇUíiäK,51129,16.374117,,,,,,,,,,,,,,,,,,
65,5078,1.63,**********,,,,,,,,,,,,,,,,,
66,5183,1.66,**********,,,,,,,,,,,,,,,,,
67,5378,1.72,**********,,,,,,,,,,,,,,,,,
68,5199,1.66,**********,,,,,,,,,,,,,,,,,
69,5122,1.64,**********,,,,,,,,,,,,,,,,,
70,5154,1.65,**********,,,,,,,,,,,,,,,,,
71,5028,1.61,**********,,,,,,,,,,,,,,,,,
72,5132,1.64,**********,,,,,,,,,,,,,,,,,
73,5140,1.65,**********,,,,,,,,,,,,,,,,,
74,4715,1.51,*********,,,,,,,,,,,,,,,,,
ÇVíiäK,39552,12.66657,,,,,,,,,,,,,,,,,,
75,4824,1.54,*********,,,,,,,,,,,,,,,,,
76,4903,1.57,*********,,,,,,,,,,,,,,,,,
77,4597,1.47,*********,,,,,,,,,,,,,,,,,
78,4632,1.48,*********,,,,,,,,,,,,,,,,,
79,4508,1.44,*********,,,,,,,,,,,,,,,,,
80,4289,1.37,********,,,,,,,,,,,,,,,,,
81,4067,1.3,********,,,,,,,,,,,,,,,,,
82,3959,1.27,********,,,,,,,,,,,,,,,,,
83,3773,1.21,*******,,,,,,,,,,,,,,,,,
ÇWíiäK,20494,6.563225,,,,,,,,,,,,,,,,,,
84,3564,1.14,*******,,,,,,,,,,,,,,,,,
85,3358,1.08,******,,,,,,,,,,,,,,,,,
86,3003,0.96,******,,,,,,,,,,,,,,,,,
87,3021,0.97,******,,,,,,,,,,,,,,,,,
88,2675,0.86,*****,,,,,,,,,,,,,,,,,
89,2458,0.79,*****,,,,,,,,,,,,,,,,,
90,2415,0.77,*****,,,,,,,,,,,,,,,,,
ÇXíiäK,14590,4.672463,,,,,,,,,,,,,,,,,,
91,2233,0.72,****,,,,,,,,,,,,,,,,,
92,1781,0.57,***,,,,,,,,,,,,,,,,,
93,1853,0.59,****,,,,,,,,,,,,,,,,,
94,1684,0.54,***,,,,,,,,,,,,,,,,,
95,1025,0.33,**,,,,,,,,,,,,,,,,,
96,1667,0.53,***,,,,,,,,,,,,,,,,,
97,1203,0.39,**,,,,,,,,,,,,,,,,,
98,814,0.26,**,,,,,,,,,,,,,,,,,
99,173,0.06,,,,,,,,,,,,,,,,,,
100,2157,0.69,****,,,,,,,,,,,,,,,,,
óﬂòaÇUîNìx â»ñ⁄ï ê¨ê—ï™ïzê}Åiñ{ééå±Åj,,,,,,,,,,,,,,,,,,,,
â»ñ⁄ñº,ñûì_,ç≈çÇì_,ç≈í·ì_,ïΩãœì_,ïWèÄïŒç∑,éÛå±é“êî,ìæì_ó¶,ÇTï™ílÇeÇP,ÇTï™ílÇeÇQ,ÇTï™ílÇeÇR,ÇTï™ílÇeÇS,ÇPíiäK,ÇQíiäK,ÇRíiäK,ÇSíiäK,ÇTíiäK,ÇUíiäK,ÇVíiäK,ÇWíiäK,ÇXíiäK
ïÎãLÅEâÔåv,100,100,4,51.84,20.4,1323,0.5184,32,44,56,71,0Å`19,20Å`26,27Å`33,34Å`43,44Å`55,56Å`67,68Å`79,80Å`87,88Å`100
ì_êî,êlêî,î‰ó¶ÅiÅìÅj,,,,,,,,,,,,,,,,,,
ÇPíiäK,49,3.703703,,,,,,,,,,,,,,,,,,
0,0,0,,,,,,,,,,,,,,,,,,
1,0,0,,,,,,,,,,,,,,,,,,
2,0,0,,,,,,,,,,,,,,,,,,
3,0,0,,,,,,,,,,,,,,,,,,
4,1,0.08,,,,,,,,,,,,,,,,,,
5,0,0,,,,,,,,,,,,,,,,,,
6,0,0,,,,,,,,,,,,,,,,,,
7,0,0,,,,,,,,,,,,,,,,,,
8,2,0.15,*,,,,,,,,,,,,,,,,,
9,1,0.08,,,,,,,,,,,,,,,,,,
10,5,0.38,**,,,,,,,,,,,,,,,,,
11,0,0,,,,,,,,,,,,,,,,,,
12,4,0.3,**,,,,,,,,,,,,,,,,,
13,0,0,,,,,,,,,,,,,,,,,,
14,5,0.38,**,,,,,,,,,,,,,,,,,
15,1,0.08,,,,,,,,,,,,,,,,,,
16,14,1.06,******,,,,,,,,,,,,,,,,,
17,0,0,,,,,,,,,,,,,,,,,,
18,13,0.98,******,,,,,,,,,,,,,,,,,
19,3,0.23,*,,,,,,,,,,,,,,,,,
ÇQíiäK,89,6.727135,,,,,,,,,,,,,,,,,,
20,8,0.6,****,,,,,,,,,,,,,,,,,
21,2,0.15,*,,,,,,,,,,,,,,,,,
22,15,1.13,*******,,,,,,,,,,,,,,,,,
23,6,0.45,***,,,,,,,,,,,,,,,,,
24,23,1.74,**********,,,,,,,,,,,,,,,,,
25,0,0,,,,,,,,,,,,,,,,,,
26,35,2.65,****************,,,,,,,,,,,,,,,,,
ÇRíiäK,133,10.05291,,,,,,,,,,,,,,,,,,
27,12,0.91,*****,,,,,,,,,,,,,,,,,
28,38,2.87,*****************,,,,,,,,,,,,,,,,,
29,9,0.68,****,,,,,,,,,,,,,,,,,
30,28,2.12,*************,,,,,,,,,,,,,,,,,
31,8,0.6,****,,,,,,,,,,,,,,,,,
32,31,2.34,**************,,,,,,,,,,,,,,,,,
33,7,0.53,***,,,,,,,,,,,,,,,,,
ÇSíiäK,235,17.76266,,,,,,,,,,,,,,,,,,
34,38,2.87,*****************,,,,,,,,,,,,,,,,,
35,7,0.53,***,,,,,,,,,,,,,,,,,
36,32,2.42,***************,,,,,,,,,,,,,,,,,
37,7,0.53,***,,,,,,,,,,,,,,,,,
38,39,2.95,******************,,,,,,,,,,,,,,,,,
39,15,1.13,*******,,,,,,,,,,,,,,,,,
40,47,3.55,*********************,,,,,,,,,,,,,,,,,
41,9,0.68,****,,,,,,,,,,,,,,,,,
42,29,2.19,*************,,,,,,,,,,,,,,,,,
43,12,0.91,*****,,,,,,,,,,,,,,,,,
ÇTíiäK,264,19.954648,,,,,,,,,,,,,,,,,,
44,35,2.65,****************,,,,,,,,,,,,,,,,,
45,11,0.83,*****,,,,,,,,,,,,,,,,,
46,33,2.49,***************,,,,,,,,,,,,,,,,,
47,12,0.91,*****,,,,,,,,,,,,,,,,,
48,47,3.55,*********************,,,,,,,,,,,,,,,,,
49,12,0.91,*****,,,,,,,,,,,,,,,,,
50,31,2.34,**************,,,,,,,,,,,,,,,,,
51,7,0.53,***,,,,,,,,,,,,,,,,,
52,27,2.04,************,,,,,,,,,,,,,,,,,
53,11,0.83,*****,,,,,,,,,,,,,,,,,
54,31,2.34,**************,,,,,,,,,,,,,,,,,
55,7,0.53,***,,,,,,,,,,,,,,,,,
ÇUíiäK,219,16.553287,,,,,,,,,,,,,,,,,,
56,32,2.42,***************,,,,,,,,,,,,,,,,,
57,6,0.45,***,,,,,,,,,,,,,,,,,
58,34,2.57,***************,,,,,,,,,,,,,,,,,
59,8,0.6,****,,,,,,,,,,,,,,,,,
60,29,2.19,*************,,,,,,,,,,,,,,,,,
61,3,0.23,*,,,,,,,,,,,,,,,,,
62,41,3.1,*******************,,,,,,,,,,,,,,,,,
63,5,0.38,**,,,,,,,,,,,,,,,,,
64,29,2.19,*************,,,,,,,,,,,,,,,,,
65,5,0.38,**,,,,,,,,,,,,,,,,,
66,25,1.89,***********,,,,,,,,,,,,,,,,,
67,2,0.15,*,,,,,,,,,,,,,,,,,
ÇVíiäK,181,13.681027,,,,,,,,,,,,,,,,,,
68,32,2.42,***************,,,,,,,,,,,,,,,,,
69,3,0.23,*,,,,,,,,,,,,,,,,,
70,29,2.19,*************,,,,,,,,,,,,,,,,,
71,3,0.23,*,,,,,,,,,,,,,,,,,
72,29,2.19,*************,,,,,,,,,,,,,,,,,
73,3,0.23,*,,,,,,,,,,,,,,,,,
74,26,1.97,************,,,,,,,,,,,,,,,,,
75,0,0,,,,,,,,,,,,,,,,,,
76,19,1.44,*********,,,,,,,,,,,,,,,,,
77,2,0.15,*,,,,,,,,,,,,,,,,,
78,32,2.42,***************,,,,,,,,,,,,,,,,,
79,3,0.23,*,,,,,,,,,,,,,,,,,
ÇWíiäK,87,6.575963,,,,,,,,,,,,,,,,,,
80,19,1.44,*********,,,,,,,,,,,,,,,,,
81,2,0.15,*,,,,,,,,,,,,,,,,,
82,21,1.59,**********,,,,,,,,,,,,,,,,,
83,2,0.15,*,,,,,,,,,,,,,,,,,
84,19,1.44,*********,,,,,,,,,,,,,,,,,
85,0,0,,,,,,,,,,,,,,,,,,
86,23,1.74,**********,,,,,,,,,,,,,,,,,
87,1,0.08,,,,,,,,,,,,,,,,,,
ÇXíiäK,66,4.988662,,,,,,,,,,,,,,,,,,
88,18,1.36,********,,,,,,,,,,,,,,,,,
89,0,0,,,,,,,,,,,,,,,,,,
90,6,0.45,***,,,,,,,,,,,,,,,,,
91,0,0,,,,,,,,,,,,,,,,,,
92,12,0.91,*****,,,,,,,,,,,,,,,,,
93,1,0.08,,,,,,,,,,,,,,,,,,
94,14,1.06,******,,,,,,,,,,,,,,,,,
95,0,0,,,,,,,,,,,,,,,,,,
96,6,0.45,***,,,,,,,,,,,,,,,,,
97,0,0,,,,,,,,,,,,,,,,,,
98,4,0.3,**,,,,,,,,,,,,,,,,,
99,0,0,,,,,,,,,,,,,,,,,,
100,5,0.38,**,,,,,,,,,,,,,,,,,
óﬂòaÇUîNìx â»ñ⁄ï ê¨ê—ï™ïzê}Åiñ{ééå±Åj,,,,,,,,,,,,,,,,,,,,
â»ñ⁄ñº,ñûì_,ç≈çÇì_,ç≈í·ì_,ïΩãœì_,ïWèÄïŒç∑,éÛå±é“êî,ìæì_ó¶,ÇTï™ílÇeÇP,ÇTï™ílÇeÇQ,ÇTï™ílÇeÇR,ÇTï™ílÇeÇS,ÇPíiäK,ÇQíiäK,ÇRíiäK,ÇSíiäK,ÇTíiäK,ÇUíiäK,ÇVíiäK,ÇWíiäK,ÇXíiäK
èÓïÒä÷åWäÓëb,100,98,17,59.11,16.91,381,0.5911,44,54,63,74,0Å`27,28Å`37,38Å`46,47Å`53,54Å`63,64Å`72,73Å`79,80Å`88,89Å`100
ì_êî,êlêî,î‰ó¶ÅiÅìÅj,,,,,,,,,,,,,,,,,,
ÇPíiäK,15,3.937007,,,,,,,,,,,,,,,,,,
0,0,0,,,,,,,,,,,,,,,,,,
1,0,0,,,,,,,,,,,,,,,,,,
2,0,0,,,,,,,,,,,,,,,,,,
3,0,0,,,,,,,,,,,,,,,,,,
4,0,0,,,,,,,,,,,,,,,,,,
5,0,0,,,,,,,,,,,,,,,,,,
6,0,0,,,,,,,,,,,,,,,,,,
7,0,0,,,,,,,,,,,,,,,,,,
8,0,0,,,,,,,,,,,,,,,,,,
9,0,0,,,,,,,,,,,,,,,,,,
10,0,0,,,,,,,,,,,,,,,,,,
11,0,0,,,,,,,,,,,,,,,,,,
12,0,0,,,,,,,,,,,,,,,,,,
13,0,0,,,,,,,,,,,,,,,,,,
14,0,0,,,,,,,,,,,,,,,,,,
15,0,0,,,,,,,,,,,,,,,,,,
16,0,0,,,,,,,,,,,,,,,,,,
17,1,0.26,**,,,,,,,,,,,,,,,,,
18,0,0,,,,,,,,,,,,,,,,,,
19,2,0.52,***,,,,,,,,,,,,,,,,,
20,1,0.26,**,,,,,,,,,,,,,,,,,
21,2,0.52,***,,,,,,,,,,,,,,,,,
22,0,0,,,,,,,,,,,,,,,,,,
23,1,0.26,**,,,,,,,,,,,,,,,,,
24,1,0.26,**,,,,,,,,,,,,,,,,,
25,2,0.52,***,,,,,,,,,,,,,,,,,
26,4,1.05,******,,,,,,,,,,,,,,,,,
27,1,0.26,**,,,,,,,,,,,,,,,,,
ÇQíiäK,23,6.036745,,,,,,,,,,,,,,,,,,
28,2,0.52,***,,,,,,,,,,,,,,,,,
29,2,0.52,***,,,,,,,,,,,,,,,,,
30,0,0,,,,,,,,,,,,,,,,,,
31,3,0.79,*****,,,,,,,,,,,,,,,,,
32,2,0.52,***,,,,,,,,,,,,,,,,,
33,1,0.26,**,,,,,,,,,,,,,,,,,
34,4,1.05,******,,,,,,,,,,,,,,,,,
35,2,0.52,***,,,,,,,,,,,,,,,,,
36,2,0.52,***,,,,,,,,,,,,,,,,,
37,5,1.31,********,,,,,,,,,,,,,,,,,
ÇRíiäK,49,12.860892,,,,,,,,,,,,,,,,,,
38,7,1.84,***********,,,,,,,,,,,,,,,,,
39,4,1.05,******,,,,,,,,,,,,,,,,,
40,5,1.31,********,,,,,,,,,,,,,,,,,
41,2,0.52,***,,,,,,,,,,,,,,,,,
42,3,0.79,*****,,,,,,,,,,,,,,,,,
43,8,2.1,*************,,,,,,,,,,,,,,,,,
44,7,1.84,***********,,,,,,,,,,,,,,,,,
45,7,1.84,***********,,,,,,,,,,,,,,,,,
46,6,1.57,*********,,,,,,,,,,,,,,,,,
ÇSíiäK,58,15.223097,,,,,,,,,,,,,,,,,,
47,9,2.36,**************,,,,,,,,,,,,,,,,,
48,12,3.15,*******************,,,,,,,,,,,,,,,,,
49,11,2.89,*****************,,,,,,,,,,,,,,,,,
50,5,1.31,********,,,,,,,,,,,,,,,,,
51,5,1.31,********,,,,,,,,,,,,,,,,,
52,10,2.62,****************,,,,,,,,,,,,,,,,,
53,6,1.57,*********,,,,,,,,,,,,,,,,,
ÇTíiäK,83,21.784776,,,,,,,,,,,,,,,,,,
54,9,2.36,**************,,,,,,,,,,,,,,,,,
55,8,2.1,*************,,,,,,,,,,,,,,,,,
56,13,3.41,********************,,,,,,,,,,,,,,,,,
57,2,0.52,***,,,,,,,,,,,,,,,,,
58,3,0.79,*****,,,,,,,,,,,,,,,,,
59,8,2.1,*************,,,,,,,,,,,,,,,,,
60,8,2.1,*************,,,,,,,,,,,,,,,,,
61,10,2.62,****************,,,,,,,,,,,,,,,,,
62,14,3.67,**********************,,,,,,,,,,,,,,,,,
63,8,2.1,*************,,,,,,,,,,,,,,,,,
ÇUíiäK,65,17.060367,,,,,,,,,,,,,,,,,,
64,10,2.62,****************,,,,,,,,,,,,,,,,,
65,5,1.31,********,,,,,,,,,,,,,,,,,
66,9,2.36,**************,,,,,,,,,,,,,,,,,
67,13,3.41,********************,,,,,,,,,,,,,,,,,
68,4,1.05,******,,,,,,,,,,,,,,,,,
69,5,1.31,********,,,,,,,,,,,,,,,,,
70,5,1.31,********,,,,,,,,,,,,,,,,,
71,7,1.84,***********,,,,,,,,,,,,,,,,,
72,7,1.84,***********,,,,,,,,,,,,,,,,,
ÇVíiäK,45,11.811023,,,,,,,,,,,,,,,,,,
73,7,1.84,***********,,,,,,,,,,,,,,,,,
74,3,0.79,*****,,,,,,,,,,,,,,,,,
75,4,1.05,******,,,,,,,,,,,,,,,,,
76,7,1.84,***********,,,,,,,,,,,,,,,,,
77,7,1.84,***********,,,,,,,,,,,,,,,,,
78,7,1.84,***********,,,,,,,,,,,,,,,,,
79,10,2.62,****************,,,,,,,,,,,,,,,,,
ÇWíiäK,27,7.086614,,,,,,,,,,,,,,,,,,
80,2,0.52,***,,,,,,,,,,,,,,,,,
81,6,1.57,*********,,,,,,,,,,,,,,,,,
82,3,0.79,*****,,,,,,,,,,,,,,,,,
83,1,0.26,**,,,,,,,,,,,,,,,,,
84,3,0.79,*****,,,,,,,,,,,,,,,,,
85,2,0.52,***,,,,,,,,,,,,,,,,,
86,4,1.05,******,,,,,,,,,,,,,,,,,
87,1,0.26,**,,,,,,,,,,,,,,,,,
88,5,1.31,********,,,,,,,,,,,,,,,,,
ÇXíiäK,16,4.199475,,,,,,,,,,,,,,,,,,
89,2,0.52,***,,,,,,,,,,,,,,,,,
90,5,1.31,********,,,,,,,,,,,,,,,,,
91,3,0.79,*****,,,,,,,,,,,,,,,,,
92,1,0.26,**,,,,,,,,,,,,,,,,,
93,0,0,,,,,,,,,,,,,,,,,,
94,1,0.26,**,,,,,,,,,,,,,,,,,
95,0,0,,,,,,,,,,,,,,,,,,
96,2,0.52,***,,,,,,,,,,,,,,,,,
97,1,0.26,**,,,,,,,,,,,,,,,,,
98,1,0.26,**,,,,,,,,,,,,,,,,,
99,0,0,,,,,,,,,,,,,,,,,,
100,0,0,,,,,,,,,,,,,,,,,,
óﬂòaÇUîNìx ã≥â»ï ê¨ê—ï™ïzê}Åiñ{ééå±Åj,,,,,,,,,,,,,,,,,,,,
ã≥â»ñº,ñûì_,ç≈çÇì_,ç≈í·ì_,ïΩãœì_,ïWèÄïŒç∑,éÛå±é“êî,ìæì_ó¶,ÇTï™ílÇeÇP,ÇTï™ílÇeÇQ,ÇTï™ílÇeÇR,ÇTï™ílÇeÇS,,,,,,,,,
óùâ»á@,50,50,0,30.55,10.38,269582,0.611,21,28,34,40,,,,,,,,,
ì_êî,êlêî,î‰ó¶ÅiÅìÅj,,,,,,,,,,,,,,,,,,
0,280,0.1,*,,,,,,,,,,,,,,,,,
1,0,0,,,,,,,,,,,,,,,,,,
2,136,0.05,,,,,,,,,,,,,,,,,,
3,550,0.2,*,,,,,,,,,,,,,,,,,
4,241,0.09,*,,,,,,,,,,,,,,,,,
5,422,0.16,*,,,,,,,,,,,,,,,,,
6,1429,0.53,***,,,,,,,,,,,,,,,,,
7,711,0.26,**,,,,,,,,,,,,,,,,,
8,1244,0.46,***,,,,,,,,,,,,,,,,,
9,2461,0.91,*****,,,,,,,,,,,,,,,,,
10,1392,0.52,***,,,,,,,,,,,,,,,,,
11,2233,0.83,*****,,,,,,,,,,,,,,,,,
12,3725,1.38,********,,,,,,,,,,,,,,,,,
13,2521,0.94,******,,,,,,,,,,,,,,,,,
14,3040,1.13,*******,,,,,,,,,,,,,,,,,
15,4973,1.84,***********,,,,,,,,,,,,,,,,,
16,3853,1.43,*********,,,,,,,,,,,,,,,,,
17,3737,1.39,********,,,,,,,,,,,,,,,,,
18,6487,2.41,**************,,,,,,,,,,,,,,,,,
19,5045,1.87,***********,,,,,,,,,,,,,,,,,
20,4456,1.65,**********,,,,,,,,,,,,,,,,,
21,7972,2.96,******************,,,,,,,,,,,,,,,,,
22,6785,2.52,***************,,,,,,,,,,,,,,,,,
23,4878,1.81,***********,,,,,,,,,,,,,,,,,
24,8896,3.3,********************,,,,,,,,,,,,,,,,,
25,8544,3.17,*******************,,,,,,,,,,,,,,,,,
26,5257,1.95,************,,,,,,,,,,,,,,,,,
27,8962,3.32,********************,,,,,,,,,,,,,,,,,
28,10718,3.98,************************,,,,,,,,,,,,,,,,,
29,6068,2.25,**************,,,,,,,,,,,,,,,,,
30,8024,2.98,******************,,,,,,,,,,,,,,,,,
31,12547,4.65,****************************,,,,,,,,,,,,,,,,,
32,7329,2.72,****************,,,,,,,,,,,,,,,,,
33,6777,2.51,***************,,,,,,,,,,,,,,,,,
34,13768,5.11,*******************************,,,,,,,,,,,,,,,,,
35,8574,3.18,*******************,,,,,,,,,,,,,,,,,
36,4894,1.82,***********,,,,,,,,,,,,,,,,,
37,13986,5.19,*******************************,,,,,,,,,,,,,,,,,
38,10387,3.85,***********************,,,,,,,,,,,,,,,,,
39,3261,1.21,*******,,,,,,,,,,,,,,,,,
40,11810,4.38,**************************,,,,,,,,,,,,,,,,,
41,11566,4.29,**************************,,,,,,,,,,,,,,,,,
42,1840,0.68,****,,,,,,,,,,,,,,,,,
43,7804,2.89,*****************,,,,,,,,,,,,,,,,,
44,12172,4.52,***************************,,,,,,,,,,,,,,,,,
45,466,0.17,*,,,,,,,,,,,,,,,,,
46,2944,1.09,*******,,,,,,,,,,,,,,,,,
47,9866,3.66,**********************,,,,,,,,,,,,,,,,,
48,222,0.08,,,,,,,,,,,,,,,,,,
49,0,0,,,,,,,,,,,,,,,,,,
50,4329,1.61,**********,,,,,,,,,,,,,,,,,
óﬂòaÇUîNìx â»ñ⁄ï ê¨ê—ï™ïzê}Åiñ{ééå±Åj,,,,,,,,,,,,,,,,,,,,
â»ñ⁄ñº,ñûì_,ç≈çÇì_,ç≈í·ì_,ïΩãœì_,ïWèÄïŒç∑,éÛå±é“êî,ìæì_ó¶,ÇTï™ílÇeÇP,ÇTï™ílÇeÇQ,ÇTï™ílÇeÇR,ÇTï™ílÇeÇS,ÇPíiäK,ÇQíiäK,ÇRíiäK,ÇSíiäK,ÇTíiäK,ÇUíiäK,ÇVíiäK,ÇWíiäK,ÇXíiäK
ï®óùäÓëb,50,50,0,28.72,12.29,17949,0.5743,16,25,33,40,0Å`6,7Å`11,12Å`17,18Å`25,26Å`32,33Å`38,39Å`43,44Å`46,47Å`50
ì_êî,êlêî,î‰ó¶ÅiÅìÅj,,,,,,,,,,,,,,,,,,
ÇPíiäK,636,3.543372,,,,,,,,,,,,,,,,,,
0,97,0.54,***,,,,,,,,,,,,,,,,,
1,0,0,,,,,,,,,,,,,,,,,,
2,56,0.31,**,,,,,,,,,,,,,,,,,
3,102,0.57,***,,,,,,,,,,,,,,,,,
4,158,0.88,*****,,,,,,,,,,,,,,,,,
5,62,0.35,**,,,,,,,,,,,,,,,,,
6,161,0.9,*****,,,,,,,,,,,,,,,,,
ÇQíiäK,1185,6.602039,,,,,,,,,,,,,,,,,,
7,250,1.39,********,,,,,,,,,,,,,,,,,
8,188,1.05,******,,,,,,,,,,,,,,,,,
9,167,0.93,******,,,,,,,,,,,,,,,,,
10,260,1.45,*********,,,,,,,,,,,,,,,,,
11,320,1.78,***********,,,,,,,,,,,,,,,,,
ÇRíiäK,2011,11.203966,,,,,,,,,,,,,,,,,,
12,270,1.5,*********,,,,,,,,,,,,,,,,,
13,311,1.73,**********,,,,,,,,,,,,,,,,,
14,331,1.84,***********,,,,,,,,,,,,,,,,,
15,365,2.03,************,,,,,,,,,,,,,,,,,
16,365,2.03,************,,,,,,,,,,,,,,,,,
17,369,2.06,************,,,,,,,,,,,,,,,,,
ÇSíiäK,3319,18.49128,,,,,,,,,,,,,,,,,,
18,405,2.26,**************,,,,,,,,,,,,,,,,,
19,377,2.1,*************,,,,,,,,,,,,,,,,,
20,416,2.32,**************,,,,,,,,,,,,,,,,,
21,394,2.2,*************,,,,,,,,,,,,,,,,,
22,432,2.41,**************,,,,,,,,,,,,,,,,,
23,411,2.29,**************,,,,,,,,,,,,,,,,,
24,422,2.35,**************,,,,,,,,,,,,,,,,,
25,462,2.57,***************,,,,,,,,,,,,,,,,,
ÇTíiäK,3225,17.967574,,,,,,,,,,,,,,,,,,
26,437,2.43,***************,,,,,,,,,,,,,,,,,
27,416,2.32,**************,,,,,,,,,,,,,,,,,
28,504,2.81,*****************,,,,,,,,,,,,,,,,,
29,475,2.65,****************,,,,,,,,,,,,,,,,,
30,435,2.42,***************,,,,,,,,,,,,,,,,,
31,451,2.51,***************,,,,,,,,,,,,,,,,,
32,507,2.82,*****************,,,,,,,,,,,,,,,,,
ÇUíiäK,2871,15.99532,,,,,,,,,,,,,,,,,,
33,509,2.84,*****************,,,,,,,,,,,,,,,,,
34,427,2.38,**************,,,,,,,,,,,,,,,,,
35,547,3.05,******************,,,,,,,,,,,,,,,,,
36,498,2.77,*****************,,,,,,,,,,,,,,,,,
37,386,2.15,*************,,,,,,,,,,,,,,,,,
38,504,2.81,*****************,,,,,,,,,,,,,,,,,
ÇVíiäK,2600,14.485486,,,,,,,,,,,,,,,,,,
39,676,3.77,***********************,,,,,,,,,,,,,,,,,
40,456,2.54,***************,,,,,,,,,,,,,,,,,
41,199,1.11,*******,,,,,,,,,,,,,,,,,
42,690,3.84,***********************,,,,,,,,,,,,,,,,,
43,579,3.23,*******************,,,,,,,,,,,,,,,,,
ÇWíiäK,1202,6.696751,,,,,,,,,,,,,,,,,,
44,241,1.34,********,,,,,,,,,,,,,,,,,
45,66,0.37,**,,,,,,,,,,,,,,,,,
46,895,4.99,******************************,,,,,,,,,,,,,,,,,
ÇXíiäK,900,5.014206,,,,,,,,,,,,,,,,,,
47,241,1.34,********,,,,,,,,,,,,,,,,,
48,93,0.52,***,,,,,,,,,,,,,,,,,
49,0,0,,,,,,,,,,,,,,,,,,
50,566,3.15,*******************,,,,,,,,,,,,,,,,,
óﬂòaÇUîNìx â»ñ⁄ï ê¨ê—ï™ïzê}Åiñ{ééå±Åj,,,,,,,,,,,,,,,,,,,,
â»ñ⁄ñº,ñûì_,ç≈çÇì_,ç≈í·ì_,ïΩãœì_,ïWèÄïŒç∑,éÛå±é“êî,ìæì_ó¶,ÇTï™ílÇeÇP,ÇTï™ílÇeÇQ,ÇTï™ílÇeÇR,ÇTï™ílÇeÇS,ÇPíiäK,ÇQíiäK,ÇRíiäK,ÇSíiäK,ÇTíiäK,ÇUíiäK,ÇVíiäK,ÇWíiäK,ÇXíiäK
âªäwäÓëb,50,50,0,27.31,10.75,92894,0.5461,17,24,30,37,0Å`8,9Å`12,13Å`17,18Å`23,24Å`30,31Å`36,37Å`40,41Å`44,45Å`50
ì_êî,êlêî,î‰ó¶ÅiÅìÅj,,,,,,,,,,,,,,,,,,
ÇPíiäK,3123,3.361896,,,,,,,,,,,,,,,,,,
0,96,0.1,*,,,,,,,,,,,,,,,,,
1,0,0,,,,,,,,,,,,,,,,,,
2,80,0.09,*,,,,,,,,,,,,,,,,,
3,309,0.33,**,,,,,,,,,,,,,,,,,
4,63,0.07,,,,,,,,,,,,,,,,,,
5,360,0.39,**,,,,,,,,,,,,,,,,,
6,829,0.89,*****,,,,,,,,,,,,,,,,,
7,337,0.36,**,,,,,,,,,,,,,,,,,
8,1049,1.13,*******,,,,,,,,,,,,,,,,,
ÇQíiäK,5867,6.3158,,,,,,,,,,,,,,,,,,
9,1340,1.44,*********,,,,,,,,,,,,,,,,,
10,790,0.85,*****,,,,,,,,,,,,,,,,,
11,1847,1.99,************,,,,,,,,,,,,,,,,,
12,1890,2.03,************,,,,,,,,,,,,,,,,,
ÇRíiäK,10964,11.802699,,,,,,,,,,,,,,,,,,
13,1426,1.54,*********,,,,,,,,,,,,,,,,,
14,2489,2.68,****************,,,,,,,,,,,,,,,,,
15,2099,2.26,**************,,,,,,,,,,,,,,,,,
16,2123,2.29,**************,,,,,,,,,,,,,,,,,
17,2827,3.04,******************,,,,,,,,,,,,,,,,,
ÇSíiäK,15740,16.944043,,,,,,,,,,,,,,,,,,
18,2133,2.3,**************,,,,,,,,,,,,,,,,,
19,2542,2.74,****************,,,,,,,,,,,,,,,,,
20,3008,3.24,*******************,,,,,,,,,,,,,,,,,
21,2214,2.38,**************,,,,,,,,,,,,,,,,,
22,2776,2.99,******************,,,,,,,,,,,,,,,,,
23,3067,3.3,********************,,,,,,,,,,,,,,,,,
ÇTíiäK,18676,20.104635,,,,,,,,,,,,,,,,,,
24,2239,2.41,**************,,,,,,,,,,,,,,,,,
25,3004,3.23,*******************,,,,,,,,,,,,,,,,,
26,3068,3.3,********************,,,,,,,,,,,,,,,,,
27,2160,2.33,**************,,,,,,,,,,,,,,,,,
28,3127,3.37,********************,,,,,,,,,,,,,,,,,
29,3185,3.43,*********************,,,,,,,,,,,,,,,,,
30,1893,2.04,************,,,,,,,,,,,,,,,,,
ÇUíiäK,16439,17.696514,,,,,,,,,,,,,,,,,,
31,3361,3.62,**********************,,,,,,,,,,,,,,,,,
32,3348,3.6,**********************,,,,,,,,,,,,,,,,,
33,1577,1.7,**********,,,,,,,,,,,,,,,,,
34,3810,4.1,*************************,,,,,,,,,,,,,,,,,
35,3076,3.31,********************,,,,,,,,,,,,,,,,,
36,1267,1.36,********,,,,,,,,,,,,,,,,,
ÇVíiäK,10799,11.625078,,,,,,,,,,,,,,,,,,
37,3807,4.1,*************************,,,,,,,,,,,,,,,,,
38,2773,2.99,******************,,,,,,,,,,,,,,,,,
39,933,1,******,,,,,,,,,,,,,,,,,
40,3286,3.54,*********************,,,,,,,,,,,,,,,,,
ÇWíiäK,7414,7.981139,,,,,,,,,,,,,,,,,,
41,2330,2.51,***************,,,,,,,,,,,,,,,,,
42,721,0.78,*****,,,,,,,,,,,,,,,,,
43,2149,2.31,**************,,,,,,,,,,,,,,,,,
44,2214,2.38,**************,,,,,,,,,,,,,,,,,
ÇXíiäK,3872,4.168191,,,,,,,,,,,,,,,,,,
45,400,0.43,***,,,,,,,,,,,,,,,,,
46,538,0.58,***,,,,,,,,,,,,,,,,,
47,1938,2.09,*************,,,,,,,,,,,,,,,,,
48,129,0.14,*,,,,,,,,,,,,,,,,,
49,0,0,,,,,,,,,,,,,,,,,,
50,867,0.93,******,,,,,,,,,,,,,,,,,
óﬂòaÇUîNìx â»ñ⁄ï ê¨ê—ï™ïzê}Åiñ{ééå±Åj,,,,,,,,,,,,,,,,,,,,
â»ñ⁄ñº,ñûì_,ç≈çÇì_,ç≈í·ì_,ïΩãœì_,ïWèÄïŒç∑,éÛå±é“êî,ìæì_ó¶,ÇTï™ílÇeÇP,ÇTï™ílÇeÇQ,ÇTï™ílÇeÇR,ÇTï™ílÇeÇS,ÇPíiäK,ÇQíiäK,ÇRíiäK,ÇSíiäK,ÇTíiäK,ÇUíiäK,ÇVíiäK,ÇWíiäK,ÇXíiäK
ê∂ï®äÓëb,50,50,0,31.57,9.22,115318,0.6315,23,29,34,40,0Å`14,15Å`18,19Å`23,24Å`29,30Å`33,34Å`39,40Å`42,43Å`46,47Å`50
ì_êî,êlêî,î‰ó¶ÅiÅìÅj,,,,,,,,,,,,,,,,,,
ÇPíiäK,3916,3.395827,,,,,,,,,,,,,,,,,,
0,32,0.03,,,,,,,,,,,,,,,,,,
1,0,0,,,,,,,,,,,,,,,,,,
2,0,0,,,,,,,,,,,,,,,,,,
3,131,0.11,*,,,,,,,,,,,,,,,,,
4,16,0.01,,,,,,,,,,,,,,,,,,
5,0,0,,,,,,,,,,,,,,,,,,
6,402,0.35,**,,,,,,,,,,,,,,,,,
7,75,0.07,,,,,,,,,,,,,,,,,,
8,2,0,,,,,,,,,,,,,,,,,,
9,907,0.79,*****,,,,,,,,,,,,,,,,,
10,243,0.21,*,,,,,,,,,,,,,,,,,
11,20,0.02,,,,,,,,,,,,,,,,,,
12,1509,1.31,********,,,,,,,,,,,,,,,,,
13,538,0.47,***,,,,,,,,,,,,,,,,,
14,41,0.04,,,,,,,,,,,,,,,,,,
ÇQíiäK,7276,6.309509,,,,,,,,,,,,,,,,,,
15,2413,2.09,*************,,,,,,,,,,,,,,,,,
16,1065,0.92,******,,,,,,,,,,,,,,,,,
17,70,0.06,,,,,,,,,,,,,,,,,,
18,3728,3.23,*******************,,,,,,,,,,,,,,,,,
ÇRíiäK,10452,9.063632,,,,,,,,,,,,,,,,,,
19,1757,1.52,*********,,,,,,,,,,,,,,,,,
20,192,0.17,*,,,,,,,,,,,,,,,,,
21,4859,4.21,*************************,,,,,,,,,,,,,,,,,
22,3243,2.81,*****************,,,,,,,,,,,,,,,,,
23,401,0.35,**,,,,,,,,,,,,,,,,,
ÇSíiäK,23551,20.422657,,,,,,,,,,,,,,,,,,
24,5293,4.59,****************************,,,,,,,,,,,,,,,,,
25,4620,4.01,************************,,,,,,,,,,,,,,,,,
26,813,0.71,****,,,,,,,,,,,,,,,,,
27,4932,4.28,**************************,,,,,,,,,,,,,,,,,
28,6319,5.48,*********************************,,,,,,,,,,,,,,,,,
29,1574,1.36,********,,,,,,,,,,,,,,,,,
ÇTíiäK,16707,14.487764,,,,,,,,,,,,,,,,,,
30,3921,3.4,********************,,,,,,,,,,,,,,,,,
31,7392,6.41,**************************************,,,,,,,,,,,,,,,,,
32,2695,2.34,**************,,,,,,,,,,,,,,,,,
33,2699,2.34,**************,,,,,,,,,,,,,,,,,
ÇUíiäK,26527,23.003347,,,,,,,,,,,,,,,,,,
34,7455,6.46,***************************************,,,,,,,,,,,,,,,,,
35,4150,3.6,**********************,,,,,,,,,,,,,,,,,
36,1480,1.28,********,,,,,,,,,,,,,,,,,
37,6925,6.01,************************************,,,,,,,,,,,,,,,,,
38,5851,5.07,******************************,,,,,,,,,,,,,,,,,
39,666,0.58,***,,,,,,,,,,,,,,,,,
ÇVíiäK,11924,10.340103,,,,,,,,,,,,,,,,,,
40,4920,4.27,**************************,,,,,,,,,,,,,,,,,
41,6863,5.95,************************************,,,,,,,,,,,,,,,,,
42,141,0.12,*,,,,,,,,,,,,,,,,,
ÇWíiäK,9520,8.255432,,,,,,,,,,,,,,,,,,
43,2558,2.22,*************,,,,,,,,,,,,,,,,,
44,6308,5.47,*********************************,,,,,,,,,,,,,,,,,
45,0,0,,,,,,,,,,,,,,,,,,
46,654,0.57,***,,,,,,,,,,,,,,,,,
ÇXíiäK,5445,4.721726,,,,,,,,,,,,,,,,,,
47,4118,3.57,*********************,,,,,,,,,,,,,,,,,
48,0,0,,,,,,,,,,,,,,,,,,
49,0,0,,,,,,,,,,,,,,,,,,
50,1327,1.15,*******,,,,,,,,,,,,,,,,,
óﬂòaÇUîNìx â»ñ⁄ï ê¨ê—ï™ïzê}Åiñ{ééå±Åj,,,,,,,,,,,,,,,,,,,,
â»ñ⁄ñº,ñûì_,ç≈çÇì_,ç≈í·ì_,ïΩãœì_,ïWèÄïŒç∑,éÛå±é“êî,ìæì_ó¶,ÇTï™ílÇeÇP,ÇTï™ílÇeÇQ,ÇTï™ílÇeÇR,ÇTï™ílÇeÇS,ÇPíiäK,ÇQíiäK,ÇRíiäK,ÇSíiäK,ÇTíiäK,ÇUíiäK,ÇVíiäK,ÇWíiäK,ÇXíiäK
ínäwäÓëb,50,50,0,35.56,8.95,43372,0.7112,27,34,39,43,0Å`17,18Å`22,23Å`28,29Å`33,34Å`39,40Å`42,43Å`46,,47Å`50
ì_êî,êlêî,î‰ó¶ÅiÅìÅj,,,,,,,,,,,,,,,,,,
ÇPíiäK,1649,3.801992,,,,,,,,,,,,,,,,,,
0,6,0.01,,,,,,,,,,,,,,,,,,
1,0,0,,,,,,,,,,,,,,,,,,
2,0,0,,,,,,,,,,,,,,,,,,
3,8,0.02,,,,,,,,,,,,,,,,,,
4,4,0.01,,,,,,,,,,,,,,,,,,
5,0,0,,,,,,,,,,,,,,,,,,
6,37,0.09,*,,,,,,,,,,,,,,,,,
7,49,0.11,*,,,,,,,,,,,,,,,,,
8,5,0.01,,,,,,,,,,,,,,,,,,
9,47,0.11,*,,,,,,,,,,,,,,,,,
10,99,0.23,*,,,,,,,,,,,,,,,,,
11,46,0.11,*,,,,,,,,,,,,,,,,,
12,56,0.13,*,,,,,,,,,,,,,,,,,
13,246,0.57,***,,,,,,,,,,,,,,,,,
14,179,0.41,**,,,,,,,,,,,,,,,,,
15,96,0.22,*,,,,,,,,,,,,,,,,,
16,300,0.69,****,,,,,,,,,,,,,,,,,
17,471,1.09,*******,,,,,,,,,,,,,,,,,
ÇQíiäK,2269,5.231485,,,,,,,,,,,,,,,,,,
18,221,0.51,***,,,,,,,,,,,,,,,,,
19,369,0.85,*****,,,,,,,,,,,,,,,,,
20,840,1.94,************,,,,,,,,,,,,,,,,,
21,505,1.16,*******,,,,,,,,,,,,,,,,,
22,334,0.77,*****,,,,,,,,,,,,,,,,,
ÇRíiäK,5560,12.81933,,,,,,,,,,,,,,,,,,
23,999,2.3,**************,,,,,,,,,,,,,,,,,
24,942,2.17,*************,,,,,,,,,,,,,,,,,
25,458,1.06,******,,,,,,,,,,,,,,,,,
26,939,2.16,*************,,,,,,,,,,,,,,,,,
27,1454,3.35,********************,,,,,,,,,,,,,,,,,
28,768,1.77,***********,,,,,,,,,,,,,,,,,
ÇSíiäK,6723,15.500783,,,,,,,,,,,,,,,,,,
29,834,1.92,************,,,,,,,,,,,,,,,,,
30,1775,4.09,*************************,,,,,,,,,,,,,,,,,
31,1343,3.1,*******************,,,,,,,,,,,,,,,,,
32,779,1.8,***********,,,,,,,,,,,,,,,,,
33,1992,4.59,****************************,,,,,,,,,,,,,,,,,
ÇTíiäK,9639,22.224015,,,,,,,,,,,,,,,,,,
34,2076,4.79,*****************************,,,,,,,,,,,,,,,,,
35,801,1.85,***********,,,,,,,,,,,,,,,,,
36,1649,3.8,***********************,,,,,,,,,,,,,,,,,
37,2868,6.61,****************************************,,,,,,,,,,,,,,,,,
38,1259,2.9,*****************,,,,,,,,,,,,,,,,,
39,986,2.27,**************,,,,,,,,,,,,,,,,,
ÇUíiäK,5610,12.934612,,,,,,,,,,,,,,,,,,
40,3148,7.26,****************************************,OV,,,,,,,,,,,,,,,,
41,2174,5.01,******************************,,,,,,,,,,,,,,,,,
42,288,0.66,****,,,,,,,,,,,,,,,,,
ÇVíiäK,6784,15.641427,,,,,,,,,,,,,,,,,,
43,2518,5.81,***********************************,,,,,,,,,,,,,,,,,
44,3409,7.86,****************************************,OV,,,,,,,,,,,,,,,,
45,0,0,,,,,,,,,,,,,,,,,,
46,857,1.98,************,,,,,,,,,,,,,,,,,
ÇXíiäK,5138,11.846352,,,,,,,,,,,,,,,,,,
47,3569,8.23,****************************************,OV,,,,,,,,,,,,,,,,
48,0,0,,,,,,,,,,,,,,,,,,
49,0,0,,,,,,,,,,,,,,,,,,
50,1569,3.62,**********************,,,,,,,,,,,,,,,,,
óﬂòaÇUîNìx ã≥â»ï ê¨ê—ï™ïzê}Åiñ{ééå±Åj,,,,,,,,,,,,,,,,,,,,
ã≥â»ñº,ñûì_,ç≈çÇì_,ç≈í·ì_,ïΩãœì_,ïWèÄïŒç∑,éÛå±é“êî,ìæì_ó¶,ÇTï™ílÇeÇP,ÇTï™ílÇeÇQ,ÇTï™ílÇeÇR,ÇTï™ílÇeÇS,,,,,,,,,
óùâ»áA,100,100,0,57.85,21.63,381716,0.5785,37,51,64,78,,,,,,,,,
ì_êî,êlêî,î‰ó¶ÅiÅìÅj,,,,,,,,,,,,,,,,,,
0,123,0.03,,,,,,,,,,,,,,,,,,
1,8,0,,,,,,,,,,,,,,,,,,
2,12,0,,,,,,,,,,,,,,,,,,
3,75,0.02,,,,,,,,,,,,,,,,,,
4,25,0.01,,,,,,,,,,,,,,,,,,
5,202,0.05,,,,,,,,,,,,,,,,,,
6,144,0.04,,,,,,,,,,,,,,,,,,
7,104,0.03,,,,,,,,,,,,,,,,,,
8,323,0.08,*,,,,,,,,,,,,,,,,,
9,214,0.06,,,,,,,,,,,,,,,,,,
10,714,0.19,*,,,,,,,,,,,,,,,,,
11,368,0.1,*,,,,,,,,,,,,,,,,,
12,377,0.1,*,,,,,,,,,,,,,,,,,
13,1158,0.3,**,,,,,,,,,,,,,,,,,
14,676,0.18,*,,,,,,,,,,,,,,,,,
15,1243,0.33,**,,,,,,,,,,,,,,,,,
16,1173,0.31,**,,,,,,,,,,,,,,,,,
17,1161,0.3,**,,,,,,,,,,,,,,,,,
18,2122,0.56,***,,,,,,,,,,,,,,,,,
19,1681,0.44,***,,,,,,,,,,,,,,,,,
20,2378,0.62,****,,,,,,,,,,,,,,,,,
21,2152,0.56,***,,,,,,,,,,,,,,,,,
22,2032,0.53,***,,,,,,,,,,,,,,,,,
23,3587,0.94,******,,,,,,,,,,,,,,,,,
24,2512,0.66,****,,,,,,,,,,,,,,,,,
25,3083,0.81,*****,,,,,,,,,,,,,,,,,
26,3494,0.92,*****,,,,,,,,,,,,,,,,,
27,3175,0.83,*****,,,,,,,,,,,,,,,,,
28,4522,1.18,*******,,,,,,,,,,,,,,,,,
29,3504,0.92,******,,,,,,,,,,,,,,,,,
30,4052,1.06,******,,,,,,,,,,,,,,,,,
31,4472,1.17,*******,,,,,,,,,,,,,,,,,
32,3783,0.99,******,,,,,,,,,,,,,,,,,
33,5435,1.42,*********,,,,,,,,,,,,,,,,,
34,4166,1.09,*******,,,,,,,,,,,,,,,,,
35,4431,1.16,*******,,,,,,,,,,,,,,,,,
36,5335,1.4,********,,,,,,,,,,,,,,,,,
37,4414,1.16,*******,,,,,,,,,,,,,,,,,
38,5603,1.47,*********,,,,,,,,,,,,,,,,,
39,4675,1.22,*******,,,,,,,,,,,,,,,,,
40,4775,1.25,********,,,,,,,,,,,,,,,,,
41,5621,1.47,*********,,,,,,,,,,,,,,,,,
42,4672,1.22,*******,,,,,,,,,,,,,,,,,
43,5380,1.41,********,,,,,,,,,,,,,,,,,
44,5077,1.33,********,,,,,,,,,,,,,,,,,
45,4997,1.31,********,,,,,,,,,,,,,,,,,
46,6119,1.6,**********,,,,,,,,,,,,,,,,,
47,4859,1.27,********,,,,,,,,,,,,,,,,,
48,5351,1.4,********,,,,,,,,,,,,,,,,,
49,5513,1.44,*********,,,,,,,,,,,,,,,,,
50,5233,1.37,********,,,,,,,,,,,,,,,,,
51,6358,1.67,**********,,,,,,,,,,,,,,,,,
52,5031,1.32,********,,,,,,,,,,,,,,,,,
53,5480,1.44,*********,,,,,,,,,,,,,,,,,
54,6009,1.57,*********,,,,,,,,,,,,,,,,,
55,5558,1.46,*********,,,,,,,,,,,,,,,,,
56,6474,1.7,**********,,,,,,,,,,,,,,,,,
57,5002,1.31,********,,,,,,,,,,,,,,,,,
58,5394,1.41,********,,,,,,,,,,,,,,,,,
59,6660,1.74,**********,,,,,,,,,,,,,,,,,
60,5591,1.46,*********,,,,,,,,,,,,,,,,,
61,6284,1.65,**********,,,,,,,,,,,,,,,,,
62,4787,1.25,********,,,,,,,,,,,,,,,,,
63,5341,1.4,********,,,,,,,,,,,,,,,,,
64,7025,1.84,***********,,,,,,,,,,,,,,,,,
65,5716,1.5,*********,,,,,,,,,,,,,,,,,
66,6125,1.6,**********,,,,,,,,,,,,,,,,,
67,4415,1.16,*******,,,,,,,,,,,,,,,,,
68,5584,1.46,*********,,,,,,,,,,,,,,,,,
69,7159,1.88,***********,,,,,,,,,,,,,,,,,
70,5446,1.43,*********,,,,,,,,,,,,,,,,,
71,5540,1.45,*********,,,,,,,,,,,,,,,,,
72,3996,1.05,******,,,,,,,,,,,,,,,,,
73,5692,1.49,*********,,,,,,,,,,,,,,,,,
74,6924,1.81,***********,,,,,,,,,,,,,,,,,
75,5230,1.37,********,,,,,,,,,,,,,,,,,
76,5159,1.35,********,,,,,,,,,,,,,,,,,
77,3442,0.9,*****,,,,,,,,,,,,,,,,,
78,6070,1.59,**********,,,,,,,,,,,,,,,,,
79,6483,1.7,**********,,,,,,,,,,,,,,,,,
80,4907,1.29,********,,,,,,,,,,,,,,,,,
81,4355,1.14,*******,,,,,,,,,,,,,,,,,
82,2833,0.74,****,,,,,,,,,,,,,,,,,
83,6279,1.64,**********,,,,,,,,,,,,,,,,,
84,5059,1.33,********,,,,,,,,,,,,,,,,,
85,4532,1.19,*******,,,,,,,,,,,,,,,,,
86,3701,0.97,******,,,,,,,,,,,,,,,,,
87,2194,0.57,***,,,,,,,,,,,,,,,,,
88,5715,1.5,*********,,,,,,,,,,,,,,,,,
89,3586,0.94,******,,,,,,,,,,,,,,,,,
90,4715,1.24,*******,,,,,,,,,,,,,,,,,
91,2448,0.64,****,,,,,,,,,,,,,,,,,
92,1313,0.34,**,,,,,,,,,,,,,,,,,
93,5090,1.33,********,,,,,,,,,,,,,,,,,
94,1667,0.44,***,,,,,,,,,,,,,,,,,
95,3992,1.05,******,,,,,,,,,,,,,,,,,
96,1602,0.42,***,,,,,,,,,,,,,,,,,
97,1245,0.33,**,,,,,,,,,,,,,,,,,
98,2147,0.56,***,,,,,,,,,,,,,,,,,
99,0,0,,,,,,,,,,,,,,,,,,
100,4056,1.06,******,,,,,,,,,,,,,,,,,
óﬂòaÇUîNìx â»ñ⁄ï ê¨ê—ï™ïzê}Åiñ{ééå±Åj,,,,,,,,,,,,,,,,,,,,
â»ñ⁄ñº,ñûì_,ç≈çÇì_,ç≈í·ì_,ïΩãœì_,ïWèÄïŒç∑,éÛå±é“êî,ìæì_ó¶,ÇTï™ílÇeÇP,ÇTï™ílÇeÇQ,ÇTï™ílÇeÇR,ÇTï™ílÇeÇS,ÇPíiäK,ÇQíiäK,ÇRíiäK,ÇSíiäK,ÇTíiäK,ÇUíiäK,ÇVíiäK,ÇWíiäK,ÇXíiäK
ï®óù,100,100,0,62.97,22.82,142525,0.6297,41,59,72,84,0Å`19,20Å`30,31Å`43,44Å`58,59Å`72,73Å`82,83Å`89,90Å`94,95Å`100
ì_êî,êlêî,î‰ó¶ÅiÅìÅj,,,,,,,,,,,,,,,,,,
ÇPíiäK,5437,3.814769,,,,,,,,,,,,,,,,,,
0,64,0.04,,,,,,,,,,,,,,,,,,
1,8,0.01,,,,,,,,,,,,,,,,,,
2,7,0,,,,,,,,,,,,,,,,,,
3,47,0.03,,,,,,,,,,,,,,,,,,
4,17,0.01,,,,,,,,,,,,,,,,,,
5,190,0.13,*,,,,,,,,,,,,,,,,,
6,75,0.05,,,,,,,,,,,,,,,,,,
7,35,0.02,,,,,,,,,,,,,,,,,,
8,281,0.2,*,,,,,,,,,,,,,,,,,
9,77,0.05,,,,,,,,,,,,,,,,,,
10,490,0.34,**,,,,,,,,,,,,,,,,,
11,166,0.12,*,,,,,,,,,,,,,,,,,
12,115,0.08,,,,,,,,,,,,,,,,,,
13,692,0.49,***,,,,,,,,,,,,,,,,,
14,220,0.15,*,,,,,,,,,,,,,,,,,
15,717,0.5,***,,,,,,,,,,,,,,,,,
16,405,0.28,**,,,,,,,,,,,,,,,,,
17,224,0.16,*,,,,,,,,,,,,,,,,,
18,1247,0.87,*****,,,,,,,,,,,,,,,,,
19,360,0.25,**,,,,,,,,,,,,,,,,,
ÇQíiäK,9973,6.997368,,,,,,,,,,,,,,,,,,
20,913,0.64,****,,,,,,,,,,,,,,,,,
21,700,0.49,***,,,,,,,,,,,,,,,,,
22,375,0.26,**,,,,,,,,,,,,,,,,,
23,1562,1.1,*******,,,,,,,,,,,,,,,,,
24,440,0.31,**,,,,,,,,,,,,,,,,,
25,979,0.69,****,,,,,,,,,,,,,,,,,
26,1018,0.71,****,,,,,,,,,,,,,,,,,
27,541,0.38,**,,,,,,,,,,,,,,,,,
28,1856,1.3,********,,,,,,,,,,,,,,,,,
29,646,0.45,***,,,,,,,,,,,,,,,,,
30,943,0.66,****,,,,,,,,,,,,,,,,,
ÇRíiäK,16355,11.475179,,,,,,,,,,,,,,,,,,
31,1396,0.98,******,,,,,,,,,,,,,,,,,
32,625,0.44,***,,,,,,,,,,,,,,,,,
33,1905,1.34,********,,,,,,,,,,,,,,,,,
34,728,0.51,***,,,,,,,,,,,,,,,,,
35,995,0.7,****,,,,,,,,,,,,,,,,,
36,1707,1.2,*******,,,,,,,,,,,,,,,,,
37,751,0.53,***,,,,,,,,,,,,,,,,,
38,1859,1.3,********,,,,,,,,,,,,,,,,,
39,951,0.67,****,,,,,,,,,,,,,,,,,
40,944,0.66,****,,,,,,,,,,,,,,,,,
41,1990,1.4,********,,,,,,,,,,,,,,,,,
42,857,0.6,****,,,,,,,,,,,,,,,,,
43,1647,1.16,*******,,,,,,,,,,,,,,,,,
ÇSíiäK,23744,16.659533,,,,,,,,,,,,,,,,,,
44,1200,0.84,*****,,,,,,,,,,,,,,,,,
45,1124,0.79,*****,,,,,,,,,,,,,,,,,
46,2323,1.63,**********,,,,,,,,,,,,,,,,,
47,950,0.67,****,,,,,,,,,,,,,,,,,
48,1540,1.08,******,,,,,,,,,,,,,,,,,
49,1610,1.13,*******,,,,,,,,,,,,,,,,,
50,1299,0.91,*****,,,,,,,,,,,,,,,,,
51,2413,1.69,**********,,,,,,,,,,,,,,,,,
52,1035,0.73,****,,,,,,,,,,,,,,,,,
53,1531,1.07,******,,,,,,,,,,,,,,,,,
54,2121,1.49,*********,,,,,,,,,,,,,,,,,
55,1510,1.06,******,,,,,,,,,,,,,,,,,
56,2529,1.77,***********,,,,,,,,,,,,,,,,,
57,1076,0.75,*****,,,,,,,,,,,,,,,,,
58,1483,1.04,******,,,,,,,,,,,,,,,,,
ÇTíiäK,28766,20.183125,,,,,,,,,,,,,,,,,,
59,2664,1.87,***********,,,,,,,,,,,,,,,,,
60,1726,1.21,*******,,,,,,,,,,,,,,,,,
61,2508,1.76,***********,,,,,,,,,,,,,,,,,
62,938,0.66,****,,,,,,,,,,,,,,,,,
63,1694,1.19,*******,,,,,,,,,,,,,,,,,
64,3275,2.3,**************,,,,,,,,,,,,,,,,,
65,1949,1.37,********,,,,,,,,,,,,,,,,,
66,2438,1.71,**********,,,,,,,,,,,,,,,,,
67,844,0.59,****,,,,,,,,,,,,,,,,,
68,2068,1.45,*********,,,,,,,,,,,,,,,,,
69,3645,2.56,***************,,,,,,,,,,,,,,,,,
70,2035,1.43,*********,,,,,,,,,,,,,,,,,
71,2226,1.56,*********,,,,,,,,,,,,,,,,,
72,756,0.53,***,,,,,,,,,,,,,,,,,
ÇUíiäK,23333,16.371162,,,,,,,,,,,,,,,,,,
73,2622,1.84,***********,,,,,,,,,,,,,,,,,
74,3843,2.7,****************,,,,,,,,,,,,,,,,,
75,2230,1.56,*********,,,,,,,,,,,,,,,,,
76,2152,1.51,*********,,,,,,,,,,,,,,,,,
77,634,0.44,***,,,,,,,,,,,,,,,,,
78,3303,2.32,**************,,,,,,,,,,,,,,,,,
79,3699,2.6,****************,,,,,,,,,,,,,,,,,
80,2387,1.67,**********,,,,,,,,,,,,,,,,,
81,1970,1.38,********,,,,,,,,,,,,,,,,,
82,493,0.35,**,,,,,,,,,,,,,,,,,
ÇVíiäK,17571,12.328363,,,,,,,,,,,,,,,,,,
83,3748,2.63,****************,,,,,,,,,,,,,,,,,
84,3099,2.17,*************,,,,,,,,,,,,,,,,,
85,2640,1.85,***********,,,,,,,,,,,,,,,,,
86,1556,1.09,*******,,,,,,,,,,,,,,,,,
87,379,0.27,**,,,,,,,,,,,,,,,,,
88,4170,2.93,******************,,,,,,,,,,,,,,,,,
89,1979,1.39,********,,,,,,,,,,,,,,,,,
ÇWíiäK,8621,6.048763,,,,,,,,,,,,,,,,,,
90,2993,2.1,*************,,,,,,,,,,,,,,,,,
91,1202,0.84,*****,,,,,,,,,,,,,,,,,
92,238,0.17,*,,,,,,,,,,,,,,,,,
93,3523,2.47,***************,,,,,,,,,,,,,,,,,
94,665,0.47,***,,,,,,,,,,,,,,,,,
ÇXíiäK,8725,6.121733,,,,,,,,,,,,,,,,,,
95,3408,2.39,**************,,,,,,,,,,,,,,,,,
96,550,0.39,**,,,,,,,,,,,,,,,,,
97,100,0.07,,,,,,,,,,,,,,,,,,
98,1799,1.26,********,,,,,,,,,,,,,,,,,
99,0,0,,,,,,,,,,,,,,,,,,
100,2868,2.01,************,,,,,,,,,,,,,,,,,
óﬂòaÇUîNìx â»ñ⁄ï ê¨ê—ï™ïzê}Åiñ{ééå±Åj,,,,,,,,,,,,,,,,,,,,
â»ñ⁄ñº,ñûì_,ç≈çÇì_,ç≈í·ì_,ïΩãœì_,ïWèÄïŒç∑,éÛå±é“êî,ìæì_ó¶,ÇTï™ílÇeÇP,ÇTï™ílÇeÇQ,ÇTï™ílÇeÇR,ÇTï™ílÇeÇS,ÇPíiäK,ÇQíiäK,ÇRíiäK,ÇSíiäK,ÇTíiäK,ÇUíiäK,ÇVíiäK,ÇWíiäK,ÇXíiäK
âªäw,100,100,0,54.77,20.95,180779,0.5477,34,47,60,74,0Å`20,21Å`27,28Å`36,37Å`47,48Å`59,60Å`71,72Å`82,83Å`91,92Å`100
ì_êî,êlêî,î‰ó¶ÅiÅìÅj,,,,,,,,,,,,,,,,,,
ÇPíiäK,6533,3.613804,,,,,,,,,,,,,,,,,,
0,30,0.02,,,,,,,,,,,,,,,,,,
1,0,0,,,,,,,,,,,,,,,,,,
2,3,0,,,,,,,,,,,,,,,,,,
3,26,0.01,,,,,,,,,,,,,,,,,,
4,7,0,,,,,,,,,,,,,,,,,,
5,9,0,,,,,,,,,,,,,,,,,,
6,61,0.03,,,,,,,,,,,,,,,,,,
7,55,0.03,,,,,,,,,,,,,,,,,,
8,33,0.02,,,,,,,,,,,,,,,,,,
9,114,0.06,,,,,,,,,,,,,,,,,,
10,191,0.11,*,,,,,,,,,,,,,,,,,
11,155,0.09,*,,,,,,,,,,,,,,,,,
12,217,0.12,*,,,,,,,,,,,,,,,,,
13,398,0.22,*,,,,,,,,,,,,,,,,,
14,374,0.21,*,,,,,,,,,,,,,,,,,
15,422,0.23,*,,,,,,,,,,,,,,,,,
16,629,0.35,**,,,,,,,,,,,,,,,,,
17,774,0.43,***,,,,,,,,,,,,,,,,,
18,708,0.39,**,,,,,,,,,,,,,,,,,
19,1115,0.62,****,,,,,,,,,,,,,,,,,
20,1212,0.67,****,,,,,,,,,,,,,,,,,
ÇQíiäK,11557,6.392888,,,,,,,,,,,,,,,,,,
21,1153,0.64,****,,,,,,,,,,,,,,,,,
22,1301,0.72,****,,,,,,,,,,,,,,,,,
23,1657,0.92,*****,,,,,,,,,,,,,,,,,
24,1674,0.93,******,,,,,,,,,,,,,,,,,
25,1646,0.91,*****,,,,,,,,,,,,,,,,,
26,2019,1.12,*******,,,,,,,,,,,,,,,,,
27,2107,1.17,*******,,,,,,,,,,,,,,,,,
ÇRíiäK,22799,12.611531,,,,,,,,,,,,,,,,,,
28,2127,1.18,*******,,,,,,,,,,,,,,,,,
29,2279,1.26,********,,,,,,,,,,,,,,,,,
30,2466,1.36,********,,,,,,,,,,,,,,,,,
31,2425,1.34,********,,,,,,,,,,,,,,,,,
32,2483,1.37,********,,,,,,,,,,,,,,,,,
33,2827,1.56,*********,,,,,,,,,,,,,,,,,
34,2703,1.5,*********,,,,,,,,,,,,,,,,,
35,2664,1.47,*********,,,,,,,,,,,,,,,,,
36,2825,1.56,*********,,,,,,,,,,,,,,,,,
ÇSíiäK,31311,17.320042,,,,,,,,,,,,,,,,,,
37,2855,1.58,*********,,,,,,,,,,,,,,,,,
38,2877,1.59,**********,,,,,,,,,,,,,,,,,
39,2887,1.6,**********,,,,,,,,,,,,,,,,,
40,2911,1.61,**********,,,,,,,,,,,,,,,,,
41,2724,1.51,*********,,,,,,,,,,,,,,,,,
42,2881,1.59,**********,,,,,,,,,,,,,,,,,
43,2769,1.53,*********,,,,,,,,,,,,,,,,,
44,2846,1.57,*********,,,,,,,,,,,,,,,,,
45,2866,1.59,**********,,,,,,,,,,,,,,,,,
46,2806,1.55,*********,,,,,,,,,,,,,,,,,
47,2889,1.6,**********,,,,,,,,,,,,,,,,,
ÇTíiäK,34039,18.829067,,,,,,,,,,,,,,,,,,
48,2771,1.53,*********,,,,,,,,,,,,,,,,,
49,2831,1.57,*********,,,,,,,,,,,,,,,,,
50,2848,1.58,*********,,,,,,,,,,,,,,,,,
51,2824,1.56,*********,,,,,,,,,,,,,,,,,
52,2857,1.58,*********,,,,,,,,,,,,,,,,,
53,2872,1.59,**********,,,,,,,,,,,,,,,,,
54,2793,1.54,*********,,,,,,,,,,,,,,,,,
55,2951,1.63,**********,,,,,,,,,,,,,,,,,
56,2813,1.56,*********,,,,,,,,,,,,,,,,,
57,2830,1.57,*********,,,,,,,,,,,,,,,,,
58,2808,1.55,*********,,,,,,,,,,,,,,,,,
59,2841,1.57,*********,,,,,,,,,,,,,,,,,
ÇUíiäK,30847,17.063375,,,,,,,,,,,,,,,,,,
60,2748,1.52,*********,,,,,,,,,,,,,,,,,
61,2701,1.49,*********,,,,,,,,,,,,,,,,,
62,2738,1.51,*********,,,,,,,,,,,,,,,,,
63,2557,1.41,********,,,,,,,,,,,,,,,,,
64,2656,1.47,*********,,,,,,,,,,,,,,,,,
65,2670,1.48,*********,,,,,,,,,,,,,,,,,
66,2552,1.41,********,,,,,,,,,,,,,,,,,
67,2517,1.39,********,,,,,,,,,,,,,,,,,
68,2518,1.39,********,,,,,,,,,,,,,,,,,
69,2492,1.38,********,,,,,,,,,,,,,,,,,
70,2380,1.32,********,,,,,,,,,,,,,,,,,
71,2318,1.28,********,,,,,,,,,,,,,,,,,
ÇVíiäK,22728,12.572256,,,,,,,,,,,,,,,,,,
72,2326,1.29,********,,,,,,,,,,,,,,,,,
73,2212,1.22,*******,,,,,,,,,,,,,,,,,
74,2121,1.17,*******,,,,,,,,,,,,,,,,,
75,2197,1.22,*******,,,,,,,,,,,,,,,,,
76,2209,1.22,*******,,,,,,,,,,,,,,,,,
77,2035,1.13,*******,,,,,,,,,,,,,,,,,
78,1999,1.11,*******,,,,,,,,,,,,,,,,,
79,2056,1.14,*******,,,,,,,,,,,,,,,,,
80,1962,1.09,*******,,,,,,,,,,,,,,,,,
81,1771,0.98,******,,,,,,,,,,,,,,,,,
82,1840,1.02,******,,,,,,,,,,,,,,,,,
ÇWíiäK,13537,7.488148,,,,,,,,,,,,,,,,,,
83,1915,1.06,******,,,,,,,,,,,,,,,,,
84,1524,0.84,*****,,,,,,,,,,,,,,,,,
85,1555,0.86,*****,,,,,,,,,,,,,,,,,
86,1762,0.97,******,,,,,,,,,,,,,,,,,
87,1540,0.85,*****,,,,,,,,,,,,,,,,,
88,1187,0.66,****,,,,,,,,,,,,,,,,,
89,1449,0.8,*****,,,,,,,,,,,,,,,,,
90,1558,0.86,*****,,,,,,,,,,,,,,,,,
91,1047,0.58,***,,,,,,,,,,,,,,,,,
ÇXíiäK,7428,4.108884,,,,,,,,,,,,,,,,,,
92,929,0.51,***,,,,,,,,,,,,,,,,,
93,1472,0.81,*****,,,,,,,,,,,,,,,,,
94,987,0.55,***,,,,,,,,,,,,,,,,,
95,489,0.27,**,,,,,,,,,,,,,,,,,
96,959,0.53,***,,,,,,,,,,,,,,,,,
97,1110,0.61,****,,,,,,,,,,,,,,,,,
98,344,0.19,*,,,,,,,,,,,,,,,,,
99,0,0,,,,,,,,,,,,,,,,,,
100,1138,0.63,****,,,,,,,,,,,,,,,,,
óﬂòaÇUîNìx â»ñ⁄ï ê¨ê—ï™ïzê}Åiñ{ééå±Åj,,,,,,,,,,,,,,,,,,,,
â»ñ⁄ñº,ñûì_,ç≈çÇì_,ç≈í·ì_,ïΩãœì_,ïWèÄïŒç∑,éÛå±é“êî,ìæì_ó¶,ÇTï™ílÇeÇP,ÇTï™ílÇeÇQ,ÇTï™ílÇeÇR,ÇTï™ílÇeÇS,ÇPíiäK,ÇQíiäK,ÇRíiäK,ÇSíiäK,ÇTíiäK,ÇUíiäK,ÇVíiäK,ÇWíiäK,ÇXíiäK
ê∂ï®,100,100,0,54.82,17.98,56596,0.5482,38,50,60,71,0Å`22,23Å`30,31Å`39,40Å`49,50Å`60,61Å`69,70Å`77,78Å`83,84Å`100
ì_êî,êlêî,î‰ó¶ÅiÅìÅj,,,,,,,,,,,,,,,,,,
ÇPíiäK,1977,3.493179,,,,,,,,,,,,,,,,,,
0,4,0.01,,,,,,,,,,,,,,,,,,
1,0,0,,,,,,,,,,,,,,,,,,
2,2,0,,,,,,,,,,,,,,,,,,
3,2,0,,,,,,,,,,,,,,,,,,
4,1,0,,,,,,,,,,,,,,,,,,
5,3,0.01,,,,,,,,,,,,,,,,,,
6,8,0.01,,,,,,,,,,,,,,,,,,
7,14,0.02,,,,,,,,,,,,,,,,,,
8,9,0.02,,,,,,,,,,,,,,,,,,
9,23,0.04,,,,,,,,,,,,,,,,,,
10,32,0.06,,,,,,,,,,,,,,,,,,
11,44,0.08,,,,,,,,,,,,,,,,,,
12,45,0.08,,,,,,,,,,,,,,,,,,
13,68,0.12,*,,,,,,,,,,,,,,,,,
14,76,0.13,*,,,,,,,,,,,,,,,,,
15,100,0.18,*,,,,,,,,,,,,,,,,,
16,138,0.24,*,,,,,,,,,,,,,,,,,
17,160,0.28,**,,,,,,,,,,,,,,,,,
18,160,0.28,**,,,,,,,,,,,,,,,,,
19,201,0.36,**,,,,,,,,,,,,,,,,,
20,252,0.45,***,,,,,,,,,,,,,,,,,
21,294,0.52,***,,,,,,,,,,,,,,,,,
22,341,0.6,****,,,,,,,,,,,,,,,,,
ÇQíiäK,3861,6.822036,,,,,,,,,,,,,,,,,,
23,353,0.62,****,,,,,,,,,,,,,,,,,
24,393,0.69,****,,,,,,,,,,,,,,,,,
25,446,0.79,*****,,,,,,,,,,,,,,,,,
26,435,0.77,*****,,,,,,,,,,,,,,,,,
27,523,0.92,******,,,,,,,,,,,,,,,,,
28,533,0.94,******,,,,,,,,,,,,,,,,,
29,561,0.99,******,,,,,,,,,,,,,,,,,
30,617,1.09,*******,,,,,,,,,,,,,,,,,
ÇRíiäK,6635,11.723443,,,,,,,,,,,,,,,,,,
31,638,1.13,*******,,,,,,,,,,,,,,,,,
32,658,1.16,*******,,,,,,,,,,,,,,,,,
33,674,1.19,*******,,,,,,,,,,,,,,,,,
34,708,1.25,********,,,,,,,,,,,,,,,,,
35,747,1.32,********,,,,,,,,,,,,,,,,,
36,764,1.35,********,,,,,,,,,,,,,,,,,
37,785,1.39,********,,,,,,,,,,,,,,,,,
38,836,1.48,*********,,,,,,,,,,,,,,,,,
39,825,1.46,*********,,,,,,,,,,,,,,,,,
ÇSíiäK,9565,16.900487,,,,,,,,,,,,,,,,,,
40,897,1.58,**********,,,,,,,,,,,,,,,,,
41,875,1.55,*********,,,,,,,,,,,,,,,,,
42,905,1.6,**********,,,,,,,,,,,,,,,,,
43,935,1.65,**********,,,,,,,,,,,,,,,,,
44,993,1.75,***********,,,,,,,,,,,,,,,,,
45,969,1.71,**********,,,,,,,,,,,,,,,,,
46,968,1.71,**********,,,,,,,,,,,,,,,,,
47,990,1.75,**********,,,,,,,,,,,,,,,,,
48,1000,1.77,***********,,,,,,,,,,,,,,,,,
49,1033,1.83,***********,,,,,,,,,,,,,,,,,
ÇTíiäK,11828,20.899003,,,,,,,,,,,,,,,,,,
50,1061,1.87,***********,,,,,,,,,,,,,,,,,
51,1073,1.9,***********,,,,,,,,,,,,,,,,,
52,1097,1.94,************,,,,,,,,,,,,,,,,,
53,1032,1.82,***********,,,,,,,,,,,,,,,,,
54,1066,1.88,***********,,,,,,,,,,,,,,,,,
55,1068,1.89,***********,,,,,,,,,,,,,,,,,
56,1089,1.92,************,,,,,,,,,,,,,,,,,
57,1063,1.88,***********,,,,,,,,,,,,,,,,,
58,1073,1.9,***********,,,,,,,,,,,,,,,,,
59,1122,1.98,************,,,,,,,,,,,,,,,,,
60,1084,1.92,***********,,,,,,,,,,,,,,,,,
ÇUíiäK,9455,16.706127,,,,,,,,,,,,,,,,,,
61,1055,1.86,***********,,,,,,,,,,,,,,,,,
62,1091,1.93,************,,,,,,,,,,,,,,,,,
63,1043,1.84,***********,,,,,,,,,,,,,,,,,
64,1070,1.89,***********,,,,,,,,,,,,,,,,,
65,1087,1.92,************,,,,,,,,,,,,,,,,,
66,1105,1.95,************,,,,,,,,,,,,,,,,,
67,1012,1.79,***********,,,,,,,,,,,,,,,,,
68,983,1.74,**********,,,,,,,,,,,,,,,,,
69,1009,1.78,***********,,,,,,,,,,,,,,,,,
ÇVíiäK,6957,12.292388,,,,,,,,,,,,,,,,,,
70,998,1.76,***********,,,,,,,,,,,,,,,,,
71,963,1.7,**********,,,,,,,,,,,,,,,,,
72,909,1.61,**********,,,,,,,,,,,,,,,,,
73,839,1.48,*********,,,,,,,,,,,,,,,,,
74,931,1.64,**********,,,,,,,,,,,,,,,,,
75,781,1.38,********,,,,,,,,,,,,,,,,,
76,788,1.39,********,,,,,,,,,,,,,,,,,
77,748,1.32,********,,,,,,,,,,,,,,,,,
ÇWíiäK,3693,6.525196,,,,,,,,,,,,,,,,,,
78,746,1.32,********,,,,,,,,,,,,,,,,,
79,717,1.27,********,,,,,,,,,,,,,,,,,
80,548,0.97,******,,,,,,,,,,,,,,,,,
81,591,1.04,******,,,,,,,,,,,,,,,,,
82,478,0.84,*****,,,,,,,,,,,,,,,,,
83,613,1.08,******,,,,,,,,,,,,,,,,,
ÇXíiäK,2625,4.638136,,,,,,,,,,,,,,,,,,
84,415,0.73,****,,,,,,,,,,,,,,,,,
85,307,0.54,***,,,,,,,,,,,,,,,,,
86,378,0.67,****,,,,,,,,,,,,,,,,,
87,274,0.48,***,,,,,,,,,,,,,,,,,
88,326,0.58,***,,,,,,,,,,,,,,,,,
89,137,0.24,*,,,,,,,,,,,,,,,,,
90,161,0.28,**,,,,,,,,,,,,,,,,,
91,198,0.35,**,,,,,,,,,,,,,,,,,
92,120,0.21,*,,,,,,,,,,,,,,,,,
93,79,0.14,*,,,,,,,,,,,,,,,,,
94,15,0.03,,,,,,,,,,,,,,,,,,
95,95,0.17,*,,,,,,,,,,,,,,,,,
96,62,0.11,*,,,,,,,,,,,,,,,,,
97,27,0.05,,,,,,,,,,,,,,,,,,
98,4,0.01,,,,,,,,,,,,,,,,,,
99,0,0,,,,,,,,,,,,,,,,,,
100,27,0.05,,,,,,,,,,,,,,,,,,
óﬂòaÇUîNìx â»ñ⁄ï ê¨ê—ï™ïzê}Åiñ{ééå±Åj,,,,,,,,,,,,,,,,,,,,
â»ñ⁄ñº,ñûì_,ç≈çÇì_,ç≈í·ì_,ïΩãœì_,ïWèÄïŒç∑,éÛå±é“êî,ìæì_ó¶,ÇTï™ílÇeÇP,ÇTï™ílÇeÇQ,ÇTï™ílÇeÇR,ÇTï™ílÇeÇS,ÇPíiäK,ÇQíiäK,ÇRíiäK,ÇSíiäK,ÇTíiäK,ÇUíiäK,ÇVíiäK,ÇWíiäK,ÇXíiäK
ínäw,100,100,0,56.62,19.83,1792,0.5662,38,50,60,74,0Å`24,25Å`32,33Å`40,41Å`49,50Å`59,60Å`72,73Å`84,85Å`92,93Å`100
ì_êî,êlêî,î‰ó¶ÅiÅìÅj,,,,,,,,,,,,,,,,,,
ÇPíiäK,72,4.017857,,,,,,,,,,,,,,,,,,
0,1,0.06,,,,,,,,,,,,,,,,,,
1,0,0,,,,,,,,,,,,,,,,,,
2,0,0,,,,,,,,,,,,,,,,,,
3,0,0,,,,,,,,,,,,,,,,,,
4,0,0,,,,,,,,,,,,,,,,,,
5,0,0,,,,,,,,,,,,,,,,,,
6,0,0,,,,,,,,,,,,,,,,,,
7,0,0,,,,,,,,,,,,,,,,,,
8,0,0,,,,,,,,,,,,,,,,,,
9,0,0,,,,,,,,,,,,,,,,,,
10,1,0.06,,,,,,,,,,,,,,,,,,
11,3,0.17,*,,,,,,,,,,,,,,,,,
12,0,0,,,,,,,,,,,,,,,,,,
13,0,0,,,,,,,,,,,,,,,,,,
14,6,0.33,**,,,,,,,,,,,,,,,,,
15,4,0.22,*,,,,,,,,,,,,,,,,,
16,1,0.06,,,,,,,,,,,,,,,,,,
17,3,0.17,*,,,,,,,,,,,,,,,,,
18,7,0.39,**,,,,,,,,,,,,,,,,,
19,5,0.28,**,,,,,,,,,,,,,,,,,
20,1,0.06,,,,,,,,,,,,,,,,,,
21,5,0.28,**,,,,,,,,,,,,,,,,,
22,15,0.84,*****,,,,,,,,,,,,,,,,,
23,15,0.84,*****,,,,,,,,,,,,,,,,,
24,5,0.28,**,,,,,,,,,,,,,,,,,
ÇQíiäK,118,6.584821,,,,,,,,,,,,,,,,,,
25,12,0.67,****,,,,,,,,,,,,,,,,,
26,22,1.23,*******,,,,,,,,,,,,,,,,,
27,4,0.22,*,,,,,,,,,,,,,,,,,
28,6,0.33,**,,,,,,,,,,,,,,,,,
29,18,1,******,,,,,,,,,,,,,,,,,
30,26,1.45,*********,,,,,,,,,,,,,,,,,
31,13,0.73,****,,,,,,,,,,,,,,,,,
32,17,0.95,******,,,,,,,,,,,,,,,,,
ÇRíiäK,209,11.662946,,,,,,,,,,,,,,,,,,
33,29,1.62,**********,,,,,,,,,,,,,,,,,
34,27,1.51,*********,,,,,,,,,,,,,,,,,
35,25,1.4,********,,,,,,,,,,,,,,,,,
36,39,2.18,*************,,,,,,,,,,,,,,,,,
37,23,1.28,********,,,,,,,,,,,,,,,,,
38,31,1.73,**********,,,,,,,,,,,,,,,,,
39,12,0.67,****,,,,,,,,,,,,,,,,,
40,23,1.28,********,,,,,,,,,,,,,,,,,
ÇSíiäK,297,16.57366,,,,,,,,,,,,,,,,,,
41,32,1.79,***********,,,,,,,,,,,,,,,,,
42,29,1.62,**********,,,,,,,,,,,,,,,,,
43,29,1.62,**********,,,,,,,,,,,,,,,,,
44,38,2.12,*************,,,,,,,,,,,,,,,,,
45,38,2.12,*************,,,,,,,,,,,,,,,,,
46,22,1.23,*******,,,,,,,,,,,,,,,,,
47,30,1.67,**********,,,,,,,,,,,,,,,,,
48,40,2.23,*************,,,,,,,,,,,,,,,,,
49,39,2.18,*************,,,,,,,,,,,,,,,,,
ÇTíiäK,357,19.921875,,,,,,,,,,,,,,,,,,
50,25,1.4,********,,,,,,,,,,,,,,,,,
51,48,2.68,****************,,,,,,,,,,,,,,,,,
52,42,2.34,**************,,,,,,,,,,,,,,,,,
53,45,2.51,***************,,,,,,,,,,,,,,,,,
54,29,1.62,**********,,,,,,,,,,,,,,,,,
55,29,1.62,**********,,,,,,,,,,,,,,,,,
56,43,2.4,**************,,,,,,,,,,,,,,,,,
57,33,1.84,***********,,,,,,,,,,,,,,,,,
58,30,1.67,**********,,,,,,,,,,,,,,,,,
59,33,1.84,***********,,,,,,,,,,,,,,,,,
ÇUíiäK,325,18.13616,,,,,,,,,,,,,,,,,,
60,33,1.84,***********,,,,,,,,,,,,,,,,,
61,20,1.12,*******,,,,,,,,,,,,,,,,,
62,20,1.12,*******,,,,,,,,,,,,,,,,,
63,47,2.62,****************,,,,,,,,,,,,,,,,,
64,24,1.34,********,,,,,,,,,,,,,,,,,
65,10,0.56,***,,,,,,,,,,,,,,,,,
66,30,1.67,**********,,,,,,,,,,,,,,,,,
67,42,2.34,**************,,,,,,,,,,,,,,,,,
68,15,0.84,*****,,,,,,,,,,,,,,,,,
69,13,0.73,****,,,,,,,,,,,,,,,,,
70,33,1.84,***********,,,,,,,,,,,,,,,,,
71,33,1.84,***********,,,,,,,,,,,,,,,,,
72,5,0.28,**,,,,,,,,,,,,,,,,,
ÇVíiäK,217,12.109375,,,,,,,,,,,,,,,,,,
73,19,1.06,******,,,,,,,,,,,,,,,,,
74,29,1.62,**********,,,,,,,,,,,,,,,,,
75,22,1.23,*******,,,,,,,,,,,,,,,,,
76,10,0.56,***,,,,,,,,,,,,,,,,,
77,25,1.4,********,,,,,,,,,,,,,,,,,
78,22,1.23,*******,,,,,,,,,,,,,,,,,
79,11,0.61,****,,,,,,,,,,,,,,,,,
80,10,0.56,***,,,,,,,,,,,,,,,,,
81,23,1.28,********,,,,,,,,,,,,,,,,,
82,22,1.23,*******,,,,,,,,,,,,,,,,,
83,3,0.17,*,,,,,,,,,,,,,,,,,
84,21,1.17,*******,,,,,,,,,,,,,,,,,
ÇWíiäK,119,6.640625,,,,,,,,,,,,,,,,,,
85,30,1.67,**********,,,,,,,,,,,,,,,,,
86,5,0.28,**,,,,,,,,,,,,,,,,,
87,1,0.06,,,,,,,,,,,,,,,,,,
88,32,1.79,***********,,,,,,,,,,,,,,,,,
89,21,1.17,*******,,,,,,,,,,,,,,,,,
90,3,0.17,*,,,,,,,,,,,,,,,,,
91,1,0.06,,,,,,,,,,,,,,,,,,
92,26,1.45,*********,,,,,,,,,,,,,,,,,
ÇXíiäK,78,4.352678,,,,,,,,,,,,,,,,,,
93,16,0.89,*****,,,,,,,,,,,,,,,,,
94,0,0,,,,,,,,,,,,,,,,,,
95,0,0,,,,,,,,,,,,,,,,,,
96,31,1.73,**********,,,,,,,,,,,,,,,,,
97,8,0.45,***,,,,,,,,,,,,,,,,,
98,0,0,,,,,,,,,,,,,,,,,,
99,0,0,,,,,,,,,,,,,,,,,,
100,23,1.28,********,,,,,,,,,,,,,,,,,
óﬂòaÇUîNìx ã≥â»ï ê¨ê—ï™ïzê}Åiñ{ééå±Åj,,,,,,,,,,,,,,,,,,,,
ã≥â»ñº,ñûì_,ç≈çÇì_,ç≈í·ì_,ïΩãœì_,ïWèÄïŒç∑,éÛå±é“êî,ìæì_ó¶,ÇTï™ílÇeÇP,ÇTï™ílÇeÇQ,ÇTï™ílÇeÇR,ÇTï™ílÇeÇS,,,,,,,,,
âpåÍÅiÉäÅ[ÉfÉBÉìÉOÅj,100,100,0,51.54,19.94,449328,0.5154,32,44,57,70,,,,,,,,,
ì_êî,êlêî,î‰ó¶ÅiÅìÅj,,,,,,,,,,,,,,,,,,
0,25,0.01,,,,,,,,,,,,,,,,,,
1,0,0,,,,,,,,,,,,,,,,,,
2,17,0,,,,,,,,,,,,,,,,,,
3,5,0,,,,,,,,,,,,,,,,,,
4,38,0.01,,,,,,,,,,,,,,,,,,
5,30,0.01,,,,,,,,,,,,,,,,,,
6,80,0.02,,,,,,,,,,,,,,,,,,
7,125,0.03,,,,,,,,,,,,,,,,,,
8,174,0.04,,,,,,,,,,,,,,,,,,
9,274,0.06,,,,,,,,,,,,,,,,,,
10,443,0.1,*,,,,,,,,,,,,,,,,,
11,607,0.14,*,,,,,,,,,,,,,,,,,
12,821,0.18,*,,,,,,,,,,,,,,,,,
13,1042,0.23,*,,,,,,,,,,,,,,,,,
14,1373,0.31,**,,,,,,,,,,,,,,,,,
15,1687,0.38,**,,,,,,,,,,,,,,,,,
16,2142,0.48,***,,,,,,,,,,,,,,,,,
17,2636,0.59,****,,,,,,,,,,,,,,,,,
18,3033,0.68,****,,,,,,,,,,,,,,,,,
19,3415,0.76,*****,,,,,,,,,,,,,,,,,
20,3777,0.84,*****,,,,,,,,,,,,,,,,,
21,4329,0.96,******,,,,,,,,,,,,,,,,,
22,4825,1.07,******,,,,,,,,,,,,,,,,,
23,4950,1.1,*******,,,,,,,,,,,,,,,,,
24,5485,1.22,*******,,,,,,,,,,,,,,,,,
25,5641,1.26,********,,,,,,,,,,,,,,,,,
26,5947,1.32,********,,,,,,,,,,,,,,,,,
27,6077,1.35,********,,,,,,,,,,,,,,,,,
28,6275,1.4,********,,,,,,,,,,,,,,,,,
29,6361,1.42,********,,,,,,,,,,,,,,,,,
30,6514,1.45,*********,,,,,,,,,,,,,,,,,
31,6696,1.49,*********,,,,,,,,,,,,,,,,,
32,6780,1.51,*********,,,,,,,,,,,,,,,,,
33,6742,1.5,*********,,,,,,,,,,,,,,,,,
34,6825,1.52,*********,,,,,,,,,,,,,,,,,
35,6843,1.52,*********,,,,,,,,,,,,,,,,,
36,6978,1.55,*********,,,,,,,,,,,,,,,,,
37,6966,1.55,*********,,,,,,,,,,,,,,,,,
38,6998,1.56,*********,,,,,,,,,,,,,,,,,
39,7125,1.59,**********,,,,,,,,,,,,,,,,,
40,7028,1.56,*********,,,,,,,,,,,,,,,,,
41,7174,1.6,**********,,,,,,,,,,,,,,,,,
42,7227,1.61,**********,,,,,,,,,,,,,,,,,
43,7237,1.61,**********,,,,,,,,,,,,,,,,,
44,7297,1.62,**********,,,,,,,,,,,,,,,,,
45,7412,1.65,**********,,,,,,,,,,,,,,,,,
46,7441,1.66,**********,,,,,,,,,,,,,,,,,
47,7428,1.65,**********,,,,,,,,,,,,,,,,,
48,7479,1.66,**********,,,,,,,,,,,,,,,,,
49,7553,1.68,**********,,,,,,,,,,,,,,,,,
50,7460,1.66,**********,,,,,,,,,,,,,,,,,
51,7410,1.65,**********,,,,,,,,,,,,,,,,,
52,7420,1.65,**********,,,,,,,,,,,,,,,,,
53,7423,1.65,**********,,,,,,,,,,,,,,,,,
54,7530,1.68,**********,,,,,,,,,,,,,,,,,
55,7350,1.64,**********,,,,,,,,,,,,,,,,,
56,7389,1.64,**********,,,,,,,,,,,,,,,,,
57,7465,1.66,**********,,,,,,,,,,,,,,,,,
58,7272,1.62,**********,,,,,,,,,,,,,,,,,
59,7275,1.62,**********,,,,,,,,,,,,,,,,,
60,7129,1.59,**********,,,,,,,,,,,,,,,,,
61,7128,1.59,**********,,,,,,,,,,,,,,,,,
62,6879,1.53,*********,,,,,,,,,,,,,,,,,
63,7030,1.56,*********,,,,,,,,,,,,,,,,,
64,6808,1.52,*********,,,,,,,,,,,,,,,,,
65,6695,1.49,*********,,,,,,,,,,,,,,,,,
66,6687,1.49,*********,,,,,,,,,,,,,,,,,
67,6374,1.42,*********,,,,,,,,,,,,,,,,,
68,6481,1.44,*********,,,,,,,,,,,,,,,,,
69,6065,1.35,********,,,,,,,,,,,,,,,,,
70,5906,1.31,********,,,,,,,,,,,,,,,,,
71,5834,1.3,********,,,,,,,,,,,,,,,,,
72,5704,1.27,********,,,,,,,,,,,,,,,,,
73,5572,1.24,*******,,,,,,,,,,,,,,,,,
74,5241,1.17,*******,,,,,,,,,,,,,,,,,
75,5130,1.14,*******,,,,,,,,,,,,,,,,,
76,5114,1.14,*******,,,,,,,,,,,,,,,,,
77,4715,1.05,******,,,,,,,,,,,,,,,,,
78,4581,1.02,******,,,,,,,,,,,,,,,,,
79,4242,0.94,******,,,,,,,,,,,,,,,,,
80,4076,0.91,*****,,,,,,,,,,,,,,,,,
81,3982,0.89,*****,,,,,,,,,,,,,,,,,
82,3660,0.81,*****,,,,,,,,,,,,,,,,,
83,3569,0.79,*****,,,,,,,,,,,,,,,,,
84,3294,0.73,****,,,,,,,,,,,,,,,,,
85,2841,0.63,****,,,,,,,,,,,,,,,,,
86,3154,0.7,****,,,,,,,,,,,,,,,,,
87,2409,0.54,***,,,,,,,,,,,,,,,,,
88,2204,0.49,***,,,,,,,,,,,,,,,,,
89,2635,0.59,****,,,,,,,,,,,,,,,,,
90,1541,0.34,**,,,,,,,,,,,,,,,,,
91,1955,0.44,***,,,,,,,,,,,,,,,,,
92,2013,0.45,***,,,,,,,,,,,,,,,,,
93,661,0.15,*,,,,,,,,,,,,,,,,,
94,1672,0.37,**,,,,,,,,,,,,,,,,,
95,1072,0.24,*,,,,,,,,,,,,,,,,,
96,111,0.02,,,,,,,,,,,,,,,,,,
97,1235,0.27,**,,,,,,,,,,,,,,,,,
98,217,0.05,,,,,,,,,,,,,,,,,,
99,0,0,,,,,,,,,,,,,,,,,,
100,341,0.08,,,,,,,,,,,,,,,,,,
óﬂòaÇUîNìx â»ñ⁄ï ê¨ê—ï™ïzê}Åiñ{ééå±Åj,,,,,,,,,,,,,,,,,,,,
â»ñ⁄ñº,ñûì_,ç≈çÇì_,ç≈í·ì_,ïΩãœì_,ïWèÄïŒç∑,éÛå±é“êî,ìæì_ó¶,ÇTï™ílÇeÇP,ÇTï™ílÇeÇQ,ÇTï™ílÇeÇR,ÇTï™ílÇeÇS,ÇPíiäK,ÇQíiäK,ÇRíiäK,ÇSíiäK,ÇTíiäK,ÇUíiäK,ÇVíiäK,ÇWíiäK,ÇXíiäK
âpåÍÅiÉäÅ[ÉfÉBÉìÉOÅj,100,100,0,51.54,19.94,449328,0.5154,32,44,57,70,0Å`19,20Å`25,26Å`33,34Å`44,45Å`56,57Å`67,68Å`77,78Å`86,87Å`100
ì_êî,êlêî,î‰ó¶ÅiÅìÅj,,,,,,,,,,,,,,,,,,
ÇPíiäK,17967,3.998637,,,,,,,,,,,,,,,,,,
0,25,0.01,,,,,,,,,,,,,,,,,,
1,0,0,,,,,,,,,,,,,,,,,,
2,17,0,,,,,,,,,,,,,,,,,,
3,5,0,,,,,,,,,,,,,,,,,,
4,38,0.01,,,,,,,,,,,,,,,,,,
5,30,0.01,,,,,,,,,,,,,,,,,,
6,80,0.02,,,,,,,,,,,,,,,,,,
7,125,0.03,,,,,,,,,,,,,,,,,,
8,174,0.04,,,,,,,,,,,,,,,,,,
9,274,0.06,,,,,,,,,,,,,,,,,,
10,443,0.1,*,,,,,,,,,,,,,,,,,
11,607,0.14,*,,,,,,,,,,,,,,,,,
12,821,0.18,*,,,,,,,,,,,,,,,,,
13,1042,0.23,*,,,,,,,,,,,,,,,,,
14,1373,0.31,**,,,,,,,,,,,,,,,,,
15,1687,0.38,**,,,,,,,,,,,,,,,,,
16,2142,0.48,***,,,,,,,,,,,,,,,,,
17,2636,0.59,****,,,,,,,,,,,,,,,,,
18,3033,0.68,****,,,,,,,,,,,,,,,,,
19,3415,0.76,*****,,,,,,,,,,,,,,,,,
ÇQíiäK,29007,6.45564,,,,,,,,,,,,,,,,,,
20,3777,0.84,*****,,,,,,,,,,,,,,,,,
21,4329,0.96,******,,,,,,,,,,,,,,,,,
22,4825,1.07,******,,,,,,,,,,,,,,,,,
23,4950,1.1,*******,,,,,,,,,,,,,,,,,
24,5485,1.22,*******,,,,,,,,,,,,,,,,,
25,5641,1.26,********,,,,,,,,,,,,,,,,,
ÇRíiäK,51392,11.437524,,,,,,,,,,,,,,,,,,
26,5947,1.32,********,,,,,,,,,,,,,,,,,
27,6077,1.35,********,,,,,,,,,,,,,,,,,
28,6275,1.4,********,,,,,,,,,,,,,,,,,
29,6361,1.42,********,,,,,,,,,,,,,,,,,
30,6514,1.45,*********,,,,,,,,,,,,,,,,,
31,6696,1.49,*********,,,,,,,,,,,,,,,,,
32,6780,1.51,*********,,,,,,,,,,,,,,,,,
33,6742,1.5,*********,,,,,,,,,,,,,,,,,
ÇSíiäK,77698,17.292045,,,,,,,,,,,,,,,,,,
34,6825,1.52,*********,,,,,,,,,,,,,,,,,
35,6843,1.52,*********,,,,,,,,,,,,,,,,,
36,6978,1.55,*********,,,,,,,,,,,,,,,,,
37,6966,1.55,*********,,,,,,,,,,,,,,,,,
38,6998,1.56,*********,,,,,,,,,,,,,,,,,
39,7125,1.59,**********,,,,,,,,,,,,,,,,,
40,7028,1.56,*********,,,,,,,,,,,,,,,,,
41,7174,1.6,**********,,,,,,,,,,,,,,,,,
42,7227,1.61,**********,,,,,,,,,,,,,,,,,
43,7237,1.61,**********,,,,,,,,,,,,,,,,,
44,7297,1.62,**********,,,,,,,,,,,,,,,,,
ÇTíiäK,89295,19.87301,,,,,,,,,,,,,,,,,,
45,7412,1.65,**********,,,,,,,,,,,,,,,,,
46,7441,1.66,**********,,,,,,,,,,,,,,,,,
47,7428,1.65,**********,,,,,,,,,,,,,,,,,
48,7479,1.66,**********,,,,,,,,,,,,,,,,,
49,7553,1.68,**********,,,,,,,,,,,,,,,,,
50,7460,1.66,**********,,,,,,,,,,,,,,,,,
51,7410,1.65,**********,,,,,,,,,,,,,,,,,
52,7420,1.65,**********,,,,,,,,,,,,,,,,,
53,7423,1.65,**********,,,,,,,,,,,,,,,,,
54,7530,1.68,**********,,,,,,,,,,,,,,,,,
55,7350,1.64,**********,,,,,,,,,,,,,,,,,
56,7389,1.64,**********,,,,,,,,,,,,,,,,,
ÇUíiäK,76742,17.079282,,,,,,,,,,,,,,,,,,
57,7465,1.66,**********,,,,,,,,,,,,,,,,,
58,7272,1.62,**********,,,,,,,,,,,,,,,,,
59,7275,1.62,**********,,,,,,,,,,,,,,,,,
60,7129,1.59,**********,,,,,,,,,,,,,,,,,
61,7128,1.59,**********,,,,,,,,,,,,,,,,,
62,6879,1.53,*********,,,,,,,,,,,,,,,,,
63,7030,1.56,*********,,,,,,,,,,,,,,,,,
64,6808,1.52,*********,,,,,,,,,,,,,,,,,
65,6695,1.49,*********,,,,,,,,,,,,,,,,,
66,6687,1.49,*********,,,,,,,,,,,,,,,,,
67,6374,1.42,*********,,,,,,,,,,,,,,,,,
ÇVíiäK,55762,12.410087,,,,,,,,,,,,,,,,,,
68,6481,1.44,*********,,,,,,,,,,,,,,,,,
69,6065,1.35,********,,,,,,,,,,,,,,,,,
70,5906,1.31,********,,,,,,,,,,,,,,,,,
71,5834,1.3,********,,,,,,,,,,,,,,,,,
72,5704,1.27,********,,,,,,,,,,,,,,,,,
73,5572,1.24,*******,,,,,,,,,,,,,,,,,
74,5241,1.17,*******,,,,,,,,,,,,,,,,,
75,5130,1.14,*******,,,,,,,,,,,,,,,,,
76,5114,1.14,*******,,,,,,,,,,,,,,,,,
77,4715,1.05,******,,,,,,,,,,,,,,,,,
ÇWíiäK,33399,7.4331,,,,,,,,,,,,,,,,,,
78,4581,1.02,******,,,,,,,,,,,,,,,,,
79,4242,0.94,******,,,,,,,,,,,,,,,,,
80,4076,0.91,*****,,,,,,,,,,,,,,,,,
81,3982,0.89,*****,,,,,,,,,,,,,,,,,
82,3660,0.81,*****,,,,,,,,,,,,,,,,,
83,3569,0.79,*****,,,,,,,,,,,,,,,,,
84,3294,0.73,****,,,,,,,,,,,,,,,,,
85,2841,0.63,****,,,,,,,,,,,,,,,,,
86,3154,0.7,****,,,,,,,,,,,,,,,,,
ÇXíiäK,18066,4.02067,,,,,,,,,,,,,,,,,,
87,2409,0.54,***,,,,,,,,,,,,,,,,,
88,2204,0.49,***,,,,,,,,,,,,,,,,,
89,2635,0.59,****,,,,,,,,,,,,,,,,,
90,1541,0.34,**,,,,,,,,,,,,,,,,,
91,1955,0.44,***,,,,,,,,,,,,,,,,,
92,2013,0.45,***,,,,,,,,,,,,,,,,,
93,661,0.15,*,,,,,,,,,,,,,,,,,
94,1672,0.37,**,,,,,,,,,,,,,,,,,
95,1072,0.24,*,,,,,,,,,,,,,,,,,
96,111,0.02,,,,,,,,,,,,,,,,,,
97,1235,0.27,**,,,,,,,,,,,,,,,,,
98,217,0.05,,,,,,,,,,,,,,,,,,
99,0,0,,,,,,,,,,,,,,,,,,
100,341,0.08,,,,,,,,,,,,,,,,,,
óﬂòaÇUîNìx ã≥â»ï ê¨ê—ï™ïzê}Åiñ{ééå±Åj,,,,,,,,,,,,,,,,,,,,
ã≥â»ñº,ñûì_,ç≈çÇì_,ç≈í·ì_,ïΩãœì_,ïWèÄïŒç∑,éÛå±é“êî,ìæì_ó¶,ÇTï™ílÇeÇP,ÇTï™ílÇeÇQ,ÇTï™ílÇeÇR,ÇTï™ílÇeÇS,,,,,,,,,
äOçëåÍ,200,200,27,160.36,38.73,1178,0.8018,136,166,179,190,,,,,,,,,
ì_êî,êlêî,î‰ó¶ÅiÅìÅj,,,,,,,,,,,,,,,,,,
0,0,0,,,,,,,,,,,,,,,,,,
1,0,0,,,,,,,,,,,,,,,,,,
2,0,0,,,,,,,,,,,,,,,,,,
3,0,0,,,,,,,,,,,,,,,,,,
4,0,0,,,,,,,,,,,,,,,,,,
5,0,0,,,,,,,,,,,,,,,,,,
6,0,0,,,,,,,,,,,,,,,,,,
7,0,0,,,,,,,,,,,,,,,,,,
8,0,0,,,,,,,,,,,,,,,,,,
9,0,0,,,,,,,,,,,,,,,,,,
10,0,0,,,,,,,,,,,,,,,,,,
11,0,0,,,,,,,,,,,,,,,,,,
12,0,0,,,,,,,,,,,,,,,,,,
13,0,0,,,,,,,,,,,,,,,,,,
14,0,0,,,,,,,,,,,,,,,,,,
15,0,0,,,,,,,,,,,,,,,,,,
16,0,0,,,,,,,,,,,,,,,,,,
17,0,0,,,,,,,,,,,,,,,,,,
18,0,0,,,,,,,,,,,,,,,,,,
19,0,0,,,,,,,,,,,,,,,,,,
20,0,0,,,,,,,,,,,,,,,,,,
21,0,0,,,,,,,,,,,,,,,,,,
22,0,0,,,,,,,,,,,,,,,,,,
23,0,0,,,,,,,,,,,,,,,,,,
24,0,0,,,,,,,,,,,,,,,,,,
25,0,0,,,,,,,,,,,,,,,,,,
26,0,0,,,,,,,,,,,,,,,,,,
27,2,0.17,*,,,,,,,,,,,,,,,,,
28,0,0,,,,,,,,,,,,,,,,,,
29,0,0,,,,,,,,,,,,,,,,,,
30,0,0,,,,,,,,,,,,,,,,,,
31,0,0,,,,,,,,,,,,,,,,,,
32,0,0,,,,,,,,,,,,,,,,,,
33,0,0,,,,,,,,,,,,,,,,,,
34,0,0,,,,,,,,,,,,,,,,,,
35,0,0,,,,,,,,,,,,,,,,,,
36,0,0,,,,,,,,,,,,,,,,,,
37,1,0.08,*,,,,,,,,,,,,,,,,,
38,0,0,,,,,,,,,,,,,,,,,,
39,1,0.08,*,,,,,,,,,,,,,,,,,
40,2,0.17,*,,,,,,,,,,,,,,,,,
41,2,0.17,*,,,,,,,,,,,,,,,,,
42,0,0,,,,,,,,,,,,,,,,,,
43,0,0,,,,,,,,,,,,,,,,,,
44,1,0.08,*,,,,,,,,,,,,,,,,,
45,3,0.25,**,,,,,,,,,,,,,,,,,
46,3,0.25,**,,,,,,,,,,,,,,,,,
47,5,0.42,***,,,,,,,,,,,,,,,,,
48,0,0,,,,,,,,,,,,,,,,,,
49,3,0.25,**,,,,,,,,,,,,,,,,,
50,1,0.08,*,,,,,,,,,,,,,,,,,
51,3,0.25,**,,,,,,,,,,,,,,,,,
52,3,0.25,**,,,,,,,,,,,,,,,,,
53,2,0.17,*,,,,,,,,,,,,,,,,,
54,0,0,,,,,,,,,,,,,,,,,,
55,1,0.08,*,,,,,,,,,,,,,,,,,
56,1,0.08,*,,,,,,,,,,,,,,,,,
57,3,0.25,**,,,,,,,,,,,,,,,,,
58,6,0.51,***,,,,,,,,,,,,,,,,,
59,2,0.17,*,,,,,,,,,,,,,,,,,
60,1,0.08,*,,,,,,,,,,,,,,,,,
61,3,0.25,**,,,,,,,,,,,,,,,,,
62,1,0.08,*,,,,,,,,,,,,,,,,,
63,5,0.42,***,,,,,,,,,,,,,,,,,
64,1,0.08,*,,,,,,,,,,,,,,,,,
65,3,0.25,**,,,,,,,,,,,,,,,,,
66,0,0,,,,,,,,,,,,,,,,,,
67,1,0.08,*,,,,,,,,,,,,,,,,,
68,2,0.17,*,,,,,,,,,,,,,,,,,
69,1,0.08,*,,,,,,,,,,,,,,,,,
70,2,0.17,*,,,,,,,,,,,,,,,,,
71,3,0.25,**,,,,,,,,,,,,,,,,,
72,0,0,,,,,,,,,,,,,,,,,,
73,4,0.34,**,,,,,,,,,,,,,,,,,
74,0,0,,,,,,,,,,,,,,,,,,
75,3,0.25,**,,,,,,,,,,,,,,,,,
76,3,0.25,**,,,,,,,,,,,,,,,,,
77,2,0.17,*,,,,,,,,,,,,,,,,,
78,2,0.17,*,,,,,,,,,,,,,,,,,
79,1,0.08,*,,,,,,,,,,,,,,,,,
80,3,0.25,**,,,,,,,,,,,,,,,,,
81,0,0,,,,,,,,,,,,,,,,,,
82,2,0.17,*,,,,,,,,,,,,,,,,,
83,2,0.17,*,,,,,,,,,,,,,,,,,
84,0,0,,,,,,,,,,,,,,,,,,
85,3,0.25,**,,,,,,,,,,,,,,,,,
86,1,0.08,*,,,,,,,,,,,,,,,,,
87,2,0.17,*,,,,,,,,,,,,,,,,,
88,3,0.25,**,,,,,,,,,,,,,,,,,
89,4,0.34,**,,,,,,,,,,,,,,,,,
90,4,0.34,**,,,,,,,,,,,,,,,,,
91,1,0.08,*,,,,,,,,,,,,,,,,,
92,2,0.17,*,,,,,,,,,,,,,,,,,
93,0,0,,,,,,,,,,,,,,,,,,
94,0,0,,,,,,,,,,,,,,,,,,
95,2,0.17,*,,,,,,,,,,,,,,,,,
96,3,0.25,**,,,,,,,,,,,,,,,,,
97,0,0,,,,,,,,,,,,,,,,,,
98,2,0.17,*,,,,,,,,,,,,,,,,,
99,1,0.08,*,,,,,,,,,,,,,,,,,
100,4,0.34,**,,,,,,,,,,,,,,,,,
101,0,0,,,,,,,,,,,,,,,,,,
102,4,0.34,**,,,,,,,,,,,,,,,,,
103,0,0,,,,,,,,,,,,,,,,,,
104,5,0.42,***,,,,,,,,,,,,,,,,,
105,5,0.42,***,,,,,,,,,,,,,,,,,
106,2,0.17,*,,,,,,,,,,,,,,,,,
107,2,0.17,*,,,,,,,,,,,,,,,,,
108,2,0.17,*,,,,,,,,,,,,,,,,,
109,6,0.51,***,,,,,,,,,,,,,,,,,
110,1,0.08,*,,,,,,,,,,,,,,,,,
111,3,0.25,**,,,,,,,,,,,,,,,,,
112,1,0.08,*,,,,,,,,,,,,,,,,,
113,0,0,,,,,,,,,,,,,,,,,,
114,1,0.08,*,,,,,,,,,,,,,,,,,
115,3,0.25,**,,,,,,,,,,,,,,,,,
116,1,0.08,*,,,,,,,,,,,,,,,,,
117,2,0.17,*,,,,,,,,,,,,,,,,,
118,4,0.34,**,,,,,,,,,,,,,,,,,
119,5,0.42,***,,,,,,,,,,,,,,,,,
120,4,0.34,**,,,,,,,,,,,,,,,,,
121,1,0.08,*,,,,,,,,,,,,,,,,,
122,2,0.17,*,,,,,,,,,,,,,,,,,
123,5,0.42,***,,,,,,,,,,,,,,,,,
124,5,0.42,***,,,,,,,,,,,,,,,,,
125,3,0.25,**,,,,,,,,,,,,,,,,,
126,2,0.17,*,,,,,,,,,,,,,,,,,
127,1,0.08,*,,,,,,,,,,,,,,,,,
128,7,0.59,****,,,,,,,,,,,,,,,,,
129,3,0.25,**,,,,,,,,,,,,,,,,,
130,7,0.59,****,,,,,,,,,,,,,,,,,
131,4,0.34,**,,,,,,,,,,,,,,,,,
132,2,0.17,*,,,,,,,,,,,,,,,,,
133,3,0.25,**,,,,,,,,,,,,,,,,,
134,1,0.08,*,,,,,,,,,,,,,,,,,
135,3,0.25,**,,,,,,,,,,,,,,,,,
136,11,0.93,******,,,,,,,,,,,,,,,,,
137,11,0.93,******,,,,,,,,,,,,,,,,,
138,5,0.42,***,,,,,,,,,,,,,,,,,
139,9,0.76,*****,,,,,,,,,,,,,,,,,
140,2,0.17,*,,,,,,,,,,,,,,,,,
141,8,0.68,****,,,,,,,,,,,,,,,,,
142,9,0.76,*****,,,,,,,,,,,,,,,,,
143,4,0.34,**,,,,,,,,,,,,,,,,,
144,8,0.68,****,,,,,,,,,,,,,,,,,
145,2,0.17,*,,,,,,,,,,,,,,,,,
146,5,0.42,***,,,,,,,,,,,,,,,,,
147,2,0.17,*,,,,,,,,,,,,,,,,,
148,5,0.42,***,,,,,,,,,,,,,,,,,
149,8,0.68,****,,,,,,,,,,,,,,,,,
150,8,0.68,****,,,,,,,,,,,,,,,,,
151,11,0.93,******,,,,,,,,,,,,,,,,,
152,7,0.59,****,,,,,,,,,,,,,,,,,
153,5,0.42,***,,,,,,,,,,,,,,,,,
154,9,0.76,*****,,,,,,,,,,,,,,,,,
155,6,0.51,***,,,,,,,,,,,,,,,,,
156,9,0.76,*****,,,,,,,,,,,,,,,,,
157,7,0.59,****,,,,,,,,,,,,,,,,,
158,12,1.02,******,,,,,,,,,,,,,,,,,
159,6,0.51,***,,,,,,,,,,,,,,,,,
160,11,0.93,******,,,,,,,,,,,,,,,,,
161,12,1.02,******,,,,,,,,,,,,,,,,,
162,12,1.02,******,,,,,,,,,,,,,,,,,
163,10,0.85,*****,,,,,,,,,,,,,,,,,
164,9,0.76,*****,,,,,,,,,,,,,,,,,
165,16,1.36,********,,,,,,,,,,,,,,,,,
166,14,1.19,*******,,,,,,,,,,,,,,,,,
167,13,1.1,*******,,,,,,,,,,,,,,,,,
168,15,1.27,********,,,,,,,,,,,,,,,,,
169,8,0.68,****,,,,,,,,,,,,,,,,,
170,19,1.61,**********,,,,,,,,,,,,,,,,,
171,17,1.44,*********,,,,,,,,,,,,,,,,,
172,10,0.85,*****,,,,,,,,,,,,,,,,,
173,12,1.02,******,,,,,,,,,,,,,,,,,
174,30,2.55,***************,,,,,,,,,,,,,,,,,
175,19,1.61,**********,,,,,,,,,,,,,,,,,
176,10,0.85,*****,,,,,,,,,,,,,,,,,
177,20,1.7,**********,,,,,,,,,,,,,,,,,
178,28,2.38,**************,,,,,,,,,,,,,,,,,
179,27,2.29,**************,,,,,,,,,,,,,,,,,
180,9,0.76,*****,,,,,,,,,,,,,,,,,
181,15,1.27,********,,,,,,,,,,,,,,,,,
182,24,2.04,************,,,,,,,,,,,,,,,,,
183,32,2.72,****************,,,,,,,,,,,,,,,,,
184,9,0.76,*****,,,,,,,,,,,,,,,,,
185,10,0.85,*****,,,,,,,,,,,,,,,,,
186,31,2.63,****************,,,,,,,,,,,,,,,,,
187,52,4.41,**************************,,,,,,,,,,,,,,,,,
188,15,1.27,********,,,,,,,,,,,,,,,,,
189,5,0.42,***,,,,,,,,,,,,,,,,,
190,26,2.21,*************,,,,,,,,,,,,,,,,,
191,65,5.52,*********************************,,,,,,,,,,,,,,,,,
192,40,3.4,********************,,,,,,,,,,,,,,,,,
193,0,0,,,,,,,,,,,,,,,,,,
194,2,0.17,*,,,,,,,,,,,,,,,,,
195,42,3.57,*********************,,,,,,,,,,,,,,,,,
196,53,4.5,***************************,,,,,,,,,,,,,,,,,
197,1,0.08,*,,,,,,,,,,,,,,,,,
198,1,0.08,*,,,,,,,,,,,,,,,,,
199,0,0,,,,,,,,,,,,,,,,,,
200,43,3.65,**********************,,,,,,,,,,,,,,,,,
óﬂòaÇUîNìx â»ñ⁄ï ê¨ê—ï™ïzê}Åiñ{ééå±Åj,,,,,,,,,,,,,,,,,,,,
â»ñ⁄ñº,ñûì_,ç≈çÇì_,ç≈í·ì_,ïΩãœì_,ïWèÄïŒç∑,éÛå±é“êî,ìæì_ó¶,ÇTï™ílÇeÇP,ÇTï™ílÇeÇQ,ÇTï™ílÇeÇR,ÇTï™ílÇeÇS,ÇPíiäK,ÇQíiäK,ÇRíiäK,ÇSíiäK,ÇTíiäK,ÇUíiäK,ÇVíiäK,ÇWíiäK,ÇXíiäK
ÉhÉCÉcåÍ,200,200,41,130.95,46.84,101,0.6548,80,122,151,180,0Å`48,49Å`64,65Å`82,83Å`121,122Å`150,151Å`176,177Å`188,189Å`193,194Å`200
ì_êî,êlêî,î‰ó¶ÅiÅìÅj,,,,,,,,,,,,,,,,,,
ÇPíiäK,3,2.970297,,,,,,,,,,,,,,,,,,
0,0,0,,,,,,,,,,,,,,,,,,
1,0,0,,,,,,,,,,,,,,,,,,
2,0,0,,,,,,,,,,,,,,,,,,
3,0,0,,,,,,,,,,,,,,,,,,
4,0,0,,,,,,,,,,,,,,,,,,
5,0,0,,,,,,,,,,,,,,,,,,
6,0,0,,,,,,,,,,,,,,,,,,
7,0,0,,,,,,,,,,,,,,,,,,
8,0,0,,,,,,,,,,,,,,,,,,
9,0,0,,,,,,,,,,,,,,,,,,
10,0,0,,,,,,,,,,,,,,,,,,
11,0,0,,,,,,,,,,,,,,,,,,
12,0,0,,,,,,,,,,,,,,,,,,
13,0,0,,,,,,,,,,,,,,,,,,
14,0,0,,,,,,,,,,,,,,,,,,
15,0,0,,,,,,,,,,,,,,,,,,
16,0,0,,,,,,,,,,,,,,,,,,
17,0,0,,,,,,,,,,,,,,,,,,
18,0,0,,,,,,,,,,,,,,,,,,
19,0,0,,,,,,,,,,,,,,,,,,
20,0,0,,,,,,,,,,,,,,,,,,
21,0,0,,,,,,,,,,,,,,,,,,
22,0,0,,,,,,,,,,,,,,,,,,
23,0,0,,,,,,,,,,,,,,,,,,
24,0,0,,,,,,,,,,,,,,,,,,
25,0,0,,,,,,,,,,,,,,,,,,
26,0,0,,,,,,,,,,,,,,,,,,
27,0,0,,,,,,,,,,,,,,,,,,
28,0,0,,,,,,,,,,,,,,,,,,
29,0,0,,,,,,,,,,,,,,,,,,
30,0,0,,,,,,,,,,,,,,,,,,
31,0,0,,,,,,,,,,,,,,,,,,
32,0,0,,,,,,,,,,,,,,,,,,
33,0,0,,,,,,,,,,,,,,,,,,
34,0,0,,,,,,,,,,,,,,,,,,
35,0,0,,,,,,,,,,,,,,,,,,
36,0,0,,,,,,,,,,,,,,,,,,
37,0,0,,,,,,,,,,,,,,,,,,
38,0,0,,,,,,,,,,,,,,,,,,
39,0,0,,,,,,,,,,,,,,,,,,
40,0,0,,,,,,,,,,,,,,,,,,
41,1,0.99,******,,,,,,,,,,,,,,,,,
42,0,0,,,,,,,,,,,,,,,,,,
43,0,0,,,,,,,,,,,,,,,,,,
44,0,0,,,,,,,,,,,,,,,,,,
45,1,0.99,******,,,,,,,,,,,,,,,,,
46,1,0.99,******,,,,,,,,,,,,,,,,,
47,0,0,,,,,,,,,,,,,,,,,,
48,0,0,,,,,,,,,,,,,,,,,,
ÇQíiäK,7,6.930693,,,,,,,,,,,,,,,,,,
49,1,0.99,******,,,,,,,,,,,,,,,,,
50,0,0,,,,,,,,,,,,,,,,,,
51,2,1.98,************,,,,,,,,,,,,,,,,,
52,1,0.99,******,,,,,,,,,,,,,,,,,
53,1,0.99,******,,,,,,,,,,,,,,,,,
54,0,0,,,,,,,,,,,,,,,,,,
55,1,0.99,******,,,,,,,,,,,,,,,,,
56,0,0,,,,,,,,,,,,,,,,,,
57,0,0,,,,,,,,,,,,,,,,,,
58,0,0,,,,,,,,,,,,,,,,,,
59,0,0,,,,,,,,,,,,,,,,,,
60,1,0.99,******,,,,,,,,,,,,,,,,,
61,0,0,,,,,,,,,,,,,,,,,,
62,0,0,,,,,,,,,,,,,,,,,,
63,0,0,,,,,,,,,,,,,,,,,,
64,0,0,,,,,,,,,,,,,,,,,,
ÇRíiäK,12,11.881188,,,,,,,,,,,,,,,,,,
65,2,1.98,************,,,,,,,,,,,,,,,,,
66,0,0,,,,,,,,,,,,,,,,,,
67,0,0,,,,,,,,,,,,,,,,,,
68,0,0,,,,,,,,,,,,,,,,,,
69,0,0,,,,,,,,,,,,,,,,,,
70,1,0.99,******,,,,,,,,,,,,,,,,,
71,2,1.98,************,,,,,,,,,,,,,,,,,
72,0,0,,,,,,,,,,,,,,,,,,
73,1,0.99,******,,,,,,,,,,,,,,,,,
74,0,0,,,,,,,,,,,,,,,,,,
75,1,0.99,******,,,,,,,,,,,,,,,,,
76,0,0,,,,,,,,,,,,,,,,,,
77,1,0.99,******,,,,,,,,,,,,,,,,,
78,1,0.99,******,,,,,,,,,,,,,,,,,
79,0,0,,,,,,,,,,,,,,,,,,
80,2,1.98,************,,,,,,,,,,,,,,,,,
81,0,0,,,,,,,,,,,,,,,,,,
82,1,0.99,******,,,,,,,,,,,,,,,,,
ÇSíiäK,17,16.831683,,,,,,,,,,,,,,,,,,
83,1,0.99,******,,,,,,,,,,,,,,,,,
84,0,0,,,,,,,,,,,,,,,,,,
85,0,0,,,,,,,,,,,,,,,,,,
86,0,0,,,,,,,,,,,,,,,,,,
87,0,0,,,,,,,,,,,,,,,,,,
88,1,0.99,******,,,,,,,,,,,,,,,,,
89,2,1.98,************,,,,,,,,,,,,,,,,,
90,1,0.99,******,,,,,,,,,,,,,,,,,
91,1,0.99,******,,,,,,,,,,,,,,,,,
92,0,0,,,,,,,,,,,,,,,,,,
93,0,0,,,,,,,,,,,,,,,,,,
94,0,0,,,,,,,,,,,,,,,,,,
95,0,0,,,,,,,,,,,,,,,,,,
96,2,1.98,************,,,,,,,,,,,,,,,,,
97,0,0,,,,,,,,,,,,,,,,,,
98,0,0,,,,,,,,,,,,,,,,,,
99,0,0,,,,,,,,,,,,,,,,,,
100,1,0.99,******,,,,,,,,,,,,,,,,,
101,0,0,,,,,,,,,,,,,,,,,,
102,0,0,,,,,,,,,,,,,,,,,,
103,0,0,,,,,,,,,,,,,,,,,,
104,2,1.98,************,,,,,,,,,,,,,,,,,
105,1,0.99,******,,,,,,,,,,,,,,,,,
106,1,0.99,******,,,,,,,,,,,,,,,,,
107,0,0,,,,,,,,,,,,,,,,,,
108,0,0,,,,,,,,,,,,,,,,,,
109,0,0,,,,,,,,,,,,,,,,,,
110,0,0,,,,,,,,,,,,,,,,,,
111,0,0,,,,,,,,,,,,,,,,,,
112,0,0,,,,,,,,,,,,,,,,,,
113,0,0,,,,,,,,,,,,,,,,,,
114,0,0,,,,,,,,,,,,,,,,,,
115,0,0,,,,,,,,,,,,,,,,,,
116,0,0,,,,,,,,,,,,,,,,,,
117,2,1.98,************,,,,,,,,,,,,,,,,,
118,0,0,,,,,,,,,,,,,,,,,,
119,2,1.98,************,,,,,,,,,,,,,,,,,
120,0,0,,,,,,,,,,,,,,,,,,
121,0,0,,,,,,,,,,,,,,,,,,
ÇTíiäK,21,20.792079,,,,,,,,,,,,,,,,,,
122,1,0.99,******,,,,,,,,,,,,,,,,,
123,1,0.99,******,,,,,,,,,,,,,,,,,
124,1,0.99,******,,,,,,,,,,,,,,,,,
125,1,0.99,******,,,,,,,,,,,,,,,,,
126,0,0,,,,,,,,,,,,,,,,,,
127,0,0,,,,,,,,,,,,,,,,,,
128,3,2.97,******************,,,,,,,,,,,,,,,,,
129,1,0.99,******,,,,,,,,,,,,,,,,,
130,0,0,,,,,,,,,,,,,,,,,,
131,0,0,,,,,,,,,,,,,,,,,,
132,1,0.99,******,,,,,,,,,,,,,,,,,
133,0,0,,,,,,,,,,,,,,,,,,
134,1,0.99,******,,,,,,,,,,,,,,,,,
135,0,0,,,,,,,,,,,,,,,,,,
136,0,0,,,,,,,,,,,,,,,,,,
137,2,1.98,************,,,,,,,,,,,,,,,,,
138,1,0.99,******,,,,,,,,,,,,,,,,,
139,0,0,,,,,,,,,,,,,,,,,,
140,0,0,,,,,,,,,,,,,,,,,,
141,1,0.99,******,,,,,,,,,,,,,,,,,
142,0,0,,,,,,,,,,,,,,,,,,
143,0,0,,,,,,,,,,,,,,,,,,
144,3,2.97,******************,,,,,,,,,,,,,,,,,
145,0,0,,,,,,,,,,,,,,,,,,
146,0,0,,,,,,,,,,,,,,,,,,
147,0,0,,,,,,,,,,,,,,,,,,
148,1,0.99,******,,,,,,,,,,,,,,,,,
149,1,0.99,******,,,,,,,,,,,,,,,,,
150,2,1.98,************,,,,,,,,,,,,,,,,,
ÇUíiäK,15,14.851485,,,,,,,,,,,,,,,,,,
151,1,0.99,******,,,,,,,,,,,,,,,,,
152,1,0.99,******,,,,,,,,,,,,,,,,,
153,0,0,,,,,,,,,,,,,,,,,,
154,1,0.99,******,,,,,,,,,,,,,,,,,
155,2,1.98,************,,,,,,,,,,,,,,,,,
156,1,0.99,******,,,,,,,,,,,,,,,,,
157,0,0,,,,,,,,,,,,,,,,,,
158,0,0,,,,,,,,,,,,,,,,,,
159,2,1.98,************,,,,,,,,,,,,,,,,,
160,0,0,,,,,,,,,,,,,,,,,,
161,1,0.99,******,,,,,,,,,,,,,,,,,
162,1,0.99,******,,,,,,,,,,,,,,,,,
163,2,1.98,************,,,,,,,,,,,,,,,,,
164,0,0,,,,,,,,,,,,,,,,,,
165,0,0,,,,,,,,,,,,,,,,,,
166,0,0,,,,,,,,,,,,,,,,,,
167,0,0,,,,,,,,,,,,,,,,,,
168,1,0.99,******,,,,,,,,,,,,,,,,,
169,1,0.99,******,,,,,,,,,,,,,,,,,
170,0,0,,,,,,,,,,,,,,,,,,
171,0,0,,,,,,,,,,,,,,,,,,
172,0,0,,,,,,,,,,,,,,,,,,
173,1,0.99,******,,,,,,,,,,,,,,,,,
174,0,0,,,,,,,,,,,,,,,,,,
175,0,0,,,,,,,,,,,,,,,,,,
176,0,0,,,,,,,,,,,,,,,,,,
ÇVíiäK,14,13.861386,,,,,,,,,,,,,,,,,,
177,3,2.97,******************,,,,,,,,,,,,,,,,,
178,1,0.99,******,,,,,,,,,,,,,,,,,
179,1,0.99,******,,,,,,,,,,,,,,,,,
180,0,0,,,,,,,,,,,,,,,,,,
181,2,1.98,************,,,,,,,,,,,,,,,,,
182,0,0,,,,,,,,,,,,,,,,,,
183,1,0.99,******,,,,,,,,,,,,,,,,,
184,2,1.98,************,,,,,,,,,,,,,,,,,
185,1,0.99,******,,,,,,,,,,,,,,,,,
186,1,0.99,******,,,,,,,,,,,,,,,,,
187,2,1.98,************,,,,,,,,,,,,,,,,,
188,0,0,,,,,,,,,,,,,,,,,,
ÇWíiäK,6,5.940594,,,,,,,,,,,,,,,,,,
189,3,2.97,******************,,,,,,,,,,,,,,,,,
190,0,0,,,,,,,,,,,,,,,,,,
191,1,0.99,******,,,,,,,,,,,,,,,,,
192,2,1.98,************,,,,,,,,,,,,,,,,,
193,0,0,,,,,,,,,,,,,,,,,,
ÇXíiäK,6,5.940594,,,,,,,,,,,,,,,,,,
194,2,1.98,************,,,,,,,,,,,,,,,,,
195,1,0.99,******,,,,,,,,,,,,,,,,,
196,0,0,,,,,,,,,,,,,,,,,,
197,1,0.99,******,,,,,,,,,,,,,,,,,
198,0,0,,,,,,,,,,,,,,,,,,
199,0,0,,,,,,,,,,,,,,,,,,
200,2,1.98,************,,,,,,,,,,,,,,,,,
óﬂòaÇUîNìx â»ñ⁄ï ê¨ê—ï™ïzê}Åiñ{ééå±Åj,,,,,,,,,,,,,,,,,,,,
â»ñ⁄ñº,ñûì_,ç≈çÇì_,ç≈í·ì_,ïΩãœì_,ïWèÄïŒç∑,éÛå±é“êî,ìæì_ó¶,ÇTï™ílÇeÇP,ÇTï™ílÇeÇQ,ÇTï™ílÇeÇR,ÇTï™ílÇeÇS,ÇPíiäK,ÇQíiäK,ÇRíiäK,ÇSíiäK,ÇTíiäK,ÇUíiäK,ÇVíiäK,ÇWíiäK,ÇXíiäK
ÉtÉâÉìÉXåÍ,200,200,27,125.36,48.84,90,0.6268,64,112,141,176,0Å`44,45Å`55,56Å`75,76Å`111,112Å`140,141Å`172,173Å`187,188Å`195,196Å`200
ì_êî,êlêî,î‰ó¶ÅiÅìÅj,,,,,,,,,,,,,,,,,,
ÇPíiäK,2,2.222222,,,,,,,,,,,,,,,,,,
0,0,0,,,,,,,,,,,,,,,,,,
1,0,0,,,,,,,,,,,,,,,,,,
2,0,0,,,,,,,,,,,,,,,,,,
3,0,0,,,,,,,,,,,,,,,,,,
4,0,0,,,,,,,,,,,,,,,,,,
5,0,0,,,,,,,,,,,,,,,,,,
6,0,0,,,,,,,,,,,,,,,,,,
7,0,0,,,,,,,,,,,,,,,,,,
8,0,0,,,,,,,,,,,,,,,,,,
9,0,0,,,,,,,,,,,,,,,,,,
10,0,0,,,,,,,,,,,,,,,,,,
11,0,0,,,,,,,,,,,,,,,,,,
12,0,0,,,,,,,,,,,,,,,,,,
13,0,0,,,,,,,,,,,,,,,,,,
14,0,0,,,,,,,,,,,,,,,,,,
15,0,0,,,,,,,,,,,,,,,,,,
16,0,0,,,,,,,,,,,,,,,,,,
17,0,0,,,,,,,,,,,,,,,,,,
18,0,0,,,,,,,,,,,,,,,,,,
19,0,0,,,,,,,,,,,,,,,,,,
20,0,0,,,,,,,,,,,,,,,,,,
21,0,0,,,,,,,,,,,,,,,,,,
22,0,0,,,,,,,,,,,,,,,,,,
23,0,0,,,,,,,,,,,,,,,,,,
24,0,0,,,,,,,,,,,,,,,,,,
25,0,0,,,,,,,,,,,,,,,,,,
26,0,0,,,,,,,,,,,,,,,,,,
27,1,1.11,*******,,,,,,,,,,,,,,,,,
28,0,0,,,,,,,,,,,,,,,,,,
29,0,0,,,,,,,,,,,,,,,,,,
30,0,0,,,,,,,,,,,,,,,,,,
31,0,0,,,,,,,,,,,,,,,,,,
32,0,0,,,,,,,,,,,,,,,,,,
33,0,0,,,,,,,,,,,,,,,,,,
34,0,0,,,,,,,,,,,,,,,,,,
35,0,0,,,,,,,,,,,,,,,,,,
36,0,0,,,,,,,,,,,,,,,,,,
37,0,0,,,,,,,,,,,,,,,,,,
38,0,0,,,,,,,,,,,,,,,,,,
39,0,0,,,,,,,,,,,,,,,,,,
40,0,0,,,,,,,,,,,,,,,,,,
41,1,1.11,*******,,,,,,,,,,,,,,,,,
42,0,0,,,,,,,,,,,,,,,,,,
43,0,0,,,,,,,,,,,,,,,,,,
44,0,0,,,,,,,,,,,,,,,,,,
ÇQíiäK,7,7.777777,,,,,,,,,,,,,,,,,,
45,2,2.22,*************,,,,,,,,,,,,,,,,,
46,2,2.22,*************,,,,,,,,,,,,,,,,,
47,1,1.11,*******,,,,,,,,,,,,,,,,,
48,0,0,,,,,,,,,,,,,,,,,,
49,0,0,,,,,,,,,,,,,,,,,,
50,1,1.11,*******,,,,,,,,,,,,,,,,,
51,1,1.11,*******,,,,,,,,,,,,,,,,,
52,0,0,,,,,,,,,,,,,,,,,,
53,0,0,,,,,,,,,,,,,,,,,,
54,0,0,,,,,,,,,,,,,,,,,,
55,0,0,,,,,,,,,,,,,,,,,,
ÇRíiäK,10,11.111111,,,,,,,,,,,,,,,,,,
56,1,1.11,*******,,,,,,,,,,,,,,,,,
57,1,1.11,*******,,,,,,,,,,,,,,,,,
58,2,2.22,*************,,,,,,,,,,,,,,,,,
59,0,0,,,,,,,,,,,,,,,,,,
60,0,0,,,,,,,,,,,,,,,,,,
61,1,1.11,*******,,,,,,,,,,,,,,,,,
62,1,1.11,*******,,,,,,,,,,,,,,,,,
63,2,2.22,*************,,,,,,,,,,,,,,,,,
64,1,1.11,*******,,,,,,,,,,,,,,,,,
65,0,0,,,,,,,,,,,,,,,,,,
66,0,0,,,,,,,,,,,,,,,,,,
67,0,0,,,,,,,,,,,,,,,,,,
68,0,0,,,,,,,,,,,,,,,,,,
69,1,1.11,*******,,,,,,,,,,,,,,,,,
70,0,0,,,,,,,,,,,,,,,,,,
71,0,0,,,,,,,,,,,,,,,,,,
72,0,0,,,,,,,,,,,,,,,,,,
73,0,0,,,,,,,,,,,,,,,,,,
74,0,0,,,,,,,,,,,,,,,,,,
75,0,0,,,,,,,,,,,,,,,,,,
ÇSíiäK,16,17.777777,,,,,,,,,,,,,,,,,,
76,1,1.11,*******,,,,,,,,,,,,,,,,,
77,0,0,,,,,,,,,,,,,,,,,,
78,0,0,,,,,,,,,,,,,,,,,,
79,0,0,,,,,,,,,,,,,,,,,,
80,0,0,,,,,,,,,,,,,,,,,,
81,0,0,,,,,,,,,,,,,,,,,,
82,0,0,,,,,,,,,,,,,,,,,,
83,0,0,,,,,,,,,,,,,,,,,,
84,0,0,,,,,,,,,,,,,,,,,,
85,2,2.22,*************,,,,,,,,,,,,,,,,,
86,0,0,,,,,,,,,,,,,,,,,,
87,1,1.11,*******,,,,,,,,,,,,,,,,,
88,0,0,,,,,,,,,,,,,,,,,,
89,0,0,,,,,,,,,,,,,,,,,,
90,1,1.11,*******,,,,,,,,,,,,,,,,,
91,0,0,,,,,,,,,,,,,,,,,,
92,1,1.11,*******,,,,,,,,,,,,,,,,,
93,0,0,,,,,,,,,,,,,,,,,,
94,0,0,,,,,,,,,,,,,,,,,,
95,0,0,,,,,,,,,,,,,,,,,,
96,0,0,,,,,,,,,,,,,,,,,,
97,0,0,,,,,,,,,,,,,,,,,,
98,0,0,,,,,,,,,,,,,,,,,,
99,0,0,,,,,,,,,,,,,,,,,,
100,1,1.11,*******,,,,,,,,,,,,,,,,,
101,0,0,,,,,,,,,,,,,,,,,,
102,1,1.11,*******,,,,,,,,,,,,,,,,,
103,0,0,,,,,,,,,,,,,,,,,,
104,2,2.22,*************,,,,,,,,,,,,,,,,,
105,0,0,,,,,,,,,,,,,,,,,,
106,0,0,,,,,,,,,,,,,,,,,,
107,2,2.22,*************,,,,,,,,,,,,,,,,,
108,0,0,,,,,,,,,,,,,,,,,,
109,2,2.22,*************,,,,,,,,,,,,,,,,,
110,0,0,,,,,,,,,,,,,,,,,,
111,2,2.22,*************,,,,,,,,,,,,,,,,,
ÇTíiäK,17,18.888888,,,,,,,,,,,,,,,,,,
112,1,1.11,*******,,,,,,,,,,,,,,,,,
113,0,0,,,,,,,,,,,,,,,,,,
114,1,1.11,*******,,,,,,,,,,,,,,,,,
115,1,1.11,*******,,,,,,,,,,,,,,,,,
116,1,1.11,*******,,,,,,,,,,,,,,,,,
117,0,0,,,,,,,,,,,,,,,,,,
118,1,1.11,*******,,,,,,,,,,,,,,,,,
119,1,1.11,*******,,,,,,,,,,,,,,,,,
120,0,0,,,,,,,,,,,,,,,,,,
121,0,0,,,,,,,,,,,,,,,,,,
122,0,0,,,,,,,,,,,,,,,,,,
123,3,3.33,********************,,,,,,,,,,,,,,,,,
124,1,1.11,*******,,,,,,,,,,,,,,,,,
125,0,0,,,,,,,,,,,,,,,,,,
126,1,1.11,*******,,,,,,,,,,,,,,,,,
127,1,1.11,*******,,,,,,,,,,,,,,,,,
128,0,0,,,,,,,,,,,,,,,,,,
129,1,1.11,*******,,,,,,,,,,,,,,,,,
130,0,0,,,,,,,,,,,,,,,,,,
131,1,1.11,*******,,,,,,,,,,,,,,,,,
132,0,0,,,,,,,,,,,,,,,,,,
133,0,0,,,,,,,,,,,,,,,,,,
134,0,0,,,,,,,,,,,,,,,,,,
135,0,0,,,,,,,,,,,,,,,,,,
136,1,1.11,*******,,,,,,,,,,,,,,,,,
137,1,1.11,*******,,,,,,,,,,,,,,,,,
138,0,0,,,,,,,,,,,,,,,,,,
139,1,1.11,*******,,,,,,,,,,,,,,,,,
140,0,0,,,,,,,,,,,,,,,,,,
ÇUíiäK,17,18.888888,,,,,,,,,,,,,,,,,,
141,2,2.22,*************,,,,,,,,,,,,,,,,,
142,1,1.11,*******,,,,,,,,,,,,,,,,,
143,0,0,,,,,,,,,,,,,,,,,,
144,1,1.11,*******,,,,,,,,,,,,,,,,,
145,0,0,,,,,,,,,,,,,,,,,,
146,0,0,,,,,,,,,,,,,,,,,,
147,0,0,,,,,,,,,,,,,,,,,,
148,0,0,,,,,,,,,,,,,,,,,,
149,1,1.11,*******,,,,,,,,,,,,,,,,,
150,0,0,,,,,,,,,,,,,,,,,,
151,0,0,,,,,,,,,,,,,,,,,,
152,0,0,,,,,,,,,,,,,,,,,,
153,0,0,,,,,,,,,,,,,,,,,,
154,1,1.11,*******,,,,,,,,,,,,,,,,,
155,0,0,,,,,,,,,,,,,,,,,,
156,1,1.11,*******,,,,,,,,,,,,,,,,,
157,0,0,,,,,,,,,,,,,,,,,,
158,4,4.44,***************************,,,,,,,,,,,,,,,,,
159,0,0,,,,,,,,,,,,,,,,,,
160,1,1.11,*******,,,,,,,,,,,,,,,,,
161,1,1.11,*******,,,,,,,,,,,,,,,,,
162,1,1.11,*******,,,,,,,,,,,,,,,,,
163,0,0,,,,,,,,,,,,,,,,,,
164,0,0,,,,,,,,,,,,,,,,,,
165,0,0,,,,,,,,,,,,,,,,,,
166,1,1.11,*******,,,,,,,,,,,,,,,,,
167,0,0,,,,,,,,,,,,,,,,,,
168,0,0,,,,,,,,,,,,,,,,,,
169,0,0,,,,,,,,,,,,,,,,,,
170,0,0,,,,,,,,,,,,,,,,,,
171,2,2.22,*************,,,,,,,,,,,,,,,,,
172,0,0,,,,,,,,,,,,,,,,,,
ÇVíiäK,10,11.111111,,,,,,,,,,,,,,,,,,
173,1,1.11,*******,,,,,,,,,,,,,,,,,
174,1,1.11,*******,,,,,,,,,,,,,,,,,
175,0,0,,,,,,,,,,,,,,,,,,
176,1,1.11,*******,,,,,,,,,,,,,,,,,
177,1,1.11,*******,,,,,,,,,,,,,,,,,
178,0,0,,,,,,,,,,,,,,,,,,
179,0,0,,,,,,,,,,,,,,,,,,
180,1,1.11,*******,,,,,,,,,,,,,,,,,
181,0,0,,,,,,,,,,,,,,,,,,
182,3,3.33,********************,,,,,,,,,,,,,,,,,
183,2,2.22,*************,,,,,,,,,,,,,,,,,
184,0,0,,,,,,,,,,,,,,,,,,
185,0,0,,,,,,,,,,,,,,,,,,
186,0,0,,,,,,,,,,,,,,,,,,
187,0,0,,,,,,,,,,,,,,,,,,
ÇWíiäK,5,5.555555,,,,,,,,,,,,,,,,,,
188,1,1.11,*******,,,,,,,,,,,,,,,,,
189,1,1.11,*******,,,,,,,,,,,,,,,,,
190,1,1.11,*******,,,,,,,,,,,,,,,,,
191,0,0,,,,,,,,,,,,,,,,,,
192,1,1.11,*******,,,,,,,,,,,,,,,,,
193,0,0,,,,,,,,,,,,,,,,,,
194,0,0,,,,,,,,,,,,,,,,,,
195,1,1.11,*******,,,,,,,,,,,,,,,,,
ÇXíiäK,6,6.666666,,,,,,,,,,,,,,,,,,
196,3,3.33,********************,,,,,,,,,,,,,,,,,
197,0,0,,,,,,,,,,,,,,,,,,
198,1,1.11,*******,,,,,,,,,,,,,,,,,
199,0,0,,,,,,,,,,,,,,,,,,
200,2,2.22,*************,,,,,,,,,,,,,,,,,
óﬂòaÇUîNìx â»ñ⁄ï ê¨ê—ï™ïzê}Åiñ{ééå±Åj,,,,,,,,,,,,,,,,,,,,
â»ñ⁄ñº,ñûì_,ç≈çÇì_,ç≈í·ì_,ïΩãœì_,ïWèÄïŒç∑,éÛå±é“êî,ìæì_ó¶,ÇTï™ílÇeÇP,ÇTï™ílÇeÇQ,ÇTï™ílÇeÇR,ÇTï™ílÇeÇS,ÇPíiäK,ÇQíiäK,ÇRíiäK,ÇSíiäK,ÇTíiäK,ÇUíiäK,ÇVíiäK,ÇWíiäK,ÇXíiäK
íÜçëåÍ,200,200,40,172.08,26.86,781,0.8604,158,174,184,191,0Å`101,102Å`141,142Å`161,162Å`173,174Å`184,185Å`190,191Å`194,195Å`199,200Å`200
ì_êî,êlêî,î‰ó¶ÅiÅìÅj,,,,,,,,,,,,,,,,,,
ÇPíiäK,28,3.585147,,,,,,,,,,,,,,,,,,
0,0,0,,,,,,,,,,,,,,,,,,
1,0,0,,,,,,,,,,,,,,,,,,
2,0,0,,,,,,,,,,,,,,,,,,
3,0,0,,,,,,,,,,,,,,,,,,
4,0,0,,,,,,,,,,,,,,,,,,
5,0,0,,,,,,,,,,,,,,,,,,
6,0,0,,,,,,,,,,,,,,,,,,
7,0,0,,,,,,,,,,,,,,,,,,
8,0,0,,,,,,,,,,,,,,,,,,
9,0,0,,,,,,,,,,,,,,,,,,
10,0,0,,,,,,,,,,,,,,,,,,
11,0,0,,,,,,,,,,,,,,,,,,
12,0,0,,,,,,,,,,,,,,,,,,
13,0,0,,,,,,,,,,,,,,,,,,
14,0,0,,,,,,,,,,,,,,,,,,
15,0,0,,,,,,,,,,,,,,,,,,
16,0,0,,,,,,,,,,,,,,,,,,
17,0,0,,,,,,,,,,,,,,,,,,
18,0,0,,,,,,,,,,,,,,,,,,
19,0,0,,,,,,,,,,,,,,,,,,
20,0,0,,,,,,,,,,,,,,,,,,
21,0,0,,,,,,,,,,,,,,,,,,
22,0,0,,,,,,,,,,,,,,,,,,
23,0,0,,,,,,,,,,,,,,,,,,
24,0,0,,,,,,,,,,,,,,,,,,
25,0,0,,,,,,,,,,,,,,,,,,
26,0,0,,,,,,,,,,,,,,,,,,
27,0,0,,,,,,,,,,,,,,,,,,
28,0,0,,,,,,,,,,,,,,,,,,
29,0,0,,,,,,,,,,,,,,,,,,
30,0,0,,,,,,,,,,,,,,,,,,
31,0,0,,,,,,,,,,,,,,,,,,
32,0,0,,,,,,,,,,,,,,,,,,
33,0,0,,,,,,,,,,,,,,,,,,
34,0,0,,,,,,,,,,,,,,,,,,
35,0,0,,,,,,,,,,,,,,,,,,
36,0,0,,,,,,,,,,,,,,,,,,
37,0,0,,,,,,,,,,,,,,,,,,
38,0,0,,,,,,,,,,,,,,,,,,
39,0,0,,,,,,,,,,,,,,,,,,
40,2,0.26,**,,,,,,,,,,,,,,,,,
41,0,0,,,,,,,,,,,,,,,,,,
42,0,0,,,,,,,,,,,,,,,,,,
43,0,0,,,,,,,,,,,,,,,,,,
44,0,0,,,,,,,,,,,,,,,,,,
45,0,0,,,,,,,,,,,,,,,,,,
46,0,0,,,,,,,,,,,,,,,,,,
47,0,0,,,,,,,,,,,,,,,,,,
48,0,0,,,,,,,,,,,,,,,,,,
49,0,0,,,,,,,,,,,,,,,,,,
50,0,0,,,,,,,,,,,,,,,,,,
51,0,0,,,,,,,,,,,,,,,,,,
52,1,0.13,*,,,,,,,,,,,,,,,,,
53,0,0,,,,,,,,,,,,,,,,,,
54,0,0,,,,,,,,,,,,,,,,,,
55,0,0,,,,,,,,,,,,,,,,,,
56,0,0,,,,,,,,,,,,,,,,,,
57,0,0,,,,,,,,,,,,,,,,,,
58,2,0.26,**,,,,,,,,,,,,,,,,,
59,0,0,,,,,,,,,,,,,,,,,,
60,0,0,,,,,,,,,,,,,,,,,,
61,0,0,,,,,,,,,,,,,,,,,,
62,0,0,,,,,,,,,,,,,,,,,,
63,2,0.26,**,,,,,,,,,,,,,,,,,
64,0,0,,,,,,,,,,,,,,,,,,
65,0,0,,,,,,,,,,,,,,,,,,
66,0,0,,,,,,,,,,,,,,,,,,
67,0,0,,,,,,,,,,,,,,,,,,
68,1,0.13,*,,,,,,,,,,,,,,,,,
69,0,0,,,,,,,,,,,,,,,,,,
70,1,0.13,*,,,,,,,,,,,,,,,,,
71,0,0,,,,,,,,,,,,,,,,,,
72,0,0,,,,,,,,,,,,,,,,,,
73,2,0.26,**,,,,,,,,,,,,,,,,,
74,0,0,,,,,,,,,,,,,,,,,,
75,1,0.13,*,,,,,,,,,,,,,,,,,
76,2,0.26,**,,,,,,,,,,,,,,,,,
77,1,0.13,*,,,,,,,,,,,,,,,,,
78,0,0,,,,,,,,,,,,,,,,,,
79,1,0.13,*,,,,,,,,,,,,,,,,,
80,1,0.13,*,,,,,,,,,,,,,,,,,
81,0,0,,,,,,,,,,,,,,,,,,
82,1,0.13,*,,,,,,,,,,,,,,,,,
83,1,0.13,*,,,,,,,,,,,,,,,,,
84,0,0,,,,,,,,,,,,,,,,,,
85,0,0,,,,,,,,,,,,,,,,,,
86,0,0,,,,,,,,,,,,,,,,,,
87,1,0.13,*,,,,,,,,,,,,,,,,,
88,1,0.13,*,,,,,,,,,,,,,,,,,
89,1,0.13,*,,,,,,,,,,,,,,,,,
90,2,0.26,**,,,,,,,,,,,,,,,,,
91,0,0,,,,,,,,,,,,,,,,,,
92,0,0,,,,,,,,,,,,,,,,,,
93,0,0,,,,,,,,,,,,,,,,,,
94,0,0,,,,,,,,,,,,,,,,,,
95,1,0.13,*,,,,,,,,,,,,,,,,,
96,0,0,,,,,,,,,,,,,,,,,,
97,0,0,,,,,,,,,,,,,,,,,,
98,2,0.26,**,,,,,,,,,,,,,,,,,
99,1,0.13,*,,,,,,,,,,,,,,,,,
100,0,0,,,,,,,,,,,,,,,,,,
101,0,0,,,,,,,,,,,,,,,,,,
ÇQíiäK,57,7.298335,,,,,,,,,,,,,,,,,,
102,3,0.38,**,,,,,,,,,,,,,,,,,
103,0,0,,,,,,,,,,,,,,,,,,
104,0,0,,,,,,,,,,,,,,,,,,
105,2,0.26,**,,,,,,,,,,,,,,,,,
106,1,0.13,*,,,,,,,,,,,,,,,,,
107,0,0,,,,,,,,,,,,,,,,,,
108,0,0,,,,,,,,,,,,,,,,,,
109,3,0.38,**,,,,,,,,,,,,,,,,,
110,1,0.13,*,,,,,,,,,,,,,,,,,
111,1,0.13,*,,,,,,,,,,,,,,,,,
112,0,0,,,,,,,,,,,,,,,,,,
113,0,0,,,,,,,,,,,,,,,,,,
114,0,0,,,,,,,,,,,,,,,,,,
115,0,0,,,,,,,,,,,,,,,,,,
116,0,0,,,,,,,,,,,,,,,,,,
117,0,0,,,,,,,,,,,,,,,,,,
118,0,0,,,,,,,,,,,,,,,,,,
119,1,0.13,*,,,,,,,,,,,,,,,,,
120,2,0.26,**,,,,,,,,,,,,,,,,,
121,1,0.13,*,,,,,,,,,,,,,,,,,
122,0,0,,,,,,,,,,,,,,,,,,
123,0,0,,,,,,,,,,,,,,,,,,
124,3,0.38,**,,,,,,,,,,,,,,,,,
125,2,0.26,**,,,,,,,,,,,,,,,,,
126,0,0,,,,,,,,,,,,,,,,,,
127,0,0,,,,,,,,,,,,,,,,,,
128,0,0,,,,,,,,,,,,,,,,,,
129,0,0,,,,,,,,,,,,,,,,,,
130,4,0.51,***,,,,,,,,,,,,,,,,,
131,2,0.26,**,,,,,,,,,,,,,,,,,
132,1,0.13,*,,,,,,,,,,,,,,,,,
133,0,0,,,,,,,,,,,,,,,,,,
134,0,0,,,,,,,,,,,,,,,,,,
135,2,0.26,**,,,,,,,,,,,,,,,,,
136,6,0.77,*****,,,,,,,,,,,,,,,,,
137,7,0.9,*****,,,,,,,,,,,,,,,,,
138,3,0.38,**,,,,,,,,,,,,,,,,,
139,6,0.77,*****,,,,,,,,,,,,,,,,,
140,2,0.26,**,,,,,,,,,,,,,,,,,
141,4,0.51,***,,,,,,,,,,,,,,,,,
ÇRíiäK,89,11.395646,,,,,,,,,,,,,,,,,,
142,5,0.64,****,,,,,,,,,,,,,,,,,
143,3,0.38,**,,,,,,,,,,,,,,,,,
144,4,0.51,***,,,,,,,,,,,,,,,,,
145,2,0.26,**,,,,,,,,,,,,,,,,,
146,3,0.38,**,,,,,,,,,,,,,,,,,
147,2,0.26,**,,,,,,,,,,,,,,,,,
148,2,0.26,**,,,,,,,,,,,,,,,,,
149,5,0.64,****,,,,,,,,,,,,,,,,,
150,4,0.51,***,,,,,,,,,,,,,,,,,
151,8,1.02,******,,,,,,,,,,,,,,,,,
152,5,0.64,****,,,,,,,,,,,,,,,,,
153,4,0.51,***,,,,,,,,,,,,,,,,,
154,5,0.64,****,,,,,,,,,,,,,,,,,
155,3,0.38,**,,,,,,,,,,,,,,,,,
156,6,0.77,*****,,,,,,,,,,,,,,,,,
157,6,0.77,*****,,,,,,,,,,,,,,,,,
158,5,0.64,****,,,,,,,,,,,,,,,,,
159,1,0.13,*,,,,,,,,,,,,,,,,,
160,9,1.15,*******,,,,,,,,,,,,,,,,,
161,7,0.9,*****,,,,,,,,,,,,,,,,,
ÇSíiäK,113,14.468629,,,,,,,,,,,,,,,,,,
162,8,1.02,******,,,,,,,,,,,,,,,,,
163,6,0.77,*****,,,,,,,,,,,,,,,,,
164,5,0.64,****,,,,,,,,,,,,,,,,,
165,15,1.92,************,,,,,,,,,,,,,,,,,
166,12,1.54,*********,,,,,,,,,,,,,,,,,
167,10,1.28,********,,,,,,,,,,,,,,,,,
168,9,1.15,*******,,,,,,,,,,,,,,,,,
169,6,0.77,*****,,,,,,,,,,,,,,,,,
170,12,1.54,*********,,,,,,,,,,,,,,,,,
171,14,1.79,***********,,,,,,,,,,,,,,,,,
172,9,1.15,*******,,,,,,,,,,,,,,,,,
173,7,0.9,*****,,,,,,,,,,,,,,,,,
ÇTíiäK,180,23.047375,,,,,,,,,,,,,,,,,,
174,29,3.71,**********************,,,,,,,,,,,,,,,,,
175,19,2.43,***************,,,,,,,,,,,,,,,,,
176,7,0.9,*****,,,,,,,,,,,,,,,,,
177,14,1.79,***********,,,,,,,,,,,,,,,,,
178,25,3.2,*******************,,,,,,,,,,,,,,,,,
179,25,3.2,*******************,,,,,,,,,,,,,,,,,
180,7,0.9,*****,,,,,,,,,,,,,,,,,
181,3,0.38,**,,,,,,,,,,,,,,,,,
182,16,2.05,************,,,,,,,,,,,,,,,,,
183,28,3.59,**********************,,,,,,,,,,,,,,,,,
184,7,0.9,*****,,,,,,,,,,,,,,,,,
ÇUíiäK,109,13.956466,,,,,,,,,,,,,,,,,,
185,4,0.51,***,,,,,,,,,,,,,,,,,
186,24,3.07,******************,,,,,,,,,,,,,,,,,
187,49,6.27,**************************************,,,,,,,,,,,,,,,,,
188,14,1.79,***********,,,,,,,,,,,,,,,,,
189,1,0.13,*,,,,,,,,,,,,,,,,,
190,17,2.18,*************,,,,,,,,,,,,,,,,,
ÇVíiäK,92,11.779769,,,,,,,,,,,,,,,,,,
191,57,7.3,****************************************,OV,,,,,,,,,,,,,,,,
192,35,4.48,***************************,,,,,,,,,,,,,,,,,
193,0,0,,,,,,,,,,,,,,,,,,
194,0,0,,,,,,,,,,,,,,,,,,
ÇWíiäK,78,9.987195,,,,,,,,,,,,,,,,,,
195,34,4.35,**************************,,,,,,,,,,,,,,,,,
196,44,5.63,**********************************,,,,,,,,,,,,,,,,,
197,0,0,,,,,,,,,,,,,,,,,,
198,0,0,,,,,,,,,,,,,,,,,,
199,0,0,,,,,,,,,,,,,,,,,,
ÇXíiäK,35,4.481434,,,,,,,,,,,,,,,,,,
200,35,4.48,***************************,,,,,,,,,,,,,,,,,
óﬂòaÇUîNìx â»ñ⁄ï ê¨ê—ï™ïzê}Åiñ{ééå±Åj,,,,,,,,,,,,,,,,,,,,
â»ñ⁄ñº,ñûì_,ç≈çÇì_,ç≈í·ì_,ïΩãœì_,ïWèÄïŒç∑,éÛå±é“êî,ìæì_ó¶,ÇTï™ílÇeÇP,ÇTï™ílÇeÇQ,ÇTï™ílÇeÇR,ÇTï™ílÇeÇS,ÇPíiäK,ÇQíiäK,ÇRíiäK,ÇSíiäK,ÇTíiäK,ÇUíiäK,ÇVíiäK,ÇWíiäK,ÇXíiäK
äÿçëåÍ,200,200,27,145.67,45.01,206,0.7283,108,146,168,185,0Å`48,49Å`66,67Å`117,118Å`147,148Å`167,168Å`181,182Å`190,191Å`195,196Å`200
ì_êî,êlêî,î‰ó¶ÅiÅìÅj,,,,,,,,,,,,,,,,,,
ÇPíiäK,8,3.883495,,,,,,,,,,,,,,,,,,
0,0,0,,,,,,,,,,,,,,,,,,
1,0,0,,,,,,,,,,,,,,,,,,
2,0,0,,,,,,,,,,,,,,,,,,
3,0,0,,,,,,,,,,,,,,,,,,
4,0,0,,,,,,,,,,,,,,,,,,
5,0,0,,,,,,,,,,,,,,,,,,
6,0,0,,,,,,,,,,,,,,,,,,
7,0,0,,,,,,,,,,,,,,,,,,
8,0,0,,,,,,,,,,,,,,,,,,
9,0,0,,,,,,,,,,,,,,,,,,
10,0,0,,,,,,,,,,,,,,,,,,
11,0,0,,,,,,,,,,,,,,,,,,
12,0,0,,,,,,,,,,,,,,,,,,
13,0,0,,,,,,,,,,,,,,,,,,
14,0,0,,,,,,,,,,,,,,,,,,
15,0,0,,,,,,,,,,,,,,,,,,
16,0,0,,,,,,,,,,,,,,,,,,
17,0,0,,,,,,,,,,,,,,,,,,
18,0,0,,,,,,,,,,,,,,,,,,
19,0,0,,,,,,,,,,,,,,,,,,
20,0,0,,,,,,,,,,,,,,,,,,
21,0,0,,,,,,,,,,,,,,,,,,
22,0,0,,,,,,,,,,,,,,,,,,
23,0,0,,,,,,,,,,,,,,,,,,
24,0,0,,,,,,,,,,,,,,,,,,
25,0,0,,,,,,,,,,,,,,,,,,
26,0,0,,,,,,,,,,,,,,,,,,
27,1,0.49,***,,,,,,,,,,,,,,,,,
28,0,0,,,,,,,,,,,,,,,,,,
29,0,0,,,,,,,,,,,,,,,,,,
30,0,0,,,,,,,,,,,,,,,,,,
31,0,0,,,,,,,,,,,,,,,,,,
32,0,0,,,,,,,,,,,,,,,,,,
33,0,0,,,,,,,,,,,,,,,,,,
34,0,0,,,,,,,,,,,,,,,,,,
35,0,0,,,,,,,,,,,,,,,,,,
36,0,0,,,,,,,,,,,,,,,,,,
37,1,0.49,***,,,,,,,,,,,,,,,,,
38,0,0,,,,,,,,,,,,,,,,,,
39,1,0.49,***,,,,,,,,,,,,,,,,,
40,0,0,,,,,,,,,,,,,,,,,,
41,0,0,,,,,,,,,,,,,,,,,,
42,0,0,,,,,,,,,,,,,,,,,,
43,0,0,,,,,,,,,,,,,,,,,,
44,1,0.49,***,,,,,,,,,,,,,,,,,
45,0,0,,,,,,,,,,,,,,,,,,
46,0,0,,,,,,,,,,,,,,,,,,
47,4,1.94,************,,,,,,,,,,,,,,,,,
48,0,0,,,,,,,,,,,,,,,,,,
ÇQíiäK,14,6.796116,,,,,,,,,,,,,,,,,,
49,2,0.97,******,,,,,,,,,,,,,,,,,
50,0,0,,,,,,,,,,,,,,,,,,
51,0,0,,,,,,,,,,,,,,,,,,
52,1,0.49,***,,,,,,,,,,,,,,,,,
53,1,0.49,***,,,,,,,,,,,,,,,,,
54,0,0,,,,,,,,,,,,,,,,,,
55,0,0,,,,,,,,,,,,,,,,,,
56,0,0,,,,,,,,,,,,,,,,,,
57,2,0.97,******,,,,,,,,,,,,,,,,,
58,2,0.97,******,,,,,,,,,,,,,,,,,
59,2,0.97,******,,,,,,,,,,,,,,,,,
60,0,0,,,,,,,,,,,,,,,,,,
61,2,0.97,******,,,,,,,,,,,,,,,,,
62,0,0,,,,,,,,,,,,,,,,,,
63,1,0.49,***,,,,,,,,,,,,,,,,,
64,0,0,,,,,,,,,,,,,,,,,,
65,1,0.49,***,,,,,,,,,,,,,,,,,
66,0,0,,,,,,,,,,,,,,,,,,
ÇRíiäK,23,11.165048,,,,,,,,,,,,,,,,,,
67,1,0.49,***,,,,,,,,,,,,,,,,,
68,1,0.49,***,,,,,,,,,,,,,,,,,
69,0,0,,,,,,,,,,,,,,,,,,
70,0,0,,,,,,,,,,,,,,,,,,
71,1,0.49,***,,,,,,,,,,,,,,,,,
72,0,0,,,,,,,,,,,,,,,,,,
73,1,0.49,***,,,,,,,,,,,,,,,,,
74,0,0,,,,,,,,,,,,,,,,,,
75,1,0.49,***,,,,,,,,,,,,,,,,,
76,0,0,,,,,,,,,,,,,,,,,,
77,0,0,,,,,,,,,,,,,,,,,,
78,1,0.49,***,,,,,,,,,,,,,,,,,
79,0,0,,,,,,,,,,,,,,,,,,
80,0,0,,,,,,,,,,,,,,,,,,
81,0,0,,,,,,,,,,,,,,,,,,
82,0,0,,,,,,,,,,,,,,,,,,
83,0,0,,,,,,,,,,,,,,,,,,
84,0,0,,,,,,,,,,,,,,,,,,
85,1,0.49,***,,,,,,,,,,,,,,,,,
86,1,0.49,***,,,,,,,,,,,,,,,,,
87,0,0,,,,,,,,,,,,,,,,,,
88,1,0.49,***,,,,,,,,,,,,,,,,,
89,1,0.49,***,,,,,,,,,,,,,,,,,
90,0,0,,,,,,,,,,,,,,,,,,
91,0,0,,,,,,,,,,,,,,,,,,
92,1,0.49,***,,,,,,,,,,,,,,,,,
93,0,0,,,,,,,,,,,,,,,,,,
94,0,0,,,,,,,,,,,,,,,,,,
95,1,0.49,***,,,,,,,,,,,,,,,,,
96,1,0.49,***,,,,,,,,,,,,,,,,,
97,0,0,,,,,,,,,,,,,,,,,,
98,0,0,,,,,,,,,,,,,,,,,,
99,0,0,,,,,,,,,,,,,,,,,,
100,2,0.97,******,,,,,,,,,,,,,,,,,
101,0,0,,,,,,,,,,,,,,,,,,
102,0,0,,,,,,,,,,,,,,,,,,
103,0,0,,,,,,,,,,,,,,,,,,
104,1,0.49,***,,,,,,,,,,,,,,,,,
105,2,0.97,******,,,,,,,,,,,,,,,,,
106,0,0,,,,,,,,,,,,,,,,,,
107,0,0,,,,,,,,,,,,,,,,,,
108,2,0.97,******,,,,,,,,,,,,,,,,,
109,1,0.49,***,,,,,,,,,,,,,,,,,
110,0,0,,,,,,,,,,,,,,,,,,
111,0,0,,,,,,,,,,,,,,,,,,
112,0,0,,,,,,,,,,,,,,,,,,
113,0,0,,,,,,,,,,,,,,,,,,
114,0,0,,,,,,,,,,,,,,,,,,
115,2,0.97,******,,,,,,,,,,,,,,,,,
116,0,0,,,,,,,,,,,,,,,,,,
117,0,0,,,,,,,,,,,,,,,,,,
ÇSíiäK,37,17.961165,,,,,,,,,,,,,,,,,,
118,3,1.46,*********,,,,,,,,,,,,,,,,,
119,1,0.49,***,,,,,,,,,,,,,,,,,
120,2,0.97,******,,,,,,,,,,,,,,,,,
121,0,0,,,,,,,,,,,,,,,,,,
122,1,0.49,***,,,,,,,,,,,,,,,,,
123,1,0.49,***,,,,,,,,,,,,,,,,,
124,0,0,,,,,,,,,,,,,,,,,,
125,0,0,,,,,,,,,,,,,,,,,,
126,1,0.49,***,,,,,,,,,,,,,,,,,
127,0,0,,,,,,,,,,,,,,,,,,
128,4,1.94,************,,,,,,,,,,,,,,,,,
129,1,0.49,***,,,,,,,,,,,,,,,,,
130,3,1.46,*********,,,,,,,,,,,,,,,,,
131,1,0.49,***,,,,,,,,,,,,,,,,,
132,0,0,,,,,,,,,,,,,,,,,,
133,3,1.46,*********,,,,,,,,,,,,,,,,,
134,0,0,,,,,,,,,,,,,,,,,,
135,1,0.49,***,,,,,,,,,,,,,,,,,
136,4,1.94,************,,,,,,,,,,,,,,,,,
137,1,0.49,***,,,,,,,,,,,,,,,,,
138,1,0.49,***,,,,,,,,,,,,,,,,,
139,2,0.97,******,,,,,,,,,,,,,,,,,
140,0,0,,,,,,,,,,,,,,,,,,
141,1,0.49,***,,,,,,,,,,,,,,,,,
142,3,1.46,*********,,,,,,,,,,,,,,,,,
143,1,0.49,***,,,,,,,,,,,,,,,,,
144,0,0,,,,,,,,,,,,,,,,,,
145,0,0,,,,,,,,,,,,,,,,,,
146,2,0.97,******,,,,,,,,,,,,,,,,,
147,0,0,,,,,,,,,,,,,,,,,,
ÇTíiäK,37,17.961165,,,,,,,,,,,,,,,,,,
148,2,0.97,******,,,,,,,,,,,,,,,,,
149,1,0.49,***,,,,,,,,,,,,,,,,,
150,2,0.97,******,,,,,,,,,,,,,,,,,
151,2,0.97,******,,,,,,,,,,,,,,,,,
152,1,0.49,***,,,,,,,,,,,,,,,,,
153,1,0.49,***,,,,,,,,,,,,,,,,,
154,2,0.97,******,,,,,,,,,,,,,,,,,
155,1,0.49,***,,,,,,,,,,,,,,,,,
156,1,0.49,***,,,,,,,,,,,,,,,,,
157,1,0.49,***,,,,,,,,,,,,,,,,,
158,3,1.46,*********,,,,,,,,,,,,,,,,,
159,3,1.46,*********,,,,,,,,,,,,,,,,,
160,1,0.49,***,,,,,,,,,,,,,,,,,
161,3,1.46,*********,,,,,,,,,,,,,,,,,
162,2,0.97,******,,,,,,,,,,,,,,,,,
163,2,0.97,******,,,,,,,,,,,,,,,,,
164,4,1.94,************,,,,,,,,,,,,,,,,,
165,1,0.49,***,,,,,,,,,,,,,,,,,
166,1,0.49,***,,,,,,,,,,,,,,,,,
167,3,1.46,*********,,,,,,,,,,,,,,,,,
ÇUíiäK,36,17.475728,,,,,,,,,,,,,,,,,,
168,5,2.43,***************,,,,,,,,,,,,,,,,,
169,1,0.49,***,,,,,,,,,,,,,,,,,
170,7,3.4,********************,,,,,,,,,,,,,,,,,
171,1,0.49,***,,,,,,,,,,,,,,,,,
172,1,0.49,***,,,,,,,,,,,,,,,,,
173,3,1.46,*********,,,,,,,,,,,,,,,,,
174,0,0,,,,,,,,,,,,,,,,,,
175,0,0,,,,,,,,,,,,,,,,,,
176,2,0.97,******,,,,,,,,,,,,,,,,,
177,2,0.97,******,,,,,,,,,,,,,,,,,
178,2,0.97,******,,,,,,,,,,,,,,,,,
179,1,0.49,***,,,,,,,,,,,,,,,,,
180,1,0.49,***,,,,,,,,,,,,,,,,,
181,10,4.85,*****************************,,,,,,,,,,,,,,,,,
ÇVíiäK,26,12.621359,,,,,,,,,,,,,,,,,,
182,5,2.43,***************,,,,,,,,,,,,,,,,,
183,1,0.49,***,,,,,,,,,,,,,,,,,
184,0,0,,,,,,,,,,,,,,,,,,
185,5,2.43,***************,,,,,,,,,,,,,,,,,
186,6,2.91,*****************,,,,,,,,,,,,,,,,,
187,1,0.49,***,,,,,,,,,,,,,,,,,
188,0,0,,,,,,,,,,,,,,,,,,
189,0,0,,,,,,,,,,,,,,,,,,
190,8,3.88,***********************,,,,,,,,,,,,,,,,,
ÇWíiäK,15,7.281553,,,,,,,,,,,,,,,,,,
191,7,3.4,********************,,,,,,,,,,,,,,,,,
192,2,0.97,******,,,,,,,,,,,,,,,,,
193,0,0,,,,,,,,,,,,,,,,,,
194,0,0,,,,,,,,,,,,,,,,,,
195,6,2.91,*****************,,,,,,,,,,,,,,,,,
ÇXíiäK,10,4.854368,,,,,,,,,,,,,,,,,,
196,6,2.91,*****************,,,,,,,,,,,,,,,,,
197,0,0,,,,,,,,,,,,,,,,,,
198,0,0,,,,,,,,,,,,,,,,,,
199,0,0,,,,,,,,,,,,,,,,,,
200,4,1.94,************,,,,,,,,,,,,,,,,,
óﬂòaÇUîNìx ã≥â»ï ê¨ê—ï™ïzê}Åiñ{ééå±Åj,,,,,,,,,,,,,,,,,,,,
ã≥â»ñº,ñûì_,ç≈çÇì_,ç≈í·ì_,ïΩãœì_,ïWèÄïŒç∑,éÛå±é“êî,ìæì_ó¶,ÇTï™ílÇeÇP,ÇTï™ílÇeÇQ,ÇTï™ílÇeÇR,ÇTï™ílÇeÇS,,,,,,,,,
ÉäÉXÉjÉìÉO,100,100,0,67.24,17.12,447519,0.6724,51,63,73,83,,,,,,,,,
ì_êî,êlêî,î‰ó¶ÅiÅìÅj,,,,,,,,,,,,,,,,,,
0,35,0.01,,,,,,,,,,,,,,,,,,
1,0,0,,,,,,,,,,,,,,,,,,
2,0,0,,,,,,,,,,,,,,,,,,
3,2,0,,,,,,,,,,,,,,,,,,
4,19,0,,,,,,,,,,,,,,,,,,
5,0,0,,,,,,,,,,,,,,,,,,
6,0,0,,,,,,,,,,,,,,,,,,
7,14,0,,,,,,,,,,,,,,,,,,
8,17,0,,,,,,,,,,,,,,,,,,
9,2,0,,,,,,,,,,,,,,,,,,
10,17,0,,,,,,,,,,,,,,,,,,
11,24,0.01,,,,,,,,,,,,,,,,,,
12,25,0.01,,,,,,,,,,,,,,,,,,
13,13,0,,,,,,,,,,,,,,,,,,
14,52,0.01,,,,,,,,,,,,,,,,,,
15,47,0.01,,,,,,,,,,,,,,,,,,
16,50,0.01,,,,,,,,,,,,,,,,,,
17,51,0.01,,,,,,,,,,,,,,,,,,
18,80,0.02,,,,,,,,,,,,,,,,,,
19,125,0.03,,,,,,,,,,,,,,,,,,
20,156,0.03,,,,,,,,,,,,,,,,,,
21,189,0.04,,,,,,,,,,,,,,,,,,
22,260,0.06,,,,,,,,,,,,,,,,,,
23,384,0.09,*,,,,,,,,,,,,,,,,,
24,412,0.09,*,,,,,,,,,,,,,,,,,
25,481,0.11,*,,,,,,,,,,,,,,,,,
26,630,0.14,*,,,,,,,,,,,,,,,,,
27,705,0.16,*,,,,,,,,,,,,,,,,,
28,830,0.19,*,,,,,,,,,,,,,,,,,
29,1001,0.22,*,,,,,,,,,,,,,,,,,
30,1303,0.29,**,,,,,,,,,,,,,,,,,
31,1439,0.32,**,,,,,,,,,,,,,,,,,
32,1532,0.34,**,,,,,,,,,,,,,,,,,
33,1821,0.41,**,,,,,,,,,,,,,,,,,
34,2194,0.49,***,,,,,,,,,,,,,,,,,
35,2371,0.53,***,,,,,,,,,,,,,,,,,
36,2414,0.54,***,,,,,,,,,,,,,,,,,
37,2942,0.66,****,,,,,,,,,,,,,,,,,
38,3151,0.7,****,,,,,,,,,,,,,,,,,
39,3387,0.76,*****,,,,,,,,,,,,,,,,,
40,3669,0.82,*****,,,,,,,,,,,,,,,,,
41,4175,0.93,******,,,,,,,,,,,,,,,,,
42,4420,0.99,******,,,,,,,,,,,,,,,,,
43,4656,1.04,******,,,,,,,,,,,,,,,,,
44,4730,1.06,******,,,,,,,,,,,,,,,,,
45,5230,1.17,*******,,,,,,,,,,,,,,,,,
46,5358,1.2,*******,,,,,,,,,,,,,,,,,
47,5576,1.25,*******,,,,,,,,,,,,,,,,,
48,5824,1.3,********,,,,,,,,,,,,,,,,,
49,6080,1.36,********,,,,,,,,,,,,,,,,,
50,6335,1.42,********,,,,,,,,,,,,,,,,,
51,6525,1.46,*********,,,,,,,,,,,,,,,,,
52,6663,1.49,*********,,,,,,,,,,,,,,,,,
53,7047,1.57,*********,,,,,,,,,,,,,,,,,
54,7135,1.59,**********,,,,,,,,,,,,,,,,,
55,7232,1.62,**********,,,,,,,,,,,,,,,,,
56,7422,1.66,**********,,,,,,,,,,,,,,,,,
57,7698,1.72,**********,,,,,,,,,,,,,,,,,
58,7533,1.68,**********,,,,,,,,,,,,,,,,,
59,7497,1.68,**********,,,,,,,,,,,,,,,,,
60,7742,1.73,**********,,,,,,,,,,,,,,,,,
61,8316,1.86,***********,,,,,,,,,,,,,,,,,
62,7864,1.76,***********,,,,,,,,,,,,,,,,,
63,8043,1.8,***********,,,,,,,,,,,,,,,,,
64,8698,1.94,************,,,,,,,,,,,,,,,,,
65,8542,1.91,***********,,,,,,,,,,,,,,,,,
66,8160,1.82,***********,,,,,,,,,,,,,,,,,
67,8419,1.88,***********,,,,,,,,,,,,,,,,,
68,9037,2.02,************,,,,,,,,,,,,,,,,,
69,8649,1.93,************,,,,,,,,,,,,,,,,,
70,8276,1.85,***********,,,,,,,,,,,,,,,,,
71,9029,2.02,************,,,,,,,,,,,,,,,,,
72,9283,2.07,************,,,,,,,,,,,,,,,,,
73,8325,1.86,***********,,,,,,,,,,,,,,,,,
74,8724,1.95,************,,,,,,,,,,,,,,,,,
75,9832,2.2,*************,,,,,,,,,,,,,,,,,
76,9122,2.04,************,,,,,,,,,,,,,,,,,
77,8171,1.83,***********,,,,,,,,,,,,,,,,,
78,9494,2.12,*************,,,,,,,,,,,,,,,,,
79,9813,2.19,*************,,,,,,,,,,,,,,,,,
80,8162,1.82,***********,,,,,,,,,,,,,,,,,
81,8328,1.86,***********,,,,,,,,,,,,,,,,,
82,10209,2.28,**************,,,,,,,,,,,,,,,,,
83,8790,1.96,************,,,,,,,,,,,,,,,,,
84,7199,1.61,**********,,,,,,,,,,,,,,,,,
85,8958,2,************,,,,,,,,,,,,,,,,,
86,9381,2.1,*************,,,,,,,,,,,,,,,,,
87,6622,1.48,*********,,,,,,,,,,,,,,,,,
88,7200,1.61,**********,,,,,,,,,,,,,,,,,
89,8977,2.01,************,,,,,,,,,,,,,,,,,
90,6446,1.44,*********,,,,,,,,,,,,,,,,,
91,5008,1.12,*******,,,,,,,,,,,,,,,,,
92,6587,1.47,*********,,,,,,,,,,,,,,,,,
93,5975,1.34,********,,,,,,,,,,,,,,,,,
94,3374,0.75,*****,,,,,,,,,,,,,,,,,
95,4012,0.9,*****,,,,,,,,,,,,,,,,,
96,3997,0.89,*****,,,,,,,,,,,,,,,,,
97,1291,0.29,**,,,,,,,,,,,,,,,,,
98,3078,0.69,****,,,,,,,,,,,,,,,,,
99,62,0.01,,,,,,,,,,,,,,,,,,
100,1344,0.3,**,,,,,,,,,,,,,,,,,
óﬂòaÇUîNìx â»ñ⁄ï ê¨ê—ï™ïzê}Åiñ{ééå±Åj,,,,,,,,,,,,,,,,,,,,
â»ñ⁄ñº,ñûì_,ç≈çÇì_,ç≈í·ì_,ïΩãœì_,ïWèÄïŒç∑,éÛå±é“êî,ìæì_ó¶,ÇTï™ílÇeÇP,ÇTï™ílÇeÇQ,ÇTï™ílÇeÇR,ÇTï™ílÇeÇS,ÇPíiäK,ÇQíiäK,ÇRíiäK,ÇSíiäK,ÇTíiäK,ÇUíiäK,ÇVíiäK,ÇWíiäK,ÇXíiäK
âpåÍÅiÉäÉXÉjÉìÉOÅj,100,100,0,67.24,17.12,447519,0.6724,51,63,73,83,0Å`35,36Å`43,44Å`52,53Å`62,63Å`73,74Å`81,82Å`88,89Å`92,93Å`100
ì_êî,êlêî,î‰ó¶ÅiÅìÅj,,,,,,,,,,,,,,,,,,
ÇPíiäK,16281,3.638057,,,,,,,,,,,,,,,,,,
0,35,0.01,,,,,,,,,,,,,,,,,,
1,0,0,,,,,,,,,,,,,,,,,,
2,0,0,,,,,,,,,,,,,,,,,,
3,2,0,,,,,,,,,,,,,,,,,,
4,19,0,,,,,,,,,,,,,,,,,,
5,0,0,,,,,,,,,,,,,,,,,,
6,0,0,,,,,,,,,,,,,,,,,,
7,14,0,,,,,,,,,,,,,,,,,,
8,17,0,,,,,,,,,,,,,,,,,,
9,2,0,,,,,,,,,,,,,,,,,,
10,17,0,,,,,,,,,,,,,,,,,,
11,24,0.01,,,,,,,,,,,,,,,,,,
12,25,0.01,,,,,,,,,,,,,,,,,,
13,13,0,,,,,,,,,,,,,,,,,,
14,52,0.01,,,,,,,,,,,,,,,,,,
15,47,0.01,,,,,,,,,,,,,,,,,,
16,50,0.01,,,,,,,,,,,,,,,,,,
17,51,0.01,,,,,,,,,,,,,,,,,,
18,80,0.02,,,,,,,,,,,,,,,,,,
19,125,0.03,,,,,,,,,,,,,,,,,,
20,156,0.03,,,,,,,,,,,,,,,,,,
21,189,0.04,,,,,,,,,,,,,,,,,,
22,260,0.06,,,,,,,,,,,,,,,,,,
23,384,0.09,*,,,,,,,,,,,,,,,,,
24,412,0.09,*,,,,,,,,,,,,,,,,,
25,481,0.11,*,,,,,,,,,,,,,,,,,
26,630,0.14,*,,,,,,,,,,,,,,,,,
27,705,0.16,*,,,,,,,,,,,,,,,,,
28,830,0.19,*,,,,,,,,,,,,,,,,,
29,1001,0.22,*,,,,,,,,,,,,,,,,,
30,1303,0.29,**,,,,,,,,,,,,,,,,,
31,1439,0.32,**,,,,,,,,,,,,,,,,,
32,1532,0.34,**,,,,,,,,,,,,,,,,,
33,1821,0.41,**,,,,,,,,,,,,,,,,,
34,2194,0.49,***,,,,,,,,,,,,,,,,,
35,2371,0.53,***,,,,,,,,,,,,,,,,,
ÇQíiäK,28814,6.438609,,,,,,,,,,,,,,,,,,
36,2414,0.54,***,,,,,,,,,,,,,,,,,
37,2942,0.66,****,,,,,,,,,,,,,,,,,
38,3151,0.7,****,,,,,,,,,,,,,,,,,
39,3387,0.76,*****,,,,,,,,,,,,,,,,,
40,3669,0.82,*****,,,,,,,,,,,,,,,,,
41,4175,0.93,******,,,,,,,,,,,,,,,,,
42,4420,0.99,******,,,,,,,,,,,,,,,,,
43,4656,1.04,******,,,,,,,,,,,,,,,,,
ÇRíiäK,52321,11.691347,,,,,,,,,,,,,,,,,,
44,4730,1.06,******,,,,,,,,,,,,,,,,,
45,5230,1.17,*******,,,,,,,,,,,,,,,,,
46,5358,1.2,*******,,,,,,,,,,,,,,,,,
47,5576,1.25,*******,,,,,,,,,,,,,,,,,
48,5824,1.3,********,,,,,,,,,,,,,,,,,
49,6080,1.36,********,,,,,,,,,,,,,,,,,
50,6335,1.42,********,,,,,,,,,,,,,,,,,
51,6525,1.46,*********,,,,,,,,,,,,,,,,,
52,6663,1.49,*********,,,,,,,,,,,,,,,,,
ÇSíiäK,75486,16.867663,,,,,,,,,,,,,,,,,,
53,7047,1.57,*********,,,,,,,,,,,,,,,,,
54,7135,1.59,**********,,,,,,,,,,,,,,,,,
55,7232,1.62,**********,,,,,,,,,,,,,,,,,
56,7422,1.66,**********,,,,,,,,,,,,,,,,,
57,7698,1.72,**********,,,,,,,,,,,,,,,,,
58,7533,1.68,**********,,,,,,,,,,,,,,,,,
59,7497,1.68,**********,,,,,,,,,,,,,,,,,
60,7742,1.73,**********,,,,,,,,,,,,,,,,,
61,8316,1.86,***********,,,,,,,,,,,,,,,,,
62,7864,1.76,***********,,,,,,,,,,,,,,,,,
ÇTíiäK,94461,21.107707,,,,,,,,,,,,,,,,,,
63,8043,1.8,***********,,,,,,,,,,,,,,,,,
64,8698,1.94,************,,,,,,,,,,,,,,,,,
65,8542,1.91,***********,,,,,,,,,,,,,,,,,
66,8160,1.82,***********,,,,,,,,,,,,,,,,,
67,8419,1.88,***********,,,,,,,,,,,,,,,,,
68,9037,2.02,************,,,,,,,,,,,,,,,,,
69,8649,1.93,************,,,,,,,,,,,,,,,,,
70,8276,1.85,***********,,,,,,,,,,,,,,,,,
71,9029,2.02,************,,,,,,,,,,,,,,,,,
72,9283,2.07,************,,,,,,,,,,,,,,,,,
73,8325,1.86,***********,,,,,,,,,,,,,,,,,
ÇUíiäK,71646,16.009599,,,,,,,,,,,,,,,,,,
74,8724,1.95,************,,,,,,,,,,,,,,,,,
75,9832,2.2,*************,,,,,,,,,,,,,,,,,
76,9122,2.04,************,,,,,,,,,,,,,,,,,
77,8171,1.83,***********,,,,,,,,,,,,,,,,,
78,9494,2.12,*************,,,,,,,,,,,,,,,,,
79,9813,2.19,*************,,,,,,,,,,,,,,,,,
80,8162,1.82,***********,,,,,,,,,,,,,,,,,
81,8328,1.86,***********,,,,,,,,,,,,,,,,,
ÇVíiäK,58359,13.040563,,,,,,,,,,,,,,,,,,
82,10209,2.28,**************,,,,,,,,,,,,,,,,,
83,8790,1.96,************,,,,,,,,,,,,,,,,,
84,7199,1.61,**********,,,,,,,,,,,,,,,,,
85,8958,2,************,,,,,,,,,,,,,,,,,
86,9381,2.1,*************,,,,,,,,,,,,,,,,,
87,6622,1.48,*********,,,,,,,,,,,,,,,,,
88,7200,1.61,**********,,,,,,,,,,,,,,,,,
ÇWíiäK,27018,6.037285,,,,,,,,,,,,,,,,,,
89,8977,2.01,************,,,,,,,,,,,,,,,,,
90,6446,1.44,*********,,,,,,,,,,,,,,,,,
91,5008,1.12,*******,,,,,,,,,,,,,,,,,
92,6587,1.47,*********,,,,,,,,,,,,,,,,,
ÇXíiäK,23133,5.169166,,,,,,,,,,,,,,,,,,
93,5975,1.34,********,,,,,,,,,,,,,,,,,
94,3374,0.75,*****,,,,,,,,,,,,,,,,,
95,4012,0.9,*****,,,,,,,,,,,,,,,,,
96,3997,0.89,*****,,,,,,,,,,,,,,,,,
97,1291,0.29,**,,,,,,,,,,,,,,,,,
98,3078,0.69,****,,,,,,,,,,,,,,,,,
99,62,0.01,,,,,,,,,,,,,,,,,,
100,1344,0.3,**,,,,,,,,,,,,,,,,,
